id,name,birth_date,death_date,city
Q42,Douglas Adams,1952,2001,Cambridge | Cambridge | Cantabrigia | കേംബ്രിഡ്ജ് | Cambridge | Cambridge | كامبريدج | كامبريدج | Cambridge | Кембридж | Cambridge | Cambridge | Cambridge | Cambridge | کمبریج | Cambridge | Cambridge | Cambridge | Cambridge | Cambridge | Cambridge | ケンブリッジ | Cambridge | Cambridge | Cambridge | Cambridge | Cambridge | Кембридж | Cambridge | Cambridge | Кембриџ | เคมบริดจ์ | Cambridge | Кембридж | کیمبرج | Cambridge | Cambridge | Cambridge | 劍橋 | Cambridge | Cambridge | Cambridge | کمبریج، اونتاریو | Cambridge | Кембрыдж | Cambridge | Cambridge | Cambridge | Cambridge | Κέιμπριτζ | Cambridge | Cambridge | Kembriĝo | Cambridge | Cambridge | Cambridge | Cambridge | Cambridge | Cambridge | કેમ્બ્રિજ | קיימברידג' | कैम्ब्रिज | Cambridge | Քեմբրիջ | Cambridge | Cambridge | Cambridge | Cambridge | ಕೇಂಬ್ರಿಜ್ | 케임브리지 | Cambridge | Cambridge | Cambridge | Kembridžas | Kembridža | Cambridge | Cambridge | Cambridge | Cambridge | Cambridge | Cambridge | کیمبرج | Cambridge | Cambridge | Cambridge | Cambridge | Cambridge | Cambridge | කේම්බ්රිජ් | Cambridge | Cambridge | Cambridge | கேம்பிரிட்ஜ் | కేంబ్రిడ్జ్ | Cambridge | Cambridge | Cambridge | 剑桥 | 劍橋 | 劍橋 | Kembric | Кембрыдж | 剑桥 | کمبریج | Caergrawnt | קעמברידזש | ኬምብሪጅ | Grantanbrycg | কেমব্ৰিজ | Cambridge | Кеймбридж | ক্যামব্রিজ | Cambridge | Cambridge (kapital sa kondado sa Hiniusang Gingharian) | کامبریدج | Cambridge | Cambridge | Cambridge | Cambridge | Cambridge | Cambridge | Kiam-khiâu | Cambridge | Քեմպրիճ | Cambridge | კემბრიჯი | Kambriǧ | کیمبرِج | Kergront | Cambridge | Кембриџ | Кембриж | ꯀꯦꯝꯕ꯭ꯔꯤꯖ | केंब्रिज | Cambridge | ကိန်းဘရစ်ချ်မြို့ | Cambridge (Eng-lân) | क्याम्ब्रिज | Cambridge | ߞߊ߲ߓߙߌߖ | Кембридж | ਕੈਮਬ੍ਰਿਜ | Cambridge | Cambridge | Kėmbrėdžos | Cambridge | Cambridge | Cambridge | Cambridge | Cambridge | Cambridge | Kembrixh | Кембриҷ | Cambridge | ma tomo Kenpisi | Кембриҗ | Кембриҗ | Kambrij | Kembrij | Kembridž | 剑桥 | 劍橋 | Cambridge | 劍橋 | 剑桥 | 剑桥 | 劍橋
Q619,Nicolaus Copernicus,1473,1543,Toruń | Thorn | Toruń | Toruń | Toruń | Toruń | Toruń | Toruń | Toruń | Toruń | Toruń | Toruń | Toruń | Toruń | Toruń | Toruń | Toruń | Toruń | Toruń | Toruń | Toruń | Toruń | Toruń | Toruń | Toruń | Toruń | Toruń | Toruń | Toruń | Toruń | Toruń | Toruń | Toruń | Toruń | Toruń | Toruń | Toruń | Toruń | Toruń | Toruń | Toruń | Toruń | Toruń | Toruń | Toruń | Toruń | Toruń | Toruń | Toruń | Toruň | Thorn | تورون | تورون | Torun | トルン | Torun | Torun | Torun | 托伦 | 托倫 | ترونی | Торунь | Торунь | Торун | তোরান | Торунь | تۆرون | Torun | Torń | Τόρουν | Torún | ترونی | ટોરન | טורון | टोरून | Թորուն | ტორუნი | ಟೂರನ್ | 토룬 | Торунь | Thorunium | Torunė | Toruņa | Торунь | Торуњ | टूरन | Торунь | تورون | Торунь | ටොරුන් | Toruň | Torunj | Торуњ | Torůń | டொறுந் | టోరున్ | Торун | ตอรุญ | ma tomo Tolun | Торунь | Торунь | Торунь | تورینی | Torun' | 托伦 | ტორუნი | טויערן | 托倫 | 托伦
Q632,Jean Moulin,1899,1943,Béziers | Béziers | Béziers | Béziers | Béziers | Béziers | Béziers | Béziers | Béziers | Béziers | Béziers | Béziers | Béziers | Béziers | Béziers | Béziers | Béziers | Béziers | Béziers | Béziers | Béziers | Béziers | Béziers | Béziers | Béziers | Béziers | Béziers | Béziers | Béziers | Béziers | 貝濟耶 | 貝濟耶 | Béziers | Безье | Безьє | Besers | بيزييه | بيزييه | Béziers | بزیه | Безье | Безье | Безие | Béziers | বেজিয়ে | Besièrs | Besiers | Безье | Béziers | Béziers | Безье | Μπεζιέ | بزیه | Béziers | Béziers | Béziers | Béziers | בזייה | Բեզյե | Béziers | Béziers | ベジエ | Béziers | Béziers | Béziers | Безье | Béziers | 베지에 | Béziers | Baeterrae | Béziers | Béziers | Béziers | Béziers | Bezjė | Bēzjē | Béziers | Безје | بزیه | Béziers | Béziers | Béziers | Béziers | Besièrs | Béziers | Béziers | Μπεζιέ | Béziers | Béziers | Béziers | Béziers | Béziers | Bezjeri | Безје | Безје | Bezje | Béziers | Безье | Béziers | Béziers | Béziers | Béziers | Béziers | 贝济耶 | 貝濟耶 | 贝济耶 | 贝济耶 | 貝濟耶 | 贝济耶 | Бэзье | Béziers | Béziers | Béziers | Béziers | Béziers | Béziers | Béziers | Béziers | Béziers | Béziers | Béziers | Béziers | Béziers | Béziers | Béziers | Béziers | Béziers | Béziers | Béziers | Béziers | Béziers | Béziers | Béziers | Béziers
Q692,William Shakespeare,1564,1616,സ്ട്രേറ്റ്ഫോഡ് അപോൺ എയ്വൻ | ستراتفورد | استراتفورد | ستراتفورد | Стратфорд-Эйвоныл | Strætford on Wæringscīr | Stratford-apon-Eyvon | Стратфард-он-Эйван | Стратфорд на Ейвън | স্ট্রাটফোর্ড-আপন-অ্যাভন | Стратфорд-Эйвонехь | Stratford-apon-Eyvon | Stratford nad Avonou | Stratford-upon-Avon | Stratford-upon-Avon | Stratford-upon-Avon | Στράτφορντ-απόν-Έιβον | Stratford-upon-Avon | Stratford-upon-Avon | સ્ટ્રાટફોર્ડ-અપોન-એવોન | סטרטפורד על נהר אייבון | Ստրատֆորդ ըփոն Էյվոն | ストラトフォード＝アポン＝エイヴォン | ეივონის სტრატფორდი | ಸ್ಟ್ರಾಟ್ಫೋರ್ಡ್-ಆಪಾನ್-ಏವನ್ | 스트랫퍼드어폰에이번 | Stratfordia super Avonam | Stratfordas prie Eivono | Stretforda pie Eivonas | Стратфорд на Ејвон | Stratford-upon-Avon | စထရက်ဖို့အက်ပွန်းဧဗွန်မြို့ | ਸਟ੍ਰੈਟਫ਼ੋਰਡ-ਅਪੌਨ-ਏਵਨ | Стратфорд-апон-Эйвон | Стратфорд на Ејвону | Стратфорд на Ејвону | Stratford na Ejvonu | ஸ்ட்ராட்டபோர்ட-அபோன்-அவோன் | స్టార్ట్ ఫోర్డ్-అప్ ఆన్-ఏవన్ | Стратфорд-апон-Эйвон | สแตรตเฟิร์ด-อะพอน-เอวอน | ma Stratford-upon-Avon | Стратфорд-апон-Эйвон | Стратфорд-апон-Ейвон | اسٹراٹفورڈ آپون آؤون | 埃文河畔斯特拉特福 | 史特拉福 | 埃文河畔斯特拉特福 | 埃文河畔斯特拉特福 | 埃文河畔斯特拉特福 | 埃文河畔斯特拉特福 | 埃文河畔斯特拉特福 | 埃文河畔斯特拉特福 | 埃文河畔斯特拉特福
Q409,Bob Marley,1945,1981,Nine Mile | ناين مايل | Nine Mile | Найн Майл | Nine Mile | Nine Mile | Nine Mile | Nine Mile | Νάιν Μάιλ | Nine Mile | Nine Mile | Nine Mile | Nine Mile | Nine Mile | Nine Mile | Nine Mile | ניין מייל | Նայն Մայլ | Nine Mile | ナイン・マイル | Nain Mail | ნაინ მაილი | Nine Mile | Nine Miles | Nine Miles | Nine Mile | Nine Mile | Найн-Майл | Nine Mile | 九英里镇 | 九英里镇 | 九英里镇 | Nayn-Mayl
Q255,Ludwig van Beethoven,1770,1827,Bonn | Bonn | বন | Bonn | بون | Bonn | Bonn | Bonn | Bonn | 본 | Boni | Bona | בון | Bonn | Bona | Bonn | ボン | Bonn | Бонн | Бон | Бонн | Бонн | Бон | Бон | Бон | பான் | بون | Bonn | بون | Bonno | Bonn | Bonn | بن | Бонн | Bonna | 波恩 | Bonna | Bonn | Bonn | Bonn | Bonn | Bonn | Bonn | Bonn | Bonn | Bonn | Bonn | Bonn | Bonn | Bonn | Bonn | Bonn | Bonn | Bonn | Bonn | Bonn | Bonn | Bonn | Bonn | Bonn | Bonn | Bonn | Bonn | Bonn | Bonn | Bonn | Bonn | Bonn | Bonn | Bonn | Bonn | Bonn | Bonn | Bonn | Bonn | Bonn | Bonn | Bonn | Bonn | Bonn | Bonn | Bonn | Bonn | Bonn | Bonn | Bonn | Bonn | Bonn | Bonn | Bonn | Bonn | Bonn | Bonn | Bonn | Bonn | Bonn | Bonn | Bonn | Bonn | Bonn | Bonn | Bonn | Bonn | Bonn | Bonn | Bonn | Bonn | Bonn | Bonn | Bonn | Bonn | Bonn | Bonn | Bonn | Bonn | Bonn | Bonn | Bonn | Bonn | Bonn | Bonn | Bonn | Bonn | Bonn | Bonn | Bonn | Bonn | Bonn | Bonn | Bonn | Bonn | Bonn | Bonn | Bonn | Bonn | Bonn | 波恩 | Bonn | ബോൺ | ቦን | Bonceaster | بون (المانيا) | Бонн | བྷོ་ཨིན། | بۆن، ئەڵمانیا | Бонн | Βόννη | Bonn | بؤن | 𐌱𐌰𐌿𐌽𐌽 | બોન | बॉन | Բոնն | ბონი | Бонн | ಬಾನ್ನ್ | Бонн | Bonn | Бонн | Бон | Бонн | बॉन | बोन | Бонн | ਬੌਨ | بون | بون | Bonn | බොන | Бонн | Bonn | Bonn | Bonn | బొన్ | Бонн | บ็อน | Бонн | 波恩 | באן | 波恩 | 波恩 | 波昂
Q1340,Antonio Vivaldi,1678,1741,Venecia | Venezia | Venedig | ונציה | Benátky | Venise | Venedig | Venice | വെനീസ് | Venedig | ヴェネツィア | Venezia | Venezia | Venezia | Venezia | Venezia | Venezia | Venezia | Fenis | Venedig | Venedik | Venêzia | Venecio | Venécia | Venesia | Vènisa | Venedig | Vignesie | Feneesje | An Veinéis | Venésia | Ἐνετία | Venedig | Yn Veneesh | Vî-nì-sṳ̂ | Վենետիկ | Venetia | Venesia | Feneyjar | Venesia | Vinetsiya | Vinisya | Feeniizi | Venesia | 베네치아 | Benesya | Venedîk | Wênîs | Венеция | Венеция | Venetiae | Venedeg | Venies | Venessia | Unieja | Venèzia | ເວນີສ | 威尼斯 | भेनिस | Вэнэция | Венеций | Wēneti | Венец | ꯚꯦꯅꯤꯁ | व्हेनिस | Venezja | ဗင်းနစ်မြို့ | Венеция ош | ونیز | Venies | भेनिस | V'nise | Venècia | Венеци | ਵੈਨਿਸ | Venise | Venessia | وېنيس | Vnescha | Венеція | वेनिस | Венеция | Vinezzia | Venetsia | Benetke | Venetsia | Venetsia | Венеција | Vénésia | Wynecyjo | Wi-nis 威尼斯 | வெனிசு | Венетсия | Venetsiya | ma tomo Wenesija | Venedik | Венеция | Венеция | Wénitsiye | Venesiya | Venecii | Venetië | 威尼斯 | IVenice | ვენეცია | ווענעציע | Venetië | Venice | Venezia | Venezia | Venezia | Venezia | Venezia | Venezia | Venezia | Venezia | Venezia | Venezia | Venezia | Venezia | Venezia | Venezia | Venezia | Venezia | Venezia | Venezia | Venezia | Venezia | Veneza | Veneza | Benátky | Wenecja | Venetsia | Венеция | Venècia | Венеция | ვენეცია | Венеция | Венеция | Velence | Венеція | 威尼斯 | 威尼斯 | 威尼斯 | Venetië | Вэнэцыя | Venice | Venice | Venice | Venice | Venice | Venice | Veneetsia | Venecija | Venecija | Венецыя | Венеция | Венеци | Վենետիկ | Венеција | Venecija | Venesya | වැනීසිය | Venecia | เวนิส | 威尼斯 | Venecia | Venecia | Venecia | Βενετία | Venèsia | وینس | Venecia | Venis | Veneția | ونیز | Venēcija | ভেনিস | વેનિસ | वेनिस | ವೆನಿಸ್ | भेनिस | వెనిస్ | 威尼斯 | 威尼斯 | 威尼斯 | 威尼斯 | 威尼斯 | 威尼斯 | وینس | Уанаҿа | Venesië | ቬኒስ | Venetia | البندقية | ڤينيزيا | فينيسيا | Venesiya | ونیز | Vénesia | Venedig | ཝེ་ནེ་ཟི་ཡ། | Venecija | ڤێنیز | Venedik | Venedik | Wenecjô | Венеци
Q1511,Richard Wagner,1813,1883,Leipzig | Lipsk | Leipzig | Leipzig | Leypsiq | Лейпцыг | Ляйпцыг | Լայպցիգ | Лајпциг | Лейпциг | Leipzig | ላይፕጽግ | Leipzig | لايبزيغ | لايبتزج | Leipzig | لایپزیق | Лейпциг | Leipzig | Leipzig | Лайпциг | লাইপ্ৎসিশ | Leipzig | Leipzig | Leipzig | Лейпциг | Leipzig | لایپزیگ | Lipsia | Leyptsig | Leyptsig | Лейпциг | Leipzig | Leipzig | Leipzig | Leipzig | Leipzig | Lipsk | Λειψία | Leipzig | Leipzig | Leipzig | Leipzig | Leipzig | Leipzig | Leipzig | لایپزیگ | Leipzig | Leipzig | Leipzig | Leipzig | Leipzig | Leipzig | Leipzig | Leipzig | Leipzig | Leipzig | Leipzig | લેઇપઝિગ | Leipzig | Leipzig | Lipekika | לייפציג | लिपजिग | Leipzig | Lipsk | Լայփցիկ | Leipzig | Leipzig | Leipzig | Leipzig | Leipzig | ライプツィヒ | Leipzig | ლაიფციგი | Leipzig | Leipzig | Лейпциг | ಲೈಪ್ಜಿಗ್ | 라이프치히 | 라이프찌히 | Leipzig | Лейпциг | Lipsia | Leipzig | Leipzig | Leipzig | Leipzig | Leipzig | Lipsia | Leipcigas | Leipciga | 萊比錫 | Лэйпциг | Leipzig | Leipzig | Лайпциг | लाइपझिश | Leipzig | Leipzig | Lipsia | Leipzig | Leipzig | ലീപ്സിഗ് | Leipzig | Leipzig | Lipcse | Лейпциг | Lipsko | Lipsko | လိုက်ပဆစ်မြို့ | لایپتسیش | Leipzig | Leipzig | Lipsia | Leipzig | Leipzig | Leipzig | लेइपजिग | Leipzig | Leipzig | ߟߋߌߔߑߖ߭ߌߜ߭ | Leipzig | Leipzig | Лейпциг | ਲਾਈਪਸਿਸ਼ | Leipzig | Leipzig | Leipzig | Lipsia | لیپزش | Leipzig | Leipzig | Leipzig | Leipzig | Leipzig | Ліпско | Lipsia | Lipsia | Leipzig | ليپزگ | Leipzig | ලේයිප්සිග් | Leipzig | Lajpcigu | Лајпциг | Лајпциг | Leipzig | Leipzig | Leipzig | Lajpcik | லைப்சிக் | లేఇప్జిగ్ | Лейпзиг | ไลพ์ซิช | Leipzig | Leipzig | Лейпциг | Leipzig | Leipzig | Léypzig | لائپزش | Leipzig | Leipzig | Läipcig | Leipzig | Leipzig | Leipzig | Leipzig | Leipzig | Leipzig | 莱比锡 | ლაიფციგი | לייפציג | 萊比錫 | 莱比锡 | 莱比锡 | 莱比锡 | 萊比錫 | 萊比錫 | Leipzig
Q1512,Robert Louis Stevenson,1850,1894,Edimburgu | ادینبرو | Edinburgh | Edinburgh | Edinburgh | Edinburgh | Édimbourg | Edinburgh | Edinburc | Edinboarch | Dùn Èideann | Edimburgo | Endimbugo | એડિનબર્ગ | Doon Edin | Edinburgh | Oi-tên-páu | Ekinipāla | एडिनबरा | Edinburgh | Edinburgh | Edinbo | Edinburgh | Էդինբուրգ | Էտինպրա | Edimburgo | Edinburgh | Edinburgh | Edinburgh | Edinburgh | Edinborg | Edinburgh | ედინბურგი | Edinburg | Idinburg | Edinburgh | Эдинбург | Эдинбург | ಎಡಿನ್ಬರ್ಗ್ | 에든버러 | Эдинбург | ایڈِنبرگ | Edinburgh | Karedin | Эдинбург | Edimburgo | Edinburgh | Edinburgh | Edimburgo | Edimbùrgh | ເອແດມບວກ | Edinburgas | Edinburga | Эдинбург | Edinburgh | Эдинбург | Ētinipara | Единбург | Эдинбург | ꯏꯗꯤꯟꯕꯔꯒ | एडिनबरा | Edinburgh | Edinburgu | အက်ဒင်ဗာရာမြို့ | ادینبورگ | Edinburgh | Edinburgh | Edinburgh | Edinburgh | एदिनबरा | Edinburgh | Edimborg | Эдинбург | ਐਡਿਨਬਰਾ | Edimborgh | ایڈنبرا | ایدینبرګ | Edimburgo | Edinburgh | Edinburgh | Единбург | Edinburgh | Edinburgh | Edimburgu | Edinburgh | ايڊنبرا | Edinburgh | Edėnborgs | Edinburgh | එඩින්බරෝ | Edinburgh | Edinburg | Edinburgh | Edinburgh | Edinburgh | Edinburg | Edinburgh | Edinburgh | எடின்பரோ | ఎడిన్బర్గ్ | Edinburgh | Edimburgo | Edinburgh | എഡിൻബറോ | אדינבורו | Edynburg | Edinburgh | Эдинбург | Edinburgh | Dún Éideann | Edimburgum | Эдинбург | Единбург | Эдинбург | Edinburg | Edinburgh | 愛丁堡 | エディンバラ | Edimburgo | Edimburgo | Edinburgh | Edinburg | ኤዲንቦሮ | Edimburgo | Edinburg | إدنبرة | إدينبرا | ادنبره | Edimburgu | Edinburq | ادینبورق | Эдинбург | Edinburgh | Edinburg | Эдынбург | Эдынбург | Èdinbereh | Единбург | एडिनबर्ग | এডিনবরা | Dinedin | Edinburgh | Edimburg | Edinburgh (kapital sa apil sa nasod) | ئێدینبەرە | Edimburgu | Edinburg | Edinburg | Эдинбург | Caeredin | Edinburgh | Edinburgh | Edinburgh | Εδιμβούργο | Edinbûrg | Edinburgh | Edinburgo | Edinburgh | Edinburgo | Эдинбург | เอดินบะระ | Edinburg | Edinburgh | Edinburq | ma tomo Esin | Edinburgh | Эдинбург | Edinburgh | Эдинбург | Idinburg | Единбург | ایڈنبرا | Ebora | Edinburg | Edinburgh | Edinburgh | Edinburgh | Edinburgh | 爱丁堡 | ედინბურგი | עדינבורג | 愛丁堡 | ⵉⴷⵉⵏⴱⵓⵔⴳ | 爱丁堡 | 爱丁堡 | 愛丁堡 | 愛丁堡 | 愛丁堡
Q1217,Hubert Salentin,1822,1910,Zülpich | Zülpich | Zülpich | Zülpich | Zülpich | Zülpich | Zülpich | Zülpich | 曲尔皮希 | Zülpich | Zülpich | Zülpich | Zülpich | Цюльпих | Zülpich | Zülpich | تسولبيش | تسولبيش | Zülpich | Zülpich | Цюльпіх | Цюлпих | Zülpich | Zülpich | Цуьльпих | Zulpich | Zülpich | Zülpich | Zülpich | Zülpich | Zülpich | Zülpich | Zülpich | Zülpich | Zülpich | Zülpich | Zülpich | Zülpich | Zülpich | Zülpich | Zülpich | تسولپیش | Zülpich | Zülpich | Zülpich | Zülpich | Zülpich | Zülpich | Zülpich | Zülpich | Zülpich | Zülpich | Zülpich | Zülpich | Zülpich | Zülpich | Zülpich | ツュルピヒ | Zülpich | Цюльпих | Zülpich | Цюльпих | Tulpiacum | Zülpich | Zülpich | Zülpich | Zülpich | Цюльпих | Zülpich | Zülpich | Цилпих | Zülpich | Zülpich | Zülpich | Zülpich | Zülpich | Zülpich | Zülpich | Zülpich | Zülpich | Zülpich | Zülpich | Zülpich | Zülpich | Zülpich | Zülpich | Zülpich | Zülpich | Zülpich | Zülpich | Zülpich | Zülpich | Цилпих | Zülpich | Zülpich | Zülpich | Цюльпих | Zülpich | Цюльпіх
Q927,Harry Mulisch,1927,2010,Haarlem | هارلم | هارلم | هارلم | הארלם | Харлем | Гарлем | 哈勒姆 | Haarlem | Haarlem | Haarlem | Haarlem | Haarlem | Haarlem | Haarlem | Haarlem | Haarlem | Haarlem | Haarlem | Haarlem | Haarlem | Haarlem | Haarlem | Haarlem | Haarlem | Haarlem | Haarlem | Haarlem | Haarlem | Haarlem | Haarlem | Haarlem | Haarlem | Haarlem | Haarlem | Haarlem | Haarlem | Haarlem | Haarlem | Haarlem | Haarlem | Haarlem | Haarlem | Haarlem | Haarlem | Haarlem | Haarlem | Haarlem | Haarlem | Haarlem | Haarlem | Haarlem | Haarlem | 哈倫 | Harlem | Харлем | Harlemo | Harlemas | Hārlema | ہارلم | Garlem | Haarlem | ܗܐܪܠܡ | Харлем | Харлем | Haarlem | هارليم | Haarlem | Гаарлем | হারলেম | Gemeente Haarlem | Χάαρλεμ | Haarlem | Haarlem | Haarlim | હાર્લેમ | Haarlem | हार्लेम | Հաառլեմ | ハールレム | Haarlem | ჰაარლემი | ಹಾರ್ಲೆಮ್ | 하를럼 | Haarlem | Харлем | Harlemum | Haarlem | Haarlem | Haarlem | Харлем | Хаарлем | हार्लेम | Haarlem | Haarlem | Haorlem | हार्लम | Харлем | هارلم (هالنډ) | Haarlem | Haarlem | හාර්ලෙම් | Haarlem | Haarlem | Haarlem | Haarlem | ஹார்லெம் | హార్లీమ్ | ฮาร์เลม | Һарлем | ہارلیم | Haarlem | 哈勒姆 | 哈林 (荷蘭) | Haarlem | 哈勒姆 | 哈勒姆
Q1403,Luigi Pirandello,1867,1936,Agrigento | Агридженто | Agrigento | Agrigento | Agrigent | Agrigento | Agrigento | Agrigento | Agrigento | Агридженто | अग्रिजेन्तो | Girgenti | Agrigento | Agrigento | ඇග්රිජෙන්ටෝ | Agrigento | Агриђенто | Agrigento | Agrigento | அக்ரிகெண்டோ | అగ్రిజెంటో | อากรีเจนโต | Agrigento | Agrigento | Агриҗенто | Agrigento | Аґрідженто | ایگریجینتو | Agrigento | Agrixento | Agridžento | Agrigento | Agrigento | Agrigento | Agrigento | 阿格里真托 | აგრიჯენტო | 阿格里真圖 | 阿格里真托 | 阿格里真托 | 阿格里真托 | Agrigento | അഗ്രിജന്തോ | Agrigento | Agrigento | جِرْجَنْت | اجريجنتو | Agrigento | Agrigento | Aqricento | Агрыджэнта | Агридженто | এগ্রিজেনেটু | Agrigento | Agrigent | Агридженто | Agrigento | Agrigentu | Agrigento | Agrigento | Agrigento | Agrigent | Agrigent | Agrigento | Αγκριτζέντο | Agrigento | Agrigento | Agrigento | Agriĝento | Agrigento | Agrigento | Agrigento | آگریجنتو | Agrigento | Agrigente | Agrigent | Agrigento | Agrigento | Agrigento | એગ્રીજેંટો | אגריג'נטו | एग्रीजेंटो | Agrigento | Agrigento | Ագրիջենդո | Ակրիճենթօ | Agrigento | Agrigento | Agrigento | アグリジェント | აგრიჯენტო | Агридженто | ಅಗ್ರಿಜೆಂಟೋ | 아그리젠토 | Agrigento | Agrigento | Agrigentum | Agrigento | Agrigento | Agrigento | Agrigento | Agridžentas | Agridžento | Агриджэнто | Агриџенто | एग्रीजेंटो | Agrigento | Agrigento | Agrigento | Агридженто | Agrigento | Agrigento | Agrigento | Agrigento
Q1470,M. C. Escher,1898,1972,Leeuwarden | Leeuwarden | Leeuwarden | Leeuwarden | Leeuwarden | Leeuwarden | Leeuwarden | Leeuwarden | Leeuwarden | Leeuwarden | Leeuwarden | Leeuwarden | Leeuwarden | Leeuwarden | Leeuwarden | Leeuwarden | Leeuwarden | Leeuwarden | Leeuwarden | Leeuwarden | Leeuwarden | Leeuwarden | Leeuwarden | Leeuwarden | Leeuwarden | Leeuwarden | Leeuwarden | Leeuwarden | Leeuwarden | Leeuwarden | Leeuwarden | Leeuwarden | Leeuwarden | Leeuwarden | Leeuwarden | Leeuwarden | Leeuwarden | Leeuwarden | Leeuwarden | Leeuwarden | Leeuwarden | Leeuwarden | Leeuwarden | Leeuwarden | Leeuwarden | Leeuwarden | Leeuwarden | Leeuwarden | Leeuwarden | Leeuwarden | Leeuwarden | Leeuwarden | Leeuwarden | Leeuwarden | Leeuwarden | Leeuwarden | Leeuwarden | Leeuwarden | Leeuwarden | Leeuwarden | Ljouwert | Liwwadden | ليوواردن | Ljouwert | Լեուվարդեն | Леуварден | Ljouwert | Леуварден | Ljouwert | ليوردن | ليوواردن | Leyvarden | Леўвардэн | Леўвардэн | Леуварден | লিবার্ডেন | Λέουαρντεν | لیوواردن | Ljouwert | Ljouwert | લીઉવાર્ડન | Ljouwert | לייוורדן | लीऊवार्डन | レーワルデン | ლეუვარდენი | ಲೀಯುವರ್ಡೆನ್ | 레이우아르던 | Leovardia | Leuvardenas | Leuvardena | Леуварден | लीयुवार्डेन | Liwwadden | Ljouwert | Леуварден | لیوواردن | Ljouwert | ලීවුවෝර්ඩ්න් | Леуварден | லியூவார்டன் | లీయువార్డెన్ | เลวาร์เดิน | Леуварден | لییوواردین | 吕伐登 | 呂戈登 | 吕伐登 | 利瓦頓 | لیوورت
Q892,J. R. R. Tolkien,1892,1973,ബ്ലൂംഫൌണ്ടെയിൻ | Bloemfontein | Bloemfontein | Bloemfontein | Bloemfontein | Bloemfontein | Блумфонтейн | Блумфонтеин | ብሉምፎንቴይን | بلومفونتين | بلومفونطين | بلومفونتين | Bloemfontein | Blumfonteyn | بلومفونتن | Bloemfontein | Блумфантэйн | Блюмфантэйн | Блумфонтейн | ব্লুমফন্টেইন | Bloemfontein | Bloemfontein | Bloemfontein | Bloemfontein | Блумфонтейн | Bloemfontein (kapital sa lalawigan sa Habagatang Aprika) | بلوومفۆنتەین | Bloemfontein | Bloemfontein | Bloemfontein | Bloemfontein | Μπλουμφοντέιν | Bloemfontein | Bloemfontein | Bloemfontein | Bloemfontein | Bloemfontein | Bloemfontein | بلومفونتن | Bloemfontein | Bloemfontein | Bloemfontein | Bloemfontein | Bloemfontein | Bloemfontein | Bloemfontein | Bloemfontein | Bloemfontein | Bloemfontein | Bloemfontein | બ્લોમફોન્ટેન | Bloemfontein | Bloemfontein | בלומפונטיין | ब्लूमफ़ोनटेन | Bloemfontein | Bloemfontein | Բլումֆոնտեյն | Bloemfontein | Bloemfontein | Bloemfontein | Bloemfontein | Bloemfontein | ブルームフォンテーン | Bloemfontein | ბლუმფონტეინი | Bloemfontein | Блумфонтейн | ಬ್ಲಾಎಂಫಾಂಟೆನ್ | 블룸폰테인 | Bloemfontein | Bloemfontein | Bloemfontein | Bloemfontein | Blumfonteinas | Blumfonteina | Bloemfontein | Bloemfontein | Блумфонтейн | Pūrumiwhōniniti | Блумфонтејн | ब्लूमफाँटेन | Bloemfontein | بلومفونتن | Bloemfontein | Bloemfontein | Bloemfontein | Bloemfontein | Bloemfontein | Blumfonteyn | Bloemfontein | Chxǫǫh Biiʼ Tóháálį́ | Bloemfontein | Bloemfontein | Блумфонтейн | ਬਲੂਮਫੋਂਟੈਨ | Bloemfontein | Bloemfontein | Bloemfontein | بلوئمفونٹین | Bloemfontein | Bloemfontein | Bloemfontein | Bloemfontein | Bloemfontein | بلومفونٽين | Bloemfontein | Bloemfontein | බ්ලොම්ෆොන්ටීන් | Блумфонтейн | Bloemfontein | Bloemfontein | Bloemfontein | Bloemfontein | Bloemfontein | Bloemfontein | Bloemfontein | Bloemfontein | Bloemfontein | Bloemfontein | Bloemfontein | Блумфонтејн | Mangaung | Bloemfontein | Bloemfontein | புளும்பொன்டின் | బ్లామ్ ఫాంటేయిన్ | Блумфонтейн | บลูมฟอนเทน | Bloemfontein | Bloemfontein | ma tomo Punponten | Bloemfontein | Блумфонтейн | بلومفونٹین | Bloemfontein | Bloemfontein | Bloemfontein | Bloemfontein | Bloemfontein | 布隆方丹 | EBloemfontein | ბლუმფონტეინი | בלומפאנטיין | Bloemfontein | 布隆方丹 | Bloemfontein | 布隆方丹 | 布隆方丹 | 布隆方丹 | 布隆方丹 | IBloemfontein
Q1589,Luigi Galvani,1737,1798,Bologna | Bononia | Bologna | בולוניה | Bolonha | Bologne | Bologna | Bolonha | ボローニャ | Bologna | Bologna | Bologna | Bologna | Bologna | Bologna | Bologna | Bologna | Bologna | Bologna | Bologna | Bologna | Μπολόνια | Bologna | Bologna | Bologna | Bologna | Bologna | Bologna | Bologna | Bologna | Bologna | Bologna | Bologna | Bologna | Bologna | Bologna | Bologna | Bologna | Bologna | Bologna | Bologna | Bologna | Bologna | Bologna | Bologna | Bologna | Bologna | Bologna | Bologna | Bologna | Bologna | Bologna | Bologna | Bologna | Болонья | Bologna | Bologna | Bologna | Bologna | Bologna | Bologna | Bologna | Bologna | Bologna | Bologna | Bologna | Bologna | Bologna | Bologna | Bologna | Bologna | Bologna | Bologna | Bologna | Bologna | Bologna | Балоння | Балёньня | Болоня | Bolonia | Болоња | Болонья | Болоња | Bolonija | Boloņa | โบโลญญา | Болонья | ቦሎኛ | Bolonia | بولونيا | بولونيا | Boloña | Boloniya | بولونیا | বোলোনিয়া | Bolonya | Болонья | Bolonia | بۆلۆنیا | Bulogna | Болонья | Bolonya | Bulåggna | Bolonjo | Bolonia | Boloña | بولونیا | Bologne | Boloña | Mbolóña | બોલોગ્ના | बोलोना | Բոլոնիա | Պոլոնիա | Bolonia | ბოლონია | Болонья | Болонья | ಬೊಲೋನಾ | 볼로냐 | Bolonya | Болонья | Болонья шаары | Bologna | Poronga | बोलोन्या | Bolonja | ဘိုလိုညာ | بولونیا | Bolonha | Болонья | Bolonne | Bolonia | Bològna | بولونا | Bologne | Болонья | बोलोन्या | Bulogna | බොලොග්නා | Bologna | Bologna | Bolonja | பொலோஞா | బోలోన్య | Болоня | Болоня | Болонья | بلونیا | Bolonya | Bułogna | 博洛尼亚 | ბოლონია | 博洛尼亞 | 博洛尼亞 | 博洛尼亚 | 博洛尼亚 | 波隆那 | 博洛尼亞 | 波隆那
Q2737,Louis de Funès,1914,1983,Курбевуа | Курбевуа | کوغبیوا | Courbevoie | Courbevoie | Courbevoie | Courbevoie | Courbevoie | Courbevoie | Courbevoie | Courbevoie | 库尔伯瓦 | 古布華 | 库尔伯瓦 | 库尔伯瓦 | 库尔伯瓦 | 庫爾伯瓦 | 庫爾布瓦 | 库尔伯瓦 | 庫爾伯瓦 | Courbevoie | কুর্বভোয়া | Courbevoie | Courbevoie | КугӀбевуа | Courbevoie | Courbevoie | Courbevoie | Курбевуа | Courbevoie | Courbevoie | Courbevoie | Courbevoie | Courbevoie | Κουρμπεβουά | Courbevoie | Courbevoie | Courbevoie | Courbevoie | Courbevoie | Courbevoie | Courbevoie | کوربوآ | Courbevoie | Courbevoie | Courbevoie | Courbevoie | Courbevoie | Courbevoie | Courbevoie | Courbevoie | Courbevoie | Courbevoie | קורבוואה | Courbevoie | Courbevoie | Կուրբևուա | Courbevoie | Courbevoie | Courbevoie | Courbevoie | Courbevoie | Courbevoie | Courbevoie | クールブヴォア | Courbevoie | კურბევუა | Courbevoie | Courbevoie | Курбевуа | Courbevoie | 쿠르브부아 | Curbavia | Courbevoie | Courbevoie | Courbevoie | Courbevoie | Courbevoie | Kurbevuā | Курбэвуа | Courbevoie | Courbevoie | Курбевоа | Courbevoie | Courbevoie | کوربوآ | Courbevoie | Courbevoie | Courbevoie | Courbevoie | Courbevoie | Courbevoie | Courbevoie | Courbevoie | Courbevoie | Курбевуа | Courbevoie | Courbevoie | Courbevoie | Courbevoie | کوربیوۓ | Courbevoie | Courbevoie | Courbevoie | Courbevoie | Courbevoie | Courbevoie | Курбевуа | Courbevoie | Courbevoie | Courbevoie | Courbevoie | Courbevoie | Courbevoie | Courbevoie | Курбвоа | Courbevoie | Courbevoie | Courbevoie | Courbevoie | Courbevoie | Courbevoie | Courbevoie | Courbevoie | Courbevoie | كوربفوا | كوربفوا | Courbevoie | Kurbevua | کوربوآ | Courbevoie | Курбевуа | Курбьовоа | Courbevoie
Q2655,John Franklin,1786,1847,斯皮爾斯比 | Spilsby | Spilsby | Spilsbi | اسپیلسبی | Spilsby | Spilsby | Spilsby | Spilsby | Spilsby | Spilsby | اسپیلسبی | Spilsby | Spilsby | ספילסבי | Spilsby | Spilsby | スピルズビー | Spilsby | Spilsby | Spilsby | Spilsby | Spilsby | Spilsby | Spilsby | Spilsby | Spilsby | Spilsby | 斯皮尔斯比 | 斯皮尔斯比
Q2566,Isaac Brock,1769,1812,Saint Peter Port | Saint Peter Port | Saint Pierre Port | Sanct Petrusport | سان بيتر بورت | Puertu San Pedru (Saint-Pierre-Port) | Sent Piter Port | Сент-Пітэр-Порт | Сейнт Питър порт | Saint Pierre Port | Saint Peter Port | Saint Peter Port | Saint Peter Port | St Peter Port | Saint Peter Port | Saint Peter Port | St. Peter Port | Σεντ Πίτερ Πορτ | Saint Peter Port | Saint Peter Port | Sanktapetrurbo | Saint Peter Port | Saint Peter Port | سن پتر پورت | Saint Peter Port | Saint-Pierre-Port | Saint Peter Port | Saint Peter Port | St. Peter Port | Saint Peter Port | סנט פיטר פורט | सेंट पीटर पोर्ट | St. Peter Port | Saint Peter Port | Saint Peter Port | Saint Peter Port | St Peter Port | Saint Peter Port | Saint Peter Port | セント・ピーター・ポート | სენტ-პიტერ-პორტი | Сент-Питер-Порт | 세인트피터포트 | Saint Peter Port | Saint Peter Port | Saint Peter Port | سأن پئتئر پورت | Sent Piter Portas | Sentpīterporta | St Peter Port | Сент Питер Порт | سنت پتر پورت | Saint Peter Port | Saint Peter Port | Saint Peter Port | St. Peter Port | St Peter Port | Saint Pierre Port | Сент-Питер-Порт | Saint Peter Port | Saint Peter Port | Saint Peter Port | Сент-Питер-Порт | Saint Peter Port | Saint Peter Port | Saint Peter Port | Сент Питер Порт | Сент Питер Порт | Sent Piter Port | St. Peter Port | Senpite minatu | சென். பீட்டர் போர்ட் | เซนต์ปีเตอร์พอร์ต | Saint Peter Port | Сент-Питер-Порт | Сент-Пітер-Порт | سینٹ پیٹر پورٹ | Saint Peter Port | St. Peter Port | 圣彼得港 | 圣彼得港 | 圣彼得港 | 圣彼得港 | 聖彼得港 | 聖彼得港 | 圣彼得港 | 聖彼得港
Q3335,George Orwell,1903,1950,Motihari | 莫蒂哈里 | 莫蒂哈里 | 莫蒂哈里 | 莫蒂哈里 | Motihari | Motihari | Motihari | मोतिहारी | موتيهاري | Motihari | Motihari | Матыхарі | Матыгары | Мотихари | मोतिहारी | মোতিহারী | মতহারি | Motihari | Motīhāri | Motihari | Motihari | Μοτιχάρι | Motihari | Motihari | Motihari | موتهاری | Motihari | Motihari | Motihari | મોતિહારી | מוטיהרי | मोतिहारी | Motihari | Մոթիհարի | Motihari | モティハリ | მოტიჰარი | Motihari | Мотихари | मोतीहारी | Motihari | Motihari | मोतिहारी | मोतिहारी | Motihari | ମୋତିହାରି | Мотихари | Motihari | Motihari | Motihari | Мотихари | मोतिहारी | ᱢᱚᱛᱤᱦᱟᱨᱤ | Motihari | Motihari | மோதிஹாரி | మోతీహారి | Мутиҳорӣ | Motihari | Мотіхарі | موتیہاری
Q4223,Julian McMahon,1968,2025,Sydney | Sydney | Sydney | Sydney | Sydney | Sydney | Sydney | Sydney | Sydney | Sydney | Sydney | Sydney | Sydney | Sydney | Sydney | Sydney | Sydney | Sydney | Sydney | Sydney | Sydney | Sydney | Sydney | Sydney | Sydney | Sydney | Sydney | Sydney | Sydney | Sydney | Sydney | Sydney | Sydney | Sydney | Sydney | Sydney | Sydney | سيدنى | Сидней | Сидней | Сидней | سڈنی | Сидней | Сидней | ซิดนีย์ | سیدنی | 雪梨 | Сиднеи | Сидней | ሲድኒ | ܣܝܕܢܝ | سيدني | ছিডনী | Sidni | سیدنی | Сидней | Sidni | Sidni | सिडनी | সিডনি | སིད་ནེ། | Сидней | Sidni | ᏏᎢdᏂᎢ | سیدنی | ᓯᑎᓂ | Sidney | Сидней | Thidni | Σίδνεϊ | Sidnejo | Serene | Sydney (Steed) | Sidnè | Sínei | Sydney | સીડની | Kikinē | सिडनी | Sidnè | Սիդնեյ | Սիտնի | Сидней | ᓯᑦᓂ | Sidni | სიდნეი | Sidinee | Si̱dni | ស៊ីដនីយ៏ | ಸಿಡ್ನಿ | 시드니 | 씨드니 | Sîdney | Sydneium | Сидней | Sidnėjus | Sidneja | सिडनी | सिड्नी | Сыднэй | Sydney | Sydney | സിഡ്നി | סידני | Sydney | Sydney | Sídney | Sydney | سيدني | シドニー | Сидни | Sydney | Sydney | Sydney | Sydney | Sydney | 悉尼 | 悉尼 | 悉尼 | 雪梨 | Сідней | Сидней | Sidney | Sydney | Sydney | Sydney | Sydney | Sidney | Sidney | Sidney | Sidney | Sidney | Sidney | Сыднэй | سیدنی | Сідней | Сидней | Сидней | Sini | Sydney | Sydney | Sydney | Sydney | Sydney | سيدني | Sydney | Sydney | Sydney | Sydney | Sydney | Sydney | Sydney | Sydney | Sydney | Sydney | Sydney | Sydney | Sydney | Sydney | Sydney | Sydney | Sydney | Sydney | Sydney | Sydney | Sydney | Sydney | Sydney | Sydney | Sydney | Sydney | Sydney | Sydney | Sydney | Sydney | Sydney | Sydney | Sydney | Sydney | Sydney | Sydney | Sydney | Sydney | Sydney | Sydney | Sydney | Sydney | Sydney | Sydney | Sydney | Sydney | Sydney | Sydney | Sydney | Sydney | Sydney | Sydney | Sydney | Sydney | Sydney | Сидней | Poihākena | Сиднеј | Сидней | सिडनी | ဆစ်ဒနီမြို့ | Сидней ош | सिड्नी | सिद्नी | Siidnii | Сидней | ਸਿਡਨੀ | Sidni | Sidni | سڈنی | سیدنی | Сідні | सिड्नि | Сидней | ᱥᱤᱰᱱᱤ | سڊني | Sėdniejos | සිඩ්නි | Sydney | Sydney | Сиднеј | ꠍꠤꠒꠘꠤ ꠘꠉꠞ | சிட்னி | సిడ్నీ | Sidni | Сидней | Sidneý | Sidnej | Senē | Sidni | Сидней | Sidnéy | Sidnei | 悉尼 | Sidni | სიდნეი | סידני | 雪梨 (澳洲) | 悉尼 | སིཌི་ནི
Q2998,Amy Johnson,1903,1941,ჰალი | Kingston upon Hull | Cyningestun on Hull | كينغستون أبون هال | كينجستون ابون هال | Kingston upon Hull | Kinqston-apon-Hall | کینقستون آپون هال | Кінгстан-апан-Хал | Кінгстан-апон-Гал | Кингстън ъпон Хъл | কিংস্টন আপন হাল | Kingston upon Hull | Kingston upon Hull | Hull (kapital sa kondado) | Kingston upon Hull | Kingston upon Hull | Kingston upon Hull | Kingston upon Hull | Kingston upon Hull | Κίνγκστον απόν Χαλ | Kingston upon Hull | Kingston upon Hull | Kingston upon Hull | Kingston upon Hull | Kingston upon Hull | کینگستن هال | Kingston upon Hull | Kingston-upon-Hull | Kingston upon Hull | Kingston upon Hull | Kingston upon Hull | કિંગ્સટન અપોન હલ | האל | किंग्स्टन अपॉन हुल | Kingston na Hullu | Kingston upon Hull | Հալ | Kingston upon Hull | Kingston upon Hull | Kingston upon Hull | キングストン・アポン・ハル | ಕಿಂಗ್ಸ್ಟನ್ ಅಪಾನ ಹಾಲ್ | 킹스턴어폰헐 | Kingston upon Hull | Кингстон-Апон-Халл | Kingstonium ad Hullum | Kingston-upon-Hull | Kingston upon Hull | Kingstonas prie Halo | Kingstona pie Hallas | Кингстон-апон-Галл | Кингстон на Хал | ꯀꯤꯡꯁ꯭ꯇꯣꯟ ꯑꯄꯣꯟ ꯍꯨꯜ | किंग्सस्टॅन अपॉन हल | Kingston upon Hull | کینگستن هال | Kingston upon Hull | Kingston upon Hull | Kingston upon Hull | Kingston upon Hull | Кингстон-апон-Халл | Kingston upon Hull | Kingston upon Hull | کنگسٹن | Kingston upon Hull | Kingston upon Hull | Kingston upon Hull | Кингстон-апон-Халл | Kingston upon Hull | Kingston upon Hull | කිංග්ස්ටන් අපොන් හිල් | Kingston upon Hull | Kingston upon Hull | Кингстон на Халу | Кингстон на Халу | Kingston na Halu | Kingston upon Hull | Kingston upon Hull | Kingston upon Hull | கிங்ஸ்டன் அபான் ஹில் | కింగ్స్టన్ అపాన్ హల్ | คิงส์ตันอะพอนฮัลล์ | Kingston upon Hull | Kingston upon Hull | Киңстон-апон-Һалл | Кінґстон-апон-Галл | کنگسٹن اپون ہل | Kingston trên sông Hull | Kingston upon Hull | Kingston upon Hull | 赫尔河畔金斯顿 | קינגסטאן אויף האל | 侯城 | 赫爾河畔京士頓 | 赫尔河畔金斯顿 | 赫尔河畔金斯顿 | 赫爾河畔京斯頓 | 侯城 | 赫尔河畔金斯顿 | 赫爾河畔京斯頓
Q4616,Marilyn Monroe,1926,1962,لوس أنجلوس | Los Angeles | Los Angeles | لس آنجلس | Los Angeles | Los Angeles | Лос-Анджелес | Los Angeles | Los Angeles | Los Angeles | لاس اینجلس | Ahééháshį́į́h | Los Angeles | Лос-Анџелес | لوس انجلس | Los Angeles | ሎስ አንጄሌስ | Lōsandgelis | لوس أنجلوس | لوس انجليس | লচ এঞ্জেলচ | Los Angeles | Los-Anceles | لوسآنجلس | Лос-Анджелес | Los Angeles | Los Angeles | Los Angeles | लॉस एंजेलिस | Los Angeles | Los Angeles | লস অ্যাঞ্জেলেস | Los Angeles | Лос-Анджелес | Los Angeles | Lŏk-săng-gĭ | Los Angeles | لۆس ئانجلەس | Los Angeles | Los Anceles | Los Anceles | Лос-Анджелес | Los Angeles | Los Angeles | Los Angeles | Los Angeles | लस एन्जलस | Los Angeles | Los Angeles | Los Angeles | Los Ángeles | Losi Enijilisi | Los Angeles | Los Angeles | Los Angeles | Los Angeles | 洛杉磯 | Los Angeles | لؤس آنجلس | 𐌻𐌰𐌿𐍃 𐌴𐌽𐌳𐌶𐌾𐌰𐌹𐌻𐌰𐌹𐍃 | લોસ એન્જેલસ | Los Angeles | Los Angeles | Los Angeles | Los Angeles | लॉस एंजेलिस | Los Angeles | Los Angeles | Լոս Անջելես | Լոս Անճելըս | Los Angeles | Los Angeles | Los Angeles | Los Angeles | Los Angeles | Лос-Анджелес | Los Angeles | Los Angeles | Las Anjiliiz | Los Angeles | ლოს-ანჯელესი | Los-Andjeles | Los Angeles | Lɔsɩ Anzelɛsɩ | Los Angeles | Los Angeles | Лос Анжелес | Лос-Анджелес | ឡូសអាន់ជ័រលេស | ಲಾಸ್ ಎಂಜಲೀಸ್ | Los Angeles | 로스앤젤레스 | لاس ایٚنٛجلِس | Los Angeles | Los Angeles | Лос-Анжелес шаары | Los Angeles | Лос-Анджелес | Los Angeles | Los Angeles | Los Angeles | ലോസ് ആഞ്ചെലെസ് | Los Angeles | Los Angeles | Los Angeles | Лос-Анджэлес | Лос Анджелис | Лос-Анджелес | Los Ángeles | לוס אנג'לס | Los Angeles | Los Angeles | Лос Анджэлэс | Лос Анџелес | Лос-Анджелес | Лос-Анджелес | Лос Анђелес | Лос-Анджелес | Los Angeles | Los Angeles | Los Angeles | Los Angeles | Los Angeles | Los Angeles | Los Angeles | Los Angeles | Los Angeles | Los Angeles | Los Angeles | Los Angeles | Los Angeles | Los Angeles | Los Angeles | Los Angeles | Los Angeles | Los Angeles | Os Ánxeles | Angelopolis | Los Angeles | Los Angeles | 洛杉矶 | Λος Άντζελες | Los-Anĝeleso | Los Ángeles | Los Anjeles | Losandželosa | לאס אנדזשעלעס | Лос-Анджэлес | ロサンゼルス | Los Angeles | Los Angeles | Los Angeles | Los Angeles | Los Andželas | 洛杉磯 | लस एन्जलस | Los Angeles | Лос-Анджелес | Ngā Ānahera | Los Angeles | Лос-Анжелес | Лос Анӂелес | लॉस एंजेल्स | Лос-Анджелес | Los Angeles | Los Angeles | Los Angeles | လော့စ်အိန်ဂျယ်လိစ်မြို့ | Лос-Анджелес | لس آنجلس | Lo̍k-sam-ki | Los Angeles | लस एन्जलस | लस एञ्जेल्स | Los Angeles | Los Angeles | Los Angeles | ଲସ ଏଞ୍ଜେଲ୍ସ | ਲਾਸ ਐਂਜਲਸ | Los Angeles | Los Angeles | Los Angeles | Los Angeles | Los Angeles | Los Angeles | لاس اینجلس | لاس انجلس | Los Angeles | Los Angeles | Los Angeles | Los Angeles | Los Angeles | Лос Анджелес | Los Angeles | लास एंजलस | Лос Андьелес | ᱞᱚᱥ ᱮᱧᱡᱮᱞᱥ | Los Angeles | Los Àngeles | Los Angeles | لاس اينجلس | Los Angeles | Luos Andžels | ලොස් ඇන්ජලීස් | Los Angeles | Los Angeles | Los Axhelos | Los Angeles | Los Angeles | Los Angeles | Los Angeles | Los Angeles | லாஸ் ஏஞ்சலஸ் | లాస్ ఏంజలెస్ | Лос Анҷелес | Лос Анҷелес | ลอสแอนเจลิส | Los-Anjeles | Los Angeles | Los Ančeles | ma tomo Ele | Лос-Анджелес | Los-Anceles | Los Angeles | Los Angeles | Los Angeles | Лос-Анджелес | Los Anjélés | Los Anjeles | Los Andželes | Los Angeles | Los Angeles | Los Angeles | Los Angeles | 洛杉矶 | ლოს-ანჯელესი | Los Angeles | 洛杉磯 | Los Angeles | 洛杉矶 | 洛杉矶 | 洛杉磯 | 洛杉磯 | 洛杉磯 | 洛杉矶 | 洛杉矶 | 洛杉磯
Q4922,Eugenio Calabi,1923,2023,Milán | Milano | Milano | Milan | Milan | Milan | 米蘭 | Milaan | מילאנו | Mailand | Miláno | മിലാൻ | Milano | Milan | Milan | Milano | Milan | Milan | میلان | Milan | Milan | Milán | Milan | Milan | Milan | Milan | Milan | Milan | Milan | Milan | Milan | Միլան | Milan | Milan | Milan | Milan | Milan | Milan | Milan | Milan | Milan | Milan | Milan | Milan | Милан | Milan | Milan | Milan | Milan | Milan | Milan | Мілан | Milan | Milan | Milan | 米蘭 | 米蘭 | Milán | Milán | Milán | Milán | Milán | 米兰 | Milano | Milano | Milano | Milano | ミラノ | Milano | Milà | Милан | Milánó | 米蘭 | Mediolanum | میلان | میلان | Мілан | Мілян | Милано | Милано | Milaan | Милан | Milão | Milano | Милано | Milano | Milano | মিলান | Милан | მილანი | Милан | Милан | Милан | მილანი | 米兰 | 米蘭 | Milano | Milan | ಮಿಲನ್ | ميلانو | ميلانو | Milano | Milano | Milano | Mailand | Mailand | Mailand | Mailand | Милан | Милан | Милан | Milano | మిలన్ | میلان | Milano | Milano | Milano | Milano | Milano | Milano | Milano | Milano | Milano | Milano | Milano | Milano | Milano | Milano | Milano | Milano | Milano | Milano | Milano | Milano | Milano | Milano | Milano | Milano | Milano | Milano | Milano | Milano | Milaan | Milaan | Milaan | Milaan | Mirano | Mailand | Mailand | Милан | ሚላኖ | Megelan | ميلانو | میلان | Милан | མི་ལཱན། | Milanu | Milan | Μιλάνο | Milàn | Milaan | Milã | Μεδιόλανον | મિલાન | Milaan | Mí-làn | मिलानो | Միլանօ | Mílanó | 밀라노 | Милан | Mîlano | Милан | Милан | ມິລານ | Milanas | Milāna | 米蘭 | Милан | मिलान | မီလန်မြို့ | मिलान | मिलान | ߡߌߟߊ߲߫ | ਮਿਲਾਨ | Mediolan | میلان | میلان | Milão | Milaun | Meláne | Милано | मिलानो | Милан | Milanu | Milanu | Mėlans | Milanu | මිලානය | Milano | Mi-lan 米蘭 | மிலன் | Милан | มิลาน | ma tomo Milano | Miłan | 米蘭 | מילאן
Q4517,Bernard Katz,1911,2003,Leipzig | Lipsia | Leipcigas | Leipciga | 萊比錫 | Лэйпциг | Leipzig | Leipzig | Лайпциг | लाइपझिश | Leipzig | Leipzig | လိုက်ပဆစ်မြို့ | لایپتسیش | Leipzig | Leipzig | Lipsia | Leipzig | Leipzig | Leipzig | लेइपजिग | Leipzig | Leipzig | ߟߋߌߔߑߖ߭ߌߜ߭ | Leipzig | Leipzig | Лейпциг | ਲਾਈਪਸਿਸ਼ | Leipzig | Leipzig | Leipzig | Lipsia | لیپزش | Leipzig | Leipzig | Leipzig | Leipzig | Leipzig | Ліпско | Lipsia | Lipsia | Leipzig | ليپزگ | Leipzig | ලේයිප්සිග් | Leipzig | Lajpcigu | Лајпциг | Лајпциг | Leipzig | Leipzig | Leipzig | Lajpcik | லைப்சிக் | లేఇప్జిగ్ | Лейпзиг | ไลพ์ซิช | Leipzig | Leipzig | Лейпциг | Leipzig | Leipzig | Léypzig | لائپزش | Leipzig | Leipzig | Läipcig | Leipzig | Leipzig | Leipzig | Leipzig | Leipzig | Leipzig | 莱比锡 | ლაიფციგი | לייפציג | 萊比錫 | 莱比锡 | 莱比锡 | 莱比锡 | 萊比錫 | 萊比錫 | Leipzig | Lipsia | Leipzig | Leipzig | ലീപ്സിഗ് | Leipzig | Leipzig | Lipcse | Лейпциг | Lipsko | Lipsko | Leipzig | Lipsk | Leipzig | Leipzig | Leypsiq | Лейпцыг | Ляйпцыг | Լայպցիգ | Лајпциг | Лейпциг | Leipzig | ላይፕጽግ | Leipzig | لايبزيغ | لايبتزج | Leipzig | لایپزیق | Лейпциг | Leipzig | Leipzig | Лайпциг | লাইপ্ৎসিশ | Leipzig | Leipzig | Leipzig | Лейпциг | Leipzig | لایپزیگ | Lipsia | Leyptsig | Leyptsig | Лейпциг | Leipzig | Leipzig | Leipzig | Leipzig | Leipzig | Lipsk | Λειψία | Leipzig | Leipzig | Leipzig | Leipzig | Leipzig | Leipzig | Leipzig | لایپزیگ | Leipzig | Leipzig | Leipzig | Leipzig | Leipzig | Leipzig | Leipzig | Leipzig | Leipzig | Leipzig | Leipzig | લેઇપઝિગ | Leipzig | Leipzig | Lipekika | לייפציג | लिपजिग | Leipzig | Lipsk | Լայփցիկ | Leipzig | Leipzig | Leipzig | Leipzig | Leipzig | ライプツィヒ | Leipzig | ლაიფციგი | Leipzig | Leipzig | Лейпциг | ಲೈಪ್ಜಿಗ್ | 라이프치히 | 라이프찌히 | Leipzig | Лейпциг | Lipsia | Leipzig | Leipzig | Leipzig | Leipzig
Q5581,Vittore Carpaccio,1465,1520,Venecia | Venezia | Venedig | ונציה | Benátky | Venise | Venedig | Venice | വെനീസ് | Venedig | ヴェネツィア | Venezia | Venezia | Venezia | Venezia | Venezia | Venezia | Venezia | Venezia | Venezia | Venezia | Venezia | Venezia | Venezia | Venezia | Venezia | Venezia | Venezia | Venezia | Venezia | Venezia | Venezia | Venezia | Venezia | Venezia | Venezia | Venezia | Venezia | Veneza | Veneza | Benátky | Wenecja | Venetsia | Венеция | Venècia | Венеция | ვენეცია | Венеция | Венеция | Velence | Венеція | 威尼斯 | 威尼斯 | 威尼斯 | Venetië | Вэнэцыя | Venice | Venice | Venice | Venice | Venice | Venice | Veneetsia | Venecija | Venecija | Венецыя | Венеция | Венеци | Վենետիկ | Венеција | Venecija | Venesya | වැනීසිය | Venecia | เวนิส | 威尼斯 | Venecia | Venecia | Venecia | Βενετία | Venèsia | وینس | Venecia | Venis | Veneția | ونیز | Venēcija | ভেনিস | વેનિસ | वेनिस | ವೆನಿಸ್ | भेनिस | వెనిస్ | 威尼斯 | 威尼斯 | 威尼斯 | 威尼斯 | 威尼斯 | 威尼斯 | وینس | Уанаҿа | Venesië | ቬኒስ | Venetia | البندقية | ڤينيزيا | فينيسيا | Venesiya | ونیز | Vénesia | Venedig | ཝེ་ནེ་ཟི་ཡ། | Venecija | ڤێنیز | Venedik | Venedik | Wenecjô | Венеци | Fenis | Venedig | Venedik | Venêzia | Venecio | Venécia | Venesia | Vènisa | Venedig | Vignesie | Feneesje | An Veinéis | Venésia | Ἐνετία | Venedig | Yn Veneesh | Vî-nì-sṳ̂ | Վենետիկ | Venetia | Venesia | Feneyjar | Venesia | Vinetsiya | Vinisya | Feeniizi | Venesia | 베네치아 | Benesya | Venedîk | Wênîs | Венеция | Венеция | Venecii | Venetië | 威尼斯 | IVenice | ვენეცია | ווענעציע | Venetië | Venice | Venetiae | Venedeg | Venies | Venessia | Unieja | Venèzia | ເວນີສ | 威尼斯 | भेनिस | Вэнэция | Венеций | Wēneti | Венец | ꯚꯦꯅꯤꯁ | व्हेनिस | Venezja | ဗင်းနစ်မြို့ | Венеция ош | ونیز | Venies | भेनिस | V'nise | Venècia | Венеци | ਵੈਨਿਸ | Venise | Venessia | وېنيس | Vnescha | Венеція | वेनिस | Венеция | Vinezzia | Venetsia | Benetke | Venetsia | Venetsia | Венеција | Vénésia | Wynecyjo | Wi-nis 威尼斯 | வெனிசு | Венетсия | Venetsiya | ma tomo Wenesija | Venedik | Венеция | Венеция | Wénitsiye | Venesiya
Q5594,Antonello da Messina,1430,1479,"Messina | מסינה | Messina | Messina | Μεσσίνα | メッシーナ | Messina | Messina | Messine | Мессина | Messina | Messina | مسينة | Messina | Messina, Italië | Mecina | ميسينا | Messina | Messina | Messina | مسینا | Месіна | Мэсына | Месина | Messina | Messina | Messina | Мессина | Messina | مێسینا | Messina | Messina | Messina | Мессина | Messina | Messina | Messina | Messina | Messina | Messina | Messina | Mesino | Messina | Messina | Messina | مسینا | Messina | Messina | Messine | Messina | Messina | Μεσσάνα | Messina | મેસિના | मेसिना | Messina | Messina | Մեսինա | Messina | Messina | Messina | Messina | Messina | მესინა | Мессина | Мессина | ಮೆಸ್ಸಿನಾ | 메시나 | Messina | Мессина | Messana | Messina | Mescìnn-a | Messina | Mesina | Mesina | Mesīna | Messina | Месина | Мессина | मेसिना | Messina | Messina | Messina | Messina | Messina | Messina | Мессинæ | Mesyna | Messin-a | میسینا | Messina | Messina | Messina | Messina | Messina | Мессіна | मेसिना | Messina | Missina | Messina | Messina | මෙසීනා | Messina | Messina | Messina | Messina | Месина | Messina | Messina | Messina | மெஸீனா | మెసీనా | Messina | Мессина | Мессина | เมสซีนา | Messina | Messina | Messina | Мессина | Messina | Мессіна | میسینا | Messina | Mesina | Messina | Messina | 墨西拿 | Messina | მესინა | 墨西拿 | 墨西拿 | 墨西拿 | 墨西拿 | 美西納 | 美西納 | 美西納 | মেসসিনা"
Q5598,Rembrandt,1606,1669,Leiden | Leiden | Leida | Leida | Leiden | Leiden | Leiden | Leiden | Лейден | ライデン | ليدن | 莱顿 | Lugdunum Batavorum | Leidenas | Лайден | Λέιντεν | Лейден | Leida | Leyde | Лейден | لیدن | Лейден | لائڈن | Leiden | Leyden | Leiden | Leiden | Leiden | Leiden | Leiden | Leiden | Leiden | Leiden | Leiden | Leiden | Leiden | Leiden | Leiden | Leiden | Leiden | Leiden | Leiden | Leiden | Leiden | Leiden | Leiden | Leiden | Leiden | Leiden | Leiden | Leiden | Leiden | Leiden | Leiden | Leiden | Leiden | Leiden | Leiden | Leiden | Leiden | Leiden | Leiden | Leiden | Leiden | Leiden | Leiden | Leiden | Leiden | Leiden | Leiden | Leiden | Leiden | Leiden | Leiden | 萊頓 | Leyden | Leyden | ለይድን | لايدين | Лейдэн | Лейдэн | লাইডেন | Leida | Lêda | Leien | લીડેન | ליידן | लेइडेन | Լեյդեն | Լէյտըն | ლეიდენი | ಲೀಡೆನ್ | 레이던 | Leiden | Leidene | Лејден | लेडन | Leidn | Lèida | Лейден | Lejda | Lèida | لیدن | Лайден | ලේයිඩන් | Lejdeni | Лајден | Leidens kommun | லைடன் | లైడెన్ | Лейден | ไลเดิน | ma tomo Leten | Leydn | 莱顿 | ליידן | 萊頓 | 莱顿 | 莱顿
Q5359,Vital de Blois,1150,1200,Blois | Blois | ブロワ | بلوا | Blois | Blois | Blois | Blois | Blois | Blois | Blois | Blois | Blois | Blois | Blois | Blois | Blois | Blois | Blois | Blois | Blois | Blois | Blois | Blois | Blois | Blois | Blois | Blois | Blois | Blois | Blois | Blois | Blois | Blois | Blois | Blois | Blois | Blois | Blois | Blois | Blois | Blois | Blois | Blois | Blois | Blois | Blois | Blois | Blois | Blois | Blois | Blois | Blois | Blois | Blois | Blois | Blois | Blois | Blois | Blois | Blois | Blois | Blois | Blois | Blois | Блуа | Blois | Blois | Blois | Blois | Blois | Blois | Blois | Blois | ብሏ | Blais | بلوة | بلوه | Blua | بلوآ | Блуа | Блюа | Блоа | Blois | Bleaz | Blois | Блуа | Blois | Блуа | Blois | Blois | Μπλουά | بلوآ | Blois | Blois | Blois | בלואה | ब्लुआ | Բլուա | Blois | Blois | Blois | 블루아 | Blois | Blesae | Blois | Blua | Bluā | Блоа | ब्लुआ | بلوآ | Blois | Bles | Блуа | Blois | Bloés | Blois | Blois | Блуа | Blois | Блоа | Блоа | Bloa | Blois | บลัว | Blois | Блуа | Blois | Blois | Blois | 布卢瓦 | בלויס | 鮑樂斯 | 布卢瓦 | 布卢瓦 | 布卢瓦 | 布盧瓦 | 布盧瓦 | 布卢瓦 | 布盧瓦
Q6101,Marco Polo,1254,1324,Уанаҿа | Venesië | ቬኒስ | Venetia | البندقية | ڤينيزيا | فينيسيا | Venesiya | ونیز | Vénesia | Venedig | ཝེ་ནེ་ཟི་ཡ། | Venecija | ڤێنیز | Venedik | Venedik | Wenecjô | Венеци | Fenis | Venedig | Venedik | Venêzia | Venecio | Venécia | Venesia | Vènisa | Venedig | Vignesie | Feneesje | An Veinéis | Venésia | Ἐνετία | Venedig | Yn Veneesh | Vî-nì-sṳ̂ | Վենետիկ | Venetia | Venesia | Feneyjar | Venesia | Vinetsiya | Vinisya | Feeniizi | Venesia | 베네치아 | Benesya | Venedîk | Wênîs | Венеция | Венеция | Venetiae | Venedeg | Venies | Venessia | Unieja | Venèzia | ເວນີສ | 威尼斯 | भेनिस | Вэнэция | Венеций | Wēneti | Венец | ꯚꯦꯅꯤꯁ | व्हेनिस | Venezja | ဗင်းနစ်မြို့ | Венеция ош | ونیز | Venies | भेनिस | V'nise | Venècia | Венеци | ਵੈਨਿਸ | Venise | Venessia | وېنيس | Vnescha | Венеція | वेनिस | Венеция | Vinezzia | Venetsia | Benetke | Venetsia | Venetsia | Венеција | Vénésia | Wynecyjo | Wi-nis 威尼斯 | வெனிசு | Венетсия | Venetsiya | ma tomo Wenesija | Venedik | Венеция | Венеция | Wénitsiye | Venesiya | Venecia | Venezia | Venedig | ונציה | Benátky | Venise | Venedig | Venice | വെനീസ് | Venedig | ヴェネツィア | Venezia | Venezia | Venezia | Venezia | Venezia | Venezia | Venezia | Venezia | Venezia | Venezia | Venezia | Venezia | Venezia | Venezia | Venezia | Venezia | Venezia | Venezia | Venezia | Venezia | Venezia | Venezia | Venezia | Venezia | Venezia | Venezia | Venezia | Veneza | Veneza | Benátky | Wenecja | Venetsia | Венеция | Venècia | Венеция | ვენეცია | Венеция | Венеция | Velence | Венеція | 威尼斯 | 威尼斯 | 威尼斯 | Venetië | Вэнэцыя | Venice | Venice | Venice | Venice | Venice | Venice | Veneetsia | Venecija | Venecija | Венецыя | Венеция | Венеци | Վենետիկ | Венеција | Venecija | Venesya | වැනීසිය | Venecia | เวนิส | 威尼斯 | Venecia | Venecia | Venecia | Βενετία | Venèsia | وینس | Venecia | Venis | Veneția | ونیز | Venēcija | ভেনিস | વેનિસ | वेनिस | ವೆನಿಸ್ | भेनिस | వెనిస్ | 威尼斯 | 威尼斯 | 威尼斯 | 威尼斯 | 威尼斯 | 威尼斯 | وینس | Venecii | Venetië | 威尼斯 | IVenice | ვენეცია | ווענעציע | Venetië | Venice
Q6512,Søren Kierkegaard,1813,1855,Kobanhaygan | Kopenhagen | Копенхаген | Copenhagen | Kopenhagen | Kopenhagen | Kopynhaga | Ke-pen-ha-ken | கோபனாவன் | కోపెన్హాగన్ | Копенҳаген | Копенҳаген | โคเปนเฮเกน | Kopengagen | Copenhagen | Kopenhaqen | Kopenhag | Копенһаген | Копенһаген | København | Копенгаген | Kopénhagén | Копенгаген | کوپن ہیگن | Kopengagen | Copenaghen | Kopengagen | Kopenhagen | København | Kopõnhaagõn | Copenhågue | Copenhagen | Kopenagen | 哥本哈根 | კოპენჰაგენი | קאפנהאגן | Copenhagen | 哥本哈根 | Kopenagen | 哥本哈根 | 哥本哈根 | 哥本哈根 | 哥本哈根 | i-Copenhagen | Copenhagen | Kopenhagen | Kopenhagen | Kopènag | Koppenhága | Քոփընհակըն | Copenhagen | Kopenhagen | Köbenhavn | Copenhagen | København | Kaupmannahöfn | Copenaghen | Kopenhagen | კოპენჰაგენი | Kopengagen | Kopenhagen | Kopɛnhaagɩ | Kopenhagen | Копенгаген | Копенгаген | ಕೋಪನ್ ಹ್ಯಾಗನ್ | 코펜하겐 | 쾨뻰하븐 | کوپَن ہیگن | Kopenhag | Копенгаген | Kopenhavn | Копенгаген | Hafnia | Kopenhage | Kopenhagen | Kobenhavn | Koupenhage | Copenaghen | Cupenaghen | کوپنهاگ | Kopenhaga | Kopenhaga | Kopenhāgena | 哥本哈根 | Копэнгавн | Kaopenagy | Copenhagen | Kopenhagen | Копенхаген | Копенхаген | कोपनहेगन | Kopenhagen | Copenhagen | Copeñaguen | ကိုပင်ဟေဂင်မြို့ | Копенгаген ош | کپنهاگن | Copenhagen | Copenague | Copenhagen | Copenaghen | Kopenhagen | Kopenhoaven | कोपनहेगन | कोपेनहेगन | København | Copèneĥague | Baandaʼiniihii Bitsinaaʼeeł Báhazʼání | Copenaga | Kopengagen | କୋପେନହେଗେନ | Копенгаген | ਕੋਪਨਹੈਗਨ | Kopenhage | Kopenhagen | Kopenhague | Kopenhagen | Copenhagen | Copenàghen | کوپن ہیگن | کوپنهاګن | Copenhaga | Copenhague | København | Copenhagen | Copenhagen | Copenhaga | Кодань | Copenhagen | कोपनहागन | Копенһаген | Copenaghen | Copenaghen | Colpenhaven | ڪوپن هيگن | Københápman | Kuopenhaga | Kopenhagen | කෝපන්හේගන් | Kodaň | København | Kööbenhaammân | Copenhagen | Copenhagen | Copenhague | København | Keypmannahavn | Copenhague | Kopenhagen | Kodaň | കോപ്പൻഹേഗൻ | Köpenhamn | קופנהגן | Kopenhaga | Kööpenhamina | コペンハーゲン | Copenhagen | کپنهاگ | Կոպենհագեն | Copenhagen | Kopenhagen | كوبنهاغن | København | Copenhaguen | København | København | Copenhagen | Копенхаген | Копенгаген | 哥本哈根 | Kopenhago | 哥本哈根 | Kopenhagen | Kopenhagen | ኮፐንሀገን | Copenaguen | Cēapmannhæfen | ܩܘܦܢܗܐܓܢ | كوپنهاڭن | كوبينهاجين | Copenḥague | Копенгаген | København | Kobenhavn | Kopenhagen | کوپینهاگ | Копенгаген | Kopenhagen | Copenhagen | Капенгаген | Капэнгаген | Kopenhagen | Copenhagen | কোপেনহেগেন | ཁོ་ཕེན་ཧ་ཀེན། | Kopenhagen | Kopenhagen | Копенһаген | Copenhague | Copenhagen | Копенгаген | کۆپنھاگن | Copenaghen | Kopenhagen | Kòpenhaga | Кобєнхавнъ | Копенгаген | Kopenhag | Kopenhagen | कोपनहेगन | Copenhagen | Κοπεγχάγη | Cupenàghen | Copenhagen | Copenhagen | Copenhagen | Kopenhaagen | Kopenhage | Copenagui | Kopenhuuwen | Kopenhagen | Cóbanhávan | Kopenhagen | Copenhagen | Copenhague | کؤپنهاگ | Kopenihage | 𐌺𐌰𐌿𐍀𐌰𐌼𐌰𐌽𐌽𐌴𐌷𐌰𐌱𐌽𐌰 | Copenhagen | Kopenhagen | કોપનહેગન | København | Kwapanhagan | Copenhagen | कोपनहेगन
Q7186,Marie Curie,1867,1934,Warsaw | વૉરસો | Warszawa | Warszawa | Fà-sâ | वारसॉ | Warsaw | Varšava | Waršawa | Vasovi | Վարշաւա | Varsovia | Warsawa | Warszawa | Warszawa | Warsaw | Warszawa | Varsjá | Warsaa | Warsawa | ვარშავა | Varshava | Waṛsu | Варшавэ | Farsoovii | Warszawa | Варшава | Варшава | Warszawa | ವಾರ್ಸಾ | 바르샤바 | 와르샤와 | Варшава | Warşova | Варшава | Warszawa | Варшава | Varsovia | Varsovia | Warszawa | Warszawa | Varsavvia | Varsavia | Warsaw | ورشو | Varšuva | Varšova | Varšava | 華沙 | वारसॉ | Варшава | Varsôvia | Варшаве | Pakangakite | Warsawa | Варшава | Варшав | Варшовия | वर्झावा | Варшава | Warsaw | Varsavja | Warszawa | ဝါဆောမြို့ | Варшава ош | ورشو | Warsaw | Varsovia | Warszawa | Varsavia | Warszawa | वार्सा | वार्सः | Warszawa | Varsava | Varsovie | Warszawa | Tóigohí | Warsaw | Varsòvia | Varšavu | Warszawa | ୱାରସ | Варшавæ | Barsobya | Varsovia | Varsovie | Woarschau | Worsaaw | Varsavia | وارسا | وارسا | Varsóvia | Varsóvia | Warszawa | Varsovia | Warsaw | Warszawa | Varșovia | Варшава | Varsovia | Varsavia | Warszawa | Varsovie | Warschau | Varšava | Varšava | Warsaw | വാഴ്സ | ורשה | ワルシャワ | Warschau | ਵਾਰਸਾ | Варшава | 华沙 | Varsó | Վարշավա | وارسو | Warsaw | Варшава | وارسا | Варшава | Варшава | وارسو | Warsaw | Warsaw | Warsaw | ورشو | Варшава | Варшава | Warschau | Warschau | Warschau | Warschau | Warschau | Warschau | Warschau | Warschau | Варшава | Warsawa | Варшавэ | Warskou | ዋርሶው | Varsovia | Warsaw | ܘܐܪܣܘ | وارسو | Varsovia | Варшава | Warszawa | Varsovia | Varşava | ورشو | Варшава | Warsawa | Warsaw | Warso | Warsaw | Warszawa | ওয়ারশ | ཝར་སོ། | Varsovia | Varšava | Варшава | Varsòvia | Warszawa | Huà-să | Warszawa | Warszawa | وارشۆ | Varsavia | Varşava | Varşava | Warszawa | Варшава | Варшава | Warszawa | Warszawa | Warşowa | Waršawa | Warsaw | Βαρσοβία | Varsàvia | Varsovio | Varssavi | Varsovia | Varsóvia | Warsaw | Varsova | Warszawa | Warszawa | Varsovie | Warschau | Varsavie | Warsjau | Vársá | Varşava | Warsaw | Varsovia | Varsóvia | Varshava | Warszawa | वार्सा | Варшава | ᱣᱟᱨᱥᱳ | Varsavia | Varsavia | وارسا | Warszawa | Warsaw | Varšova | Varšava | වර්සව් | Varšava | Varsova | Warsaw | Varshava | Варшава | Варшава | Warsaw | Warschau | Warsawa | Warszawa | Warshawa | ꠅꠣꠞꠍꠅ ꠘꠉꠞ | Warszawa | Huwasa 華沙 | வார்சா | వార్సా | Varsóvia | Варшава | Варшава | วอร์ซอ | ዋርሳው | Warşawa | Warsaw | Varšava | Warsaw | ma tomo Wasawa | Woso | Varşova | Варшава | Warszawa | Warszawa | Patava | Варшава | Warshawa | Varshava | Warszawa | Varsavia | Varšav | Warszawa | Warszawa | Varssavi | Warsovya | Warsaw | 瓦萨瓦 | Warszawa | ვარშავა | ווארשע | Warsaw | 華沙 | Warschau | 华沙 | 华沙 | 華沙 | 華沙 | 華沙 | 华沙 | 华沙 | 華沙 | IWarshawa | وارسو | varcavas
Q7085,Niels Bohr,1885,1962,Copenhagen | Copenhague | København | Keypmannahavn | Copenhague | Kopenhagen | Kodaň | കോപ്പൻഹേഗൻ | Köpenhamn | קופנהגן | Kopenhaga | Kööpenhamina | コペンハーゲン | Copenhagen | کپنهاگ | Կոպենհագեն | Copenhagen | Kopenhagen | كوبنهاغن | København | Copenhaguen | København | København | Copenhagen | Копенхаген | Копенгаген | 哥本哈根 | Kopenhago | 哥本哈根 | Kopenhagen | Kopenhagen | ኮፐንሀገን | Copenaguen | Cēapmannhæfen | ܩܘܦܢܗܐܓܢ | كوپنهاڭن | كوبينهاجين | Copenḥague | Копенгаген | København | Kobenhavn | Kopenhagen | کوپینهاگ | Копенгаген | Kopenhagen | Copenhagen | Капенгаген | Капэнгаген | Kopenhagen | Copenhagen | কোপেনহেগেন | ཁོ་ཕེན་ཧ་ཀེན། | Kopenhagen | Kopenhagen | Копенһаген | Copenhague | Copenhagen | Копенгаген | کۆپنھاگن | Copenaghen | Kopenhagen | Kòpenhaga | Кобєнхавнъ | Копенгаген | Kopenhag | Kopenhagen | कोपनहेगन | Copenhagen | Κοπεγχάγη | Cupenàghen | Copenhagen | Copenhagen | Copenhagen | Kopenhaagen | Kopenhage | Copenagui | Kopenhuuwen | Kopenhagen | Cóbanhávan | Kopenhagen | Copenhagen | Copenhague | کؤپنهاگ | Kopenihage | 𐌺𐌰𐌿𐍀𐌰𐌼𐌰𐌽𐌽𐌴𐌷𐌰𐌱𐌽𐌰 | Copenhagen | Kopenhagen | કોપનહેગન | København | Kwapanhagan | Copenhagen | कोपनहेगन | Copenhagen | Kopenhagen | Kopenhagen | Kopènag | Koppenhága | Քոփընհակըն | Copenhagen | Kopenhagen | Köbenhavn | Copenhagen | København | Kaupmannahöfn | Copenaghen | Kopenhagen | კოპენჰაგენი | Kopengagen | Kopenhagen | Kopɛnhaagɩ | Kopenhagen | Копенгаген | Копенгаген | ಕೋಪನ್ ಹ್ಯಾಗನ್ | 코펜하겐 | 쾨뻰하븐 | کوپَن ہیگن | Kopenhag | Копенгаген | Kopenhavn | Копенгаген | Hafnia | Kopenhage | Kopenhagen | Kobenhavn | Koupenhage | Copenaghen | Cupenaghen | کوپنهاگ | Kopenhaga | Kopenhaga | Kopenhāgena | 哥本哈根 | Копэнгавн | Kaopenagy | Copenhagen | Kopenhagen | Копенхаген | Копенхаген | कोपनहेगन | Kopenhagen | Copenhagen | Copeñaguen | ကိုပင်ဟေဂင်မြို့ | Копенгаген ош | کپنهاگن | Copenhagen | Copenague | Copenhagen | Copenaghen | Kopenhagen | Kopenhoaven | कोपनहेगन | कोपेनहेगन | København | Copèneĥague | Baandaʼiniihii Bitsinaaʼeeł Báhazʼání | Copenaga | Kopengagen | କୋପେନହେଗେନ | Копенгаген | ਕੋਪਨਹੈਗਨ | Kopenhage | Kopenhagen | Kopenhague | Kopenhagen | Copenhagen | Copenàghen | کوپن ہیگن | کوپنهاګن | Copenhaga | Copenhague | København | Copenhagen | Copenhagen | Copenhaga | Кодань | Copenhagen | कोपनहागन | Копенһаген | Copenaghen | Copenaghen | Colpenhaven | ڪوپن هيگن | Københápman | Kuopenhaga | Kopenhagen | කෝපන්හේගන් | Kodaň | København | Kööbenhaammân | Copenhagen | Kobanhaygan | Kopenhagen | Копенхаген | Copenhagen | Kopenhagen | Kopenhagen | Kopynhaga | Ke-pen-ha-ken | கோபனாவன் | కోపెన్హాగన్ | Копенҳаген | Копенҳаген | โคเปนเฮเกน | Kopengagen | Copenhagen | Kopenhaqen | Kopenhag | Копенһаген | Копенһаген | København | Копенгаген | Kopénhagén | Копенгаген | کوپن ہیگن | Kopengagen | Copenaghen | Kopengagen | Kopenhagen | København | Kopõnhaagõn | Copenhågue | Copenhagen | Kopenagen | 哥本哈根 | კოპენჰაგენი | קאפנהאגן | Copenhagen | 哥本哈根 | Kopenagen | 哥本哈根 | 哥本哈根 | 哥本哈根 | 哥本哈根 | i-Copenhagen
Q7371,Federico Fellini,1920,1993,Rimini | Rimini | Rimini | Ariminum | Rimini | Rimini | Rimini | Rimini | Rimini | 里米尼 | Римини | Ріміні | Rimini | Rimini | ريميني | ريمينى | Rimini | Rimini | ریمینی | Римини | Рыміні | Рыміні | Римини | রিমিনি | Rimini | Rimini | Rímini | Римини | Rimini | Rimini | Римини | Rimini | Rimini | Rimini | Ρίμινι | Rèmin | Rimini | Rimini | Rimini | Rímini | Rimini | Rimini | ریمینی | Rimini | Rimini | Rimini | Rimini | રિમિની | רימיני | रिमिनी | Rimini | Ռիմինի | Rimini | Rimini | Rimini | Rimini | Rimini | リミニ | რიმინი | Rimini | Римини | ರಿಮಿನಿ | 리미니 | Rimini | Rimini | Rimini | Rimini | Riminis | Rimini | Римини | रिमिनी | Rimini | Rimini | Rimini | Rimini | Rimini | Rimini | Rimini | Rimini | Rimini | Rimini | Римини | Rìmin | ریمینی | Rimini | Rimini | Rimini | Rémin | Rimini | Rimini | रिमिनी | Rìmini | Rìmini | Rimini | Rimini | රිමිනි | Rimini | Rimini | Римини | Rimini | Rimini | ரிமினி | రిమిని | รีมีนี | Rimini | Rimini | Римини | ریمینی | Rimano | Rimini | Rimini | Rimini | 里米尼 | 里米尼 | 里米尼 | 里米尼 | 里米尼 | 里米尼
Q7424,Elsie Widdowson,1906,2000,"Wallington | ولينغتون | Wallington | Wallington | Wallington | Wallington | Wallington | Wallington | Wallington | Wallington | ولينجتون | Wallington | Wallington | Wallington | ウォリントン (ロンドン) | Wallington (Surrey) | Wallington, Londres | ویلنگٹں، لندن | 瓦靈頓 | 瓦灵顿"
Q9047,Gottfried Wilhelm Leibniz,1646,1716,Lipsia | Leipzig | Leipzig | ലീപ്സിഗ് | Leipzig | Leipzig | Lipcse | Лейпциг | Lipsko | Lipsko | Leipzig | Lipsk | Leipzig | Leipzig | Leypsiq | Лейпцыг | Ляйпцыг | Լայպցիգ | Лајпциг | Лейпциг | Leipzig | ላይፕጽግ | Leipzig | لايبزيغ | لايبتزج | Leipzig | لایپزیق | Лейпциг | Leipzig | Leipzig | Лайпциг | লাইপ্ৎসিশ | Leipzig | Leipzig | Leipzig | Лейпциг | Leipzig | لایپزیگ | Lipsia | Leyptsig | Leyptsig | Лейпциг | Leipzig | Leipzig | Leipzig | Leipzig | Leipzig | Lipsk | Λειψία | Leipzig | Leipzig | Leipzig | Leipzig | Leipzig | Leipzig | Leipzig | لایپزیگ | Leipzig | Leipzig | Leipzig | Leipzig | Leipzig | Leipzig | Leipzig | Leipzig | Leipzig | Leipzig | Leipzig | લેઇપઝિગ | Leipzig | Leipzig | Lipekika | לייפציג | लिपजिग | Leipzig | Lipsk | Լայփցիկ | Leipzig | Leipzig | Leipzig | Leipzig | Leipzig | ライプツィヒ | Leipzig | ლაიფციგი | Leipzig | Leipzig | Лейпциг | ಲೈಪ್ಜಿಗ್ | 라이프치히 | 라이프찌히 | Leipzig | Лейпциг | Lipsia | Leipzig | Leipzig | Leipzig | Leipzig | Leipzig | Lipsia | Leipcigas | Leipciga | 萊比錫 | Лэйпциг | Leipzig | Leipzig | Лайпциг | लाइपझिश | Leipzig | Leipzig | လိုက်ပဆစ်မြို့ | لایپتسیش | Leipzig | Leipzig | Lipsia | Leipzig | Leipzig | Leipzig | लेइपजिग | Leipzig | Leipzig | ߟߋߌߔߑߖ߭ߌߜ߭ | Leipzig | Leipzig | Лейпциг | ਲਾਈਪਸਿਸ਼ | Leipzig | Leipzig | Leipzig | Lipsia | لیپزش | Leipzig | Leipzig | Leipzig | Leipzig | Leipzig | Ліпско | Lipsia | Lipsia | Leipzig | ليپزگ | Leipzig | ලේයිප්සිග් | Leipzig | Lajpcigu | Лајпциг | Лајпциг | Leipzig | Leipzig | Leipzig | Lajpcik | லைப்சிக் | లేఇప్జిగ్ | Лейпзиг | ไลพ์ซิช | Leipzig | Leipzig | Лейпциг | Leipzig | Leipzig | Léypzig | لائپزش | Leipzig | Leipzig | Läipcig | Leipzig | Leipzig | Leipzig | Leipzig | Leipzig | Leipzig | 莱比锡 | ლაიფციგი | לייפציג | 萊比錫 | 莱比锡 | 莱比锡 | 莱比锡 | 萊比錫 | 萊比錫 | Leipzig
Q8556,Edsger W. Dijkstra,1930,2002,Róterdam | Rotterdam | רוטרדם | Rotterdam | Rotterdam | Rotterdam | Rotterdam | Rotterdam | Rotterdam | Rotterdam | Rotterdam | Rotterdam | Rotterdam | Rotterdam | Rotterdam | Rotterdam | Rotterdam | Rotterdam | Rotterdam | Rotterdam | Rotterdam | Rotterdam | Rotterdam | Rotterdam | Rotterdam | Rotterdam | Rotterdam | Rotterdam | Rotterdam | Rotterdam | Rotterdam | Rotterdam | Rotterdam | Rotterdam | Rotterdam | Rotterdam | Rotterdam | Rotterdam | Rotterdam | Rotterdam | Rotterdam | Rotterdam | Rotterdam | Rotterdam | Rotterdam | Rotterdam | Rotterdam | Rotterdam | Rotterdam | Rotterdam | Rotterdam | Rotterdam | Rotterdam | Rotterdam | Rotterdam | Rotterdam | Rotterdam | Rotterdam | Rotterdam | Rotterdam | Rotterdam | Rotterdam | Rotterdam | Rotterdam | Rotterdam | Rotterdam | Rotterdam | Rotterdam | Rotterdam | Rotterdam | Rotterdam | Rotterdam | Rotterdam | Rotterdam | Rotterdam | Rotterdam | Rotterdam | Rotterdam | Rotterdam | Rotterdam | Rotterdam | Rotterdam | Rotterdam | Rotterdam | Rotterdam | Rotterdam | Rotterdam | Rotterdam | Rotterdam | Rotterdam | Rotterdam | ロッテルダム | روتردام | Ротердам | Роттердам | Роттердам | Ротэрдам | Ратэрдам | Gemeente Rotterdam | Ρότερνταμ | Roterdamo | Ռոտերդամ | Roterdamas | Роттэрдам | Ротердам | Roterdão | 鹿特丹 | 鹿特丹 | ሮተርዳም | ܪܘܛܪܕܐܡ | روطردام | روتردام | Роттердам | Ротердам | রটার্ডাম | Роттердам | ڕۆتەردام | Роттердам | رتردام | Rotèrdame | 𐍂𐌰𐍄𐌰𐌹𐍂𐌳𐌰𐌼 | રોટરડેમ | रॉटरडैम | როტერდამი | Роттердам | ರಾಟರ್ಡ್ಯಾಮ್ | 로테르담 | Роттердам | Roterodamum | Rotterdam | Roterdama | रोटरड्याम | Roterama | Роттердам | रॉटरडॅम | ရော်တာဒမ်မြို့ | Роттердам ош | Rötterdaam | Роттердам | راٹرڈیم | روتردام | Roterdã | රොටර්ඩෑම් | Rotterdam | Rotterdam | Roterdami | ꠞꠐꠣꠞꠒꠣꠝ | ராட்டர்டேம் | రోటర్ డ్యామ్ | Роттердам | รอตเทอร์ดาม | Роттердам | Rottérdam | راٹرڈیم | 鹿特丹 | ראטערדאם | 鹿特丹 | ⵔⵓⵜⵉⵔⴷⴰⵎ | 鹿特丹 | 鹿特丹 | 鹿特丹 | 鹿特丹 | 鹿特丹 | 鹿特丹 | 鹿特丹 | Hrotterdamm
Q8962,James Prescott Joule,1818,1889,"سالفورد | Солфард | Salford | Salford | Salford | Salford | Salford | Salford | サルフォード | Солфорд | Salford | Солфорд | Salford | Salford | Salford | Salford | Salford | Salford | Salford | Salford | Salford | Salford | Salford | Salford | Salford | Salford | Salford | سالفورد | Salford | سالفورد، منچستر بزرق | Kota Salford | Солфард | Солфорд | স্যালফোর্ড | Солфорд | Salford | Σάλφορντ | Salford | سالفورد، منچستر بزرگ | Salford | Salford | Salford | સેલફોર્ડ | סלפורד, אנגליה | Salford | Սոլֆորդ | Salford | Salford | სელფორდი | Солфорд | ಸ್ಯಾಲ್ಫರ್ಡ್ | 솔퍼드 | Salford | Salford | Salford | Salfordas | Solforda | ꯁꯥꯜꯐꯣꯔ꯭ꯗ | Salford | Salford | Salford | Salford | Солфорд | Salford | சால்போர்ட் | సల్ఫోర్డ్ | ซอลฟอร์ด | Salford | Солфорд | سالفورڈ | Salford | Salford | 索爾福德 | 索尔福德 | 索尔福德 | 索爾福德 | 蘇福"
Q9041,James Watt,1736,1819,Greenock | Greenock | Greenock | Greenock | Greenock | 格里诺克 | 格里诺克 | 格里诺克 | 格里諾克 | Гринок | غرينوك | جرينوك | Qrinok | قرینوک | Грынак | Грынак | Грийнок | Grianaig | Greenock | Гринок | Greenock (kapital sa dapit sa konseho) | Greenock | Гринок | Greenock | Greenock | Greenock | Γκρήνοκ | Greenock | Greenock | Greenock | Greenock | Greenock | Greenock | گرینوک | Greenock | Greenock | Grianaig | Grianaig | Grianaig | גרינוק | Գրինոկ | Greenock | Greenock | Greenock | グリーノック | გრინოკი | 그리녹 | Grinokas | Greenock | Greenock | Greenock | Greenock | گرینوک | Greenock | Greenock | Greenock | Greenock | Greenock | Greenock | Greenock | Greenock | Грінок | گریناک | 格里諾克 | 格里诺克 | 格里諾克 | Greenock
Q9440,Paolo Veronese,1528,1588,Вэрона | Верона | Verona | Верона | Verona | Verona | Verona | Verona | Verona | Verona | Verona | เวโรนา | Verona | ቬሮና | Verona | فيرونا | Verona | Verona | Verona | ورونا | Vérona | Verona | ভেরোনা | ཝེ་རོ་ན། | Verona | Verona | پارێزگای ڤێرۆنا | Верона | Verona | Verona | Verona | Verono | Verona | Verona | Verone | Ferona | Verona | Verona | વેરોના | वेरोना | Verona | Վերոնա | Verona | Verona | Veróna | Verona | ვერონა | ವೆರೋನಾ | 베로나 | Verona | Verona | Verona | Verona | Verona | Verona | Verona | Verona | Verona | Verona | Βερόνα | ورونا | Verona | ורונה | Վերոնա | ヴェローナ | Верона | Верона | Верона | Verona | Verona | Verona | Verona | Верона | Verona | Верона | Verona | Verona | Verona | Верона | ویرونا | Verona | Verona | 维罗纳 | 维罗纳 | Verona | Verona | Verona | Verona | Verona | فيرونا | Верона | Verona | Verona | Verona | Верона | Verona | Vérone | Verona | Verona | Верона | Veronn-a | Verùna | Verona | Вэрона | Вероно | Verona | Верона | व्हेरोना | Verona | Verona | Verona | Verona | Веронæ | Werona | Veron-a | ویرونا | Verona | Verona | Verona | वेरोना | Verona | Verona | Verona | වෙරෝනාව | Verona | Verona | வேறோனா | వెరోనా | Верона | Werona | Verona | Verona | Veron | 维罗纳 | Verona | 維羅納 | 维罗纳 | 維羅納 | 維羅納 | 維洛那
Q9204,C. S. Lewis,1898,1963,Belfast | ബെൽഫാസ്റ്റ് | בלפסט | بلفاست | Белфаст | Белфаст | Belfast | Belfast | Belfast | Belfast | Μπέλφαστ | Belfast | Belfast | Belfast | Belfast | بلفاست | Belfast | Belfast | Belfast | Belfast | බෙල්ෆාස්ට් | Belfast | Belfast | Belfast | Belfast | Belfast | பெல்பாஸ்ட் | బెల్ఫాస్ట్ | Белфаст | เบลฟาสต์ | Belfast | Belfast | Белфаст | Белфаст | Bélfast | بیلفاسٹ | Belfast | Béal Feirste | Belfast | Belfast | Belfast | 贝尔法斯特 | בעלפאסט | Belfast | 貝爾法斯特 | Belfast | ⴱⵉⵍⴼⴰⵙⵜ | 贝尔法斯特 | 贝尔法斯特 | 貝爾法斯特 | 貝爾法斯特 | Belfast | بيلفاسٽ | Belfast | Belfast | ベルファスト | 벨파스트 | Belfast | Belfāsta | Belfast | Belfast | Belfast | Belfast | Белфаст | Белфаст | Belfast | Belfast | Белфаст | 贝尔法斯特 | Belfast | ቤልፋስት | Béal Feirste | بلفاست | Belfast | Belfast | بلفاست | Belfast | Бэлфаст | Bèlpas | बेलफास्ट | বেলফাস্ট | Béal Feirste | Belfast | Белфаст | Belfast | بێڵفێست | Белфаст | Belffast | Belfast | Belfasto | Belfast | Belfast | Belfast | Belfast (Nuurdirlun) | Belfast | Béal Feirste | Beul Feirste | Belfast | બેલફાસ્ટ | Beeal Feirshtey | बेलफ़ास्ट | Belfast | Belfast | Bèlfast | Բելֆասթ | Պելֆասթ | Belfast | Belfast | Belfast | Belfast | Belfast | Belfast | ბელფასტი | Belfast | Belfast | Белфаст | Belfast | ಬೆಲ್ ಫಾಸ್ಟ್ | Belfast | Белфаст | Belfastum | Belfast | Belfast | Belfast | Belfastas | Белфаст | Бельфаст | ꯕꯦꯜꯐꯥꯁ꯭ꯠ | बेलफास्ट | Belfast | Belfast | ဗဲလဖတ်မြို့ | بلفاست | Belfast | Belfast | Belfast | Belfast | Belfast | Belfast | Béal Feirste | Белфаст | Belfast | Belfast | بیلفاسٹ | بلفاست | Belfast | Belfast | Belfast | Belfast | Belfast | Belfast | Belfast | Belfast
Q9095,James Clerk Maxwell,1831,1879,Edinburc | Edinboarch | Dùn Èideann | Edimburgo | Endimbugo | એડિનબર્ગ | Doon Edin | Edinburgh | Oi-tên-páu | Ekinipāla | एडिनबरा | Edinburgh | Edinburgh | Edinbo | Edinburgh | Էդինբուրգ | Էտինպրա | Edimburgo | Edinburgh | Edinburgh | Edinburgh | Edinburgh | Edinborg | Edinburgh | ედინბურგი | Edinburg | Idinburg | Edinburgh | Эдинбург | Эдинбург | ಎಡಿನ್ಬರ್ಗ್ | 에든버러 | Эдинбург | ایڈِنبرگ | Edinburgh | Karedin | Эдинбург | Edimburgo | Edinburgh | Edinburgh | Edimburgo | Edimbùrgh | ເອແດມບວກ | Edinburgas | Edinburga | Эдинбург | Edinburgh | Эдинбург | Ētinipara | Единбург | Эдинбург | ꯏꯗꯤꯟꯕꯔꯒ | एडिनबरा | Edinburgh | Edinburgu | အက်ဒင်ဗာရာမြို့ | ادینبورگ | Edinburgh | Edinburgh | Edinburgh | Edinburgh | एदिनबरा | Edinburgh | Edimborg | Эдинбург | ਐਡਿਨਬਰਾ | Edimborgh | ایڈنبرا | ایدینبرګ | Edimburgo | Edinburgh | Edinburgh | Единбург | Edinburgh | Edinburgh | Edimburgu | Edinburgh | ايڊنبرا | Edinburgh | Edėnborgs | Edinburgh | එඩින්බරෝ | Edinburgh | Edinburg | Edinburgh | Edinburgh | Edinburgh | Edinburg | Edinburgh | Edinburgh | எடின்பரோ | ఎడిన్బర్గ్ | Эдинбург | เอดินบะระ | Edinburg | Edinburgh | Edinburq | ma tomo Esin | Edinburgh | Эдинбург | Edinburgh | Edimburgo | Edinburgh | എഡിൻബറോ | אדינבורו | Edynburg | Edinburgh | Эдинбург | Edinburgh | Dún Éideann | Edimburgum | Эдинбург | Единбург | Эдинбург | Edinburg | Edinburgh | 愛丁堡 | エディンバラ | Edimburgo | Edimburgo | Edinburgh | Edinburg | ኤዲንቦሮ | Edimburgo | Edinburg | إدنبرة | إدينبرا | ادنبره | Edimburgu | Edinburq | ادینبورق | Эдинбург | Edinburgh | Edinburg | Эдынбург | Эдынбург | Èdinbereh | Единбург | एडिनबर्ग | এডিনবরা | Dinedin | Edinburgh | Edimburg | Edinburgh (kapital sa apil sa nasod) | ئێدینبەرە | Edimburgu | Edinburg | Edinburg | Эдинбург | Caeredin | Edinburgh | Edinburgh | Edinburgh | Εδιμβούργο | Edinbûrg | Edinburgh | Edinburgo | Edinburgh | Edinburgo | Edimburgu | ادینبرو | Edinburgh | Edinburgh | Edinburgh | Edinburgh | Édimbourg | Edinburgh | Edinburgh | Эдинбург | Idinburg | Единбург | ایڈنبرا | Ebora | Edinburg | Edinburgh | Edinburgh | Edinburgh | Edinburgh | 爱丁堡 | ედინბურგი | עדינבורג | 愛丁堡 | ⵉⴷⵉⵏⴱⵓⵔⴳ | 爱丁堡 | 爱丁堡 | 愛丁堡 | 愛丁堡 | 愛丁堡
Q9381,Adam Smith,1723,1790,Kirkcaldy | Kirkcaldy | Kirkcaldy | Kirkcaldy | Kirkcaldy | Керколди | 柯科迪 | Kirkcaldy | Kirkcaldy | كيركالدي | كيركالدى | Kirkcaldy | Kerkoldi | کرکودی | Керкалдзі | Керкалдзі | Кърколди | কিরক্ক্যালডি | Kirkcaldy | Керколди | Kirkcaldy | Kirkcaldy | Kirkcaldy | Kirkcaldy | Kirkcaldy | Κιρκάλντυ | Kirkcaldy | Kirkcaldy | Kirkcaldy | Kirkcaldy | Kirkcaldy | Kirkcaldy | کیرکالدی | Kirkcaldy | Kirkcaldy | Cair Chaladain | Cathair Challdainn | કિર્કકેલ્ડી | קרקודי | Kirkcaldy | Կերկլոդի | Kirkcaldy | Kirkcaldy | カーコーディ | კერკოლდი | ಕಿರ್ಕ್ಕಾಲ್ಡಿ | 커콜디 | Kirkcaldy | Kerkoldis | 噶谷邸 | Керколди | Kirkcaldy | کیرکالدی | Kirkcaldy | Kirkcaldy | Kirkcaldy | Керколди | کرکالڈی | Kirkcaldy | Kirkcaldy | Kirkcaldy | Kirkcaldy | Kirkcaldy | Kirkcaldy | Kirkcaldy | Kirkcaldy | Kirkcaldy | Kirkcaldy | Kirkcaldy | Kirkcaldy | Kirkcaldy | Kirkcaldy | கிர்க்காலடி | కిర్క్కాల్డి | Kirkcaldy | Керколди | Керколді | کیرککالدی | Кирккалди
Q10411,Odd Børretzen,1926,2012,Fister | Fister | Fister | Fister | Fister | Fister | Fister | Fister | Fister | Fister | Fister
Q9486,Graham Taylor,1944,2017,Worksop | وركشوب | وركشوب | Worksop | وورکساپ | Уэрксап | Уърксоп | Worksop | Worksop | Worksop | Worksop | Γουόρκσοπ | Worksop | Worksop | Worksop | وورکساپ | Worksop | וורקסופ | Ուորքսոփ | Worksop | ワークソップ | Worksop | Worksop | Vērksopa | Worksop | Worksop | Worksop | Worksop | Worksop | Уэрксоп | Worksop | Worksop | Worksop | Ворксоп | ورکشاپ (شہر) | Worksop | 沃克索普
Q11481,Kathleen Booth,1922,2022,Stourbridge | Stourbridge | Стаурбридж | ستوربريدج | Stourbridge | استاوربریج | Стаўрбрыдж | Стаўбрыдж | Стаурбридж | Stourbridge | Stourbridge | Stourbridge | Stourbridge | Stourbridge | Stourbridge | Stourbridge | Stourbridge | استاوربریج | Stourbridge | Stourbridge | Stourbridge | סטורברידג' | Stourbridge | スタウアブリッジ | Stourbridge | Stauerbridžas | Stauerbridžs | Stourbridge | Stourbridge | Stourbridge | Stourbridge | Stourbridge | Stourbridge | Stourbridge | Стауербриџ | Stourbridge | สเตาร์บริดจ์ | Стаурбриҗ | Стаурбридж | سٹوربرج | 斯陶尔布里奇 | 斯陶尔布里奇 | 斯陶尔布里奇 | 斯陶爾布里奇
Q12086,Ernesto Teodoro Moneta,1833,1918,Milán | Milano | Milano | Milan | Milan | Milan | מילאנו | Mailand | Miláno | മിലാൻ | Milano | Milan | Milan | Milano | Milan | Milan | میلان | Milan | Milan | Milán | Milan | Milan | Milan | Milan | Milan | Milan | Milan | Milan | Milan | Միլան | Milan | Milan | Milan | Milan | Milan | Milan | Milan | Milan | Milan | Milan | Milan | Milan | Милан | Milan | Milan | Milan | Milan | Milan | Milan | Мілан | Milan | Milan | Milan | 米蘭 | 米蘭 | Milán | Milán | Milán | Milán | Milán | 米兰 | Milano | Milano | Milano | Milano | ミラノ | Milano | Milà | Милан | Milánó | 米蘭 | Mediolanum | میلان | میلان | Мілан | Мілян | Милано | Милано | Milaan | Милан | Milão | Milano | Милано | Milano | Milano | মিলান | Милан | მილანი | Милан | Милан | Милан | მილანი | 米兰 | 米蘭 | Milano | Milan | ಮಿಲನ್ | ميلانو | ميلانو | Milano | Milano | Milano | Mailand | Mailand | Mailand | Mailand | Милан | Милан | Милан | Milano | మిలన్ | میلان | Milano | Milano | Milano | Milano | Milano | Milano | Milano | Milano | Milano | Milano | Milano | Milano | Milano | Milano | Milano | Milano | Milano | Milano | Milano | Milano | Milano | Milano | Milano | Milano | Milano | Milano | Milano | Milano | Milaan | Milaan | Milaan | Milaan | Mirano | Mailand | Mailand | Милан | ሚላኖ | Megelan | Милан | มิลาน | ma tomo Milano | Miłan | 米蘭 | מילאן | 米蘭 | Milaan | ميلانو | میلان | Милан | མི་ལཱན། | Milanu | Milan | Μιλάνο | Milàn | Milaan | Milã | Μεδιόλανον | મિલાન | Milaan | Mí-làn | मिलानो | Միլանօ | Mílanó | 밀라노 | Милан | Mîlano | Милан | Милан | ມິລານ | Milanas | Milāna | 米蘭 | Милан | मिलान | မီလန်မြို့ | मिलान | मिलान | ߡߌߟߊ߲߫ | ਮਿਲਾਨ | Mediolan | میلان | میلان | Milão | Milaun | Meláne | Милано | मिलानो | Милан | Milanu | Milanu | Mėlans | Milanu | මිලානය | Milano | Mi-lan 米蘭 | மிலன்
Q13888,Luchino Visconti,1906,1976,Milán | Milano | Milano | Milan | Milan | Milan | מילאנו | Mailand | Miláno | മിലാൻ | Milano | Milan | Milan | Milano | Milan | Milan | میلان | Milan | Milan | Milán | Milan | Milan | Milan | Milan | Milan | Milan | Milan | Milan | Milan | Միլան | Milan | Milan | Milan | Milan | Milan | Milan | Milan | Milan | Milan | Milan | Milan | Milan | Милан | Milan | Milan | Milan | Milan | Milan | Milan | Мілан | Milan | Milan | Milan | 米蘭 | 米蘭 | Milán | Milán | Milán | Milán | Milán | 米兰 | Milano | Milano | Milano | Milano | ミラノ | Milano | Milà | Милан | Milánó | 米蘭 | Mediolanum | میلان | میلان | Мілан | Мілян | Милано | Милано | Milaan | Милан | Milão | Milano | Милано | Milano | Milano | মিলান | Милан | მილანი | Милан | Милан | Милан | მილანი | 米兰 | 米蘭 | Milano | Milan | ಮಿಲನ್ | ميلانو | ميلانو | Milano | Milano | Milano | Mailand | Mailand | Mailand | Mailand | Милан | Милан | Милан | Milano | మిలన్ | میلان | Milano | Milano | Milano | Milano | Milano | Milano | Milano | Milano | Milano | Milano | Milano | Milano | Milano | Milano | Milano | Milano | Milano | Milano | Milano | Milano | Milano | Milano | Milano | Milano | Milano | Milano | Milano | Milano | Milaan | Milaan | Milaan | Milaan | Mirano | Mailand | Mailand | Милан | ሚላኖ | Megelan | Милан | มิลาน | ma tomo Milano | Miłan | 米蘭 | מילאן | 米蘭 | Milaan | ميلانو | میلان | Милан | མི་ལཱན། | Milanu | Milan | Μιλάνο | Milàn | Milaan | Milã | Μεδιόλανον | મિલાન | Milaan | Mí-làn | मिलानो | Միլանօ | Mílanó | 밀라노 | Милан | Mîlano | Милан | Милан | ມິລານ | Milanas | Milāna | 米蘭 | Милан | मिलान | မီလန်မြို့ | मिलान | मिलान | ߡߌߟߊ߲߫ | ਮਿਲਾਨ | Mediolan | میلان | میلان | Milão | Milaun | Meláne | Милано | मिलानो | Милан | Milanu | Milanu | Mėlans | Milanu | මිලානය | Milano | Mi-lan 米蘭 | மிலன்
Q12807,Umberto Eco,1932,2016,Alesandrija | Alesandrija | Алэссандрия | अॅलेसेंड्रिया | Alessandria | Alessandria | Alessandria | Алессандри | Alessandria | الیسانڈریا | Alessandria | Alessandria | आलेसांद्रिया | Lisàndria | Alessandria | ඇලෙස්සැන්ඩ්රියා | Alessandria | Alessandria | அலெசாண்ட்ரியா | అలెస్సాండ్రియా | อาเลสซันเดรีย | Алессандрия | Ałesandria | Alessandria | 亚历山德里亚 (意大利) | Alessandria | Alessandria | Alessandria | 亚历山德里亚 | Alexandria | 亚历山德里亚 | Alessandria | Alessandria | Alessandria | Alexandria | Alessandria | Alessandria | Алесандрыя | Алесандрия | Alessandria | Alessandria | אלסנדריה | Ալեսանդրիա | Alessandria | Алессандрия | Alessandria | Алесандрија | Alessandria | Alessandria | Alessandria | Alessandria | Alessandria | 亚历山德里亚 | 亞歷山德里亞 | Alessandria | Lissandria | Алессандрія | Alexandrie | Alexàndria | Alissandria | Alessandria | Alessandria | Alessandria | Alessandria | Alessandria | Alessandria | Alessandria | Alessandria | Alessandria | Alessandria | Alessandria | الیساندریا | Alessandria | آلساندریا | Alessandria | Alessandria | Alessandria | ألساندريا | الساندريا | Alessandria | Alessandriya | آلساندریا | আলেসান্দ্রিয়া | Alessandria | Алессандри | Lisandria | Alessandria | Alessandria | Alessandria | Αλεσσάντρια | Alessandria | Alessandria | Alessandria | Alessandria | Alessandria | એલેસાન્ડ્રિયા | अलेस्सान्द्रिया | Alessandria | Alessandria | アレッサンドリア | ალესანდრია | ಅಲೆಸ್ಸಾಂಡ್ರಿಯ | 알레산드리아 | Alessandria | Alexandria Statiellorum | Alessandria | Lisciandria | Alessandria | Lissandria
Q12113,Hugo Pratt,1927,1995,Rimini | Rimini | Rimini | Ariminum | Rimini | Rimini | Rimini | Rimini | Rimini | 里米尼 | Римини | Ріміні | Rimini | Rimini | ريميني | ريمينى | Rimini | Rimini | ریمینی | Римини | Рыміні | Рыміні | Римини | রিমিনি | Rimini | Rimini | Rímini | Римини | Rimini | Rimini | Римини | Rimini | Rimini | Rimini | Ρίμινι | Rèmin | Rimini | Rimini | Rimini | Rímini | Rimini | Rimini | ریمینی | Rimini | Rimini | Rimini | Rimini | રિમિની | רימיני | रिमिनी | Rimini | Ռիմինի | Rimini | Rimini | Rimini | Rimini | Rimini | リミニ | რიმინი | Rimini | Римини | ರಿಮಿನಿ | 리미니 | Rimini | Rimini | Rimini | Rimini | Riminis | Rimini | Римини | रिमिनी | Rimini | Rimini | Rimini | Rimini | Rimini | Rimini | Rimini | Rimini | Rimini | Rimini | Римини | Rìmin | ریمینی | Rimini | Rimini | Rimini | Rémin | Rimini | Rimini | रिमिनी | Rìmini | Rìmini | Rimini | Rimini | රිමිනි | Rimini | Rimini | Римини | Rimini | Rimini | ரிமினி | రిమిని | รีมีนี | Rimini | Rimini | Римини | ریمینی | Rimano | Rimini | Rimini | Rimini | 里米尼 | 里米尼 | 里米尼 | 里米尼 | 里米尼 | 里米尼
Q11951,Mark Rocco,1951,2020,Manchester | Manchester | Manchester | മാഞ്ചസ്റ്റർ | Manchester | مانشستر | مانشستر | Manchester | Манчестер | Manchester | Manchester | Manchester | منچستر | Manchester | Manchester | Manchester | Manchester | Manchester | Manchester | Manchester | Manchester | Manchester | Манчестер | Манчестер | Manchester | Манчестер | مانچسٹر | Manchester | 曼彻斯特 | 曼彻斯特 | 曼彻斯特 | 曼徹斯特 | Manĉestro | منچستر | マンチェスター | Manchester | Manchester | Манчестър | Manchester | Manchester | ማንችስተር | Manchester | Mameceaster | Mançester | منچستر | Манчестер | Manchester | Манчэстэр | Манчэстэр | ম্যানচেস্টার | Manchester | Manchester | مەنچستر | Manceinion | Manchester | Μάντσεστερ | Manchester | Mánchester | Manchester | Manchester | Manchester | Manchester | Manchain | Manchester | Manchester | માન્ચેસ્ટર | Manchuin | Manchester | Manchester | מנצ'סטר | मैन्चेस्टर | Manchester | Մանչեսթեր | Manchester (Anglaterra) | Manchester | Manchester | მანჩესტერი | Манчестер | មែនឈេសទ័រ | ಮ್ಯಾಂಚೆಸ್ಟರ್ | Manchester | 맨체스터 | مانچِسٹَر | Manchester | Manchester | Манчестер | Mancunium | Manchester | Mančesteris | Mančestra | म्यानचेस्टर | Манчэстэр | Manchester | Манчестер | Манчестер | ꯃꯥꯟꯆꯦꯁ꯭ꯇꯔ | मँचेस्टर | Manchester | منچيستر | Manchester | မန်ချက်စတာမြို့ | Manchester | Mesjester | म्यानचेस्टर | Manchester | Manchêtre | Manchester | Манчестер | ਮਾਨਚੈਸਟਰ | Manchester | مانچسٹر | Manchester | මැන්චෙස්ටර් | Mançester | Манчестер | Manchester | Manchester | மான்செஸ்டர் | మాంచెస్టర్ | Манчестер | แมนเชสเตอร์ | Manchester | Mançester | Mançester | Манчестер | Manchester | Manchéstér | Mančester | 曼彻斯特 | მანჩესთერი | מאנטשעסטער | 曼徹斯特 | Manchester | 曼徹斯特 | 曼徹斯特
Q13898,Guy Fawkes,1570,1606,York | York | York | יורק | Eboracum | York | York | York | York | 約克 | Йорк | York | York | York | York | York | York | ยอร์ก | York | York | York | York | York | York | Eabhrac | ヨーク | 요크 | York | Jork | Йорк | 約克 | 約克 | York | York | York | York | York | York | York | York | York | York | York | York | York | York | York | York | York | York | York | York | York | York | York | York | York | York | York | York | York | York | York | York | York | York | York | York | York | York | York | York | Йорк | York | York | York | York | Ёрк | იორკი | Ёрк | Յորք | يورك | Jorko | یورک | Јорк | 约克 | 約克 | Йорк | 約克 | Йорк | Йорк | یورک | Йорк | York | 约克 | یورک | Eoforwic | يورك | یورک | ইয়র্ক | یۆرک | Йорк | Efrog | Γιορκ | Eabhraig | 𐌹𐌰𐌿𐍂𐌺 | Ἐβόρακον | યોર્ક | यॉर्क | ಯಾರ್ಕ್ | Evrek | Jorkas | Jorka | Ioka | Јорк | ꯌꯣꯔ꯭ꯛ (ꯃꯌꯣꯜꯂꯝꯂꯦꯟ) | यॉर्क | Évèroui | یارک | Iorque | යෝක් | Јорк | யார்க் | యార్క్ | Йорк | York (shahar) | 约克 | יארק | 約克 | 约克 | 约克
Q13529,Alfred Marshall,1842,1924,Londen | 倫敦 | Lonn | Lunnainn | Londye | ಲಂಡನ್ | 𐌻𐌰𐌿𐌽𐌳𐌰𐌿𐌽 | London | લંડન | Lunnin | Landan | Lùn-tûn | Lākana | लंदन | London | Лондон | Landan | london | Лондон | Lɔndrɩ | London | London | Лондон | ទីក្រុងឡុង | ಲಂಡನ್ | Лондон | Лондон | لَندَن | Лондон | Loundres | Londra | Лондон | Лондон | Lundra | Londoni | ລອນດອນ | لندن | लन्दन | लण्डन | Лондон | Лондон | Rānana | Лондон | Лондон | लंडन | Лондон | Londra | လန်ဒန်မြို့ | Лондон ош | Lûn-tun | 倫敦 | Londen | लण्डन | लण्डन | ߟߐ߲ߘߐ߲߬ | Tooh Dineʼé Bikin Haalʼá | Landan | ଲଣ୍ଡନ | Лондон | ਲੰਦਨ | لندن | Λονδίνο | لندن | lundun | Lunrun | Лондон | Londra | लन्डन् | Лондон | ᱞᱚᱱᱰᱚᱱ | لنڊن | Londons | Lunḍun | လၼ်ႇတၼ်ႇ | ලන්ඩන් | لندن | Lonetona | Lontoo | Londër | Лондон | ꠟꠘ꠆ꠒꠘ ꠘꠉꠞ | Lůndůn | Lon-tun | இலண்டன் | లండన్ | Лондон | Лондон | Lonitoni | ma tomo Lantan | Landen | Лондон | Лондон | Łondra | Londn | Londar | 伦敦 | ლონდონი | לאנדאן | Lọndọnu | Lunzdunh | Londra | Londrez | לונדון | Londres | Londýn | Londýn | London | London | ലണ്ടൻ | London | ロンドン | Londres | London | London | لندن | Londyn | لندن | لندن | লন্ডন | Лондон | London | London | London | لندن | London | London | Londonas | London | London | London | Лондон | London | Лондон | لندن | London | London | Londen | 倫敦 | Londres | Londres | Лондан | Londinium | 伦敦 | 倫敦 | London | London | London | London | London | London | Лёндан | London | London | London | London | London | London | London | London | London | London | London | London | London | London | London | London | London | London | London | London | London | London | London | London | London | London | London | ლონდონი | London | London | London | London | London | London | London | London | London | London | London | London | London | London | London | London | London | London | London | London | London | London | London | London | London | London | London | London | London | London | London | London | London | London | London | London | 倫敦 | Londres | 런던 | Londona | Londra | Londe | Londres | Londono | Londain | Londres | Լոնտոն | Londres | ลอนดอน | 倫敦 | Лондон | Лондон | Лондон | 倫敦 | 伦敦 | 倫敦 | Londe | Londe | Лондон | Лондон | لندن | Лондон | Londres | Londres | Londres | Lunnon | Lonn | Londre | Londre | Londra | Londra | Londra | Londra | Londra | Londra | Londra | Londra | Լոնդոն | Luân Đôn | Londres | Londres | Londres | Londres | Londres | Londres | لندن | Llundain | لندن | Лондон | Лондон | Londen | ለንደን | London | Lunden | लंदन | ܠܘܢܕܘܢ | لونضون | লণ্ডন | Лондон | लण्डन | Лондон | Londen | लंदन | ལོན་ཊོན། | Landan | Лондон | Lùng-dŭng | ᎫᎴ ᏗᏍᎪᏂᎯᏱ | لەندەن | London | Лондонъ | London | Londra | लण्डन | ލަންޑަން | Λονδίνο | Lòndra | London | Londri | Lontoo | Lodoni | Londen | ⵍⵓⵏⴷⵓⵏ | 倫敦 | 伦敦 | 伦敦 | ILondon
Q13007,Lidia Zamenhof,1904,1942,Warsjau | Vársá | Varşava | Warsaw | Varsovia | Varsóvia | Warsaw | વૉરસો | Warszawa | Warszawa | Fà-sâ | वारसॉ | Warsaw | Varšava | Waršawa | Vasovi | Վարշաւա | Varsovia | Warsawa | Warszawa | Warszawa | Warsaw | Warszawa | Varsjá | Warsaa | Warsawa | ვარშავა | Varshava | Waṛsu | Варшавэ | Farsoovii | Warszawa | Варшава | Варшава | Warszawa | ವಾರ್ಸಾ | 바르샤바 | 와르샤와 | Варшава | Warşova | Варшава | Warszawa | Варшава | Varsovia | Varsovia | Warszawa | Warszawa | Varsavvia | Varsavia | Warsaw | ورشو | Varšuva | Varšova | Varšava | 華沙 | वारसॉ | Варшава | Varsôvia | Варшаве | Pakangakite | Warsawa | Варшава | Варшав | Варшовия | वर्झावा | Варшава | Warsaw | Varsavja | Warszawa | ဝါဆောမြို့ | Варшава ош | ورشو | Warsaw | Varsovia | Warszawa | Varsavia | Warszawa | वार्सा | वार्सः | Warszawa | Varsava | Varsovie | Warszawa | Tóigohí | Warsaw | Varsòvia | Varšavu | Warszawa | ୱାରସ | Варшавæ | Barsobya | Varsovia | Varsovie | Woarschau | Worsaaw | Varsavia | وارسا | وارسا | Varsóvia | Varsóvia | Varsovia | Varsavia | Warszawa | Varsovie | Warschau | Varšava | Varšava | Warsaw | വാഴ്സ | ורשה | ワルシャワ | Warschau | ਵਾਰਸਾ | Варшава | 华沙 | Varsó | Վարշավա | وارسو | Warsaw | Варшава | وارسا | Варшава | Варшава | وارسو | Warsaw | Warsaw | Warsaw | ورشو | Варшава | Варшава | Warschau | Warschau | Warschau | Warschau | Warschau | Warschau | Warschau | Warschau | Варшава | Warsawa | Варшавэ | Warskou | ዋርሶው | Varsovia | Warsaw | ܘܐܪܣܘ | وارسو | Varsovia | Варшава | Warszawa | Varsovia | Varşava | ورشو | Варшава | Warsawa | Warsaw | Warso | Warsaw | Warszawa | ওয়ারশ | ཝར་སོ། | Varsovia | Varšava | Варшава | Varsòvia | Warszawa | Huà-să | Warszawa | Warszawa | وارشۆ | Varsavia | Varşava | Varşava | Warszawa | Варшава | Варшава | Warszawa | Warszawa | Warşowa | Waršawa | Warsaw | Βαρσοβία | Varsàvia | Varsovio | Varssavi | Varsovia | Varsóvia | Warsaw | Varsova | Warszawa | Warszawa | Varsovie | Warschau | Varsavie | Warszawa | Varsovia | Warsaw | Warszawa | Varșovia | Варшава | Varshava | Warszawa | वार्सा | Варшава | ᱣᱟᱨᱥᱳ | Varsavia | Varsavia | وارسا | Warszawa | Warsaw | Varšova | Varšava | වර්සව් | Varšava | Varsova | Warsaw | Varshava | Варшава | Варшава | Warsaw | Warschau | Warsawa | Warszawa | Warshawa | ꠅꠣꠞꠍꠅ ꠘꠉꠞ | Warszawa | Huwasa 華沙 | வார்சா | వార్సా | Varsóvia | Варшава | Варшава | วอร์ซอ | ዋርሳው | Warşawa | Warsaw | Varšava | Warsaw | ma tomo Wasawa | Woso | Varşova | Варшава | Warszawa | Warszawa | Patava | Варшава | Warshawa | Varshava | Warszawa | Varsavia | Varšav | Warszawa | Warszawa | Varssavi | Warsovya | Warsaw | 瓦萨瓦 | Warszawa | ვარშავა | ווארשע | Warsaw | 華沙 | Warschau | 华沙 | 华沙 | 華沙 | 華沙 | 華沙 | 华沙 | 华沙 | 華沙 | IWarshawa | وارسو | varcavas
Q12998,Georges Lemaître,1894,1966,Charleroi | Шарлероа | চার্লেরোই | Charleroi | Charleroi | Charleroi (parokya) | Charleroi | Σαρλερουά | Charleroi | Charleroi | شارلروآ | Charleroi | Charleroi | Charleroi | ચાર્લોરોઈ | चार्लेरोई | Charleroi | Շառլեռուա | Charleroi | Charleroi | Charleroi | შარლერუა | ಚಾರ್ಲೆರೊಯ್ | 샤를루아 | Charleroi | Charleroi | Šarlerua | Šarlruā | Шарлероа | चार्लेरोई | Charleroi | Charleroi | Charleroi | Шарлеруа | Charleroi | چارلیروئی | Charleroi | Charleroi | චාලෙරෝයි | Charleroi | Шарлроа | Charleroi | Charleroi | சார்லரோய் | షార్లేర్వా | ชาร์เลอรัว | شالروا | Charleroi | Šarlerua | Charleroi | 沙勒罗瓦 | 夏勒華 | Charleroi | 夏勒哇 | 沙勒羅瓦 | Charleroi | Charleroi | Charleroi | Charleroi | Charleroi | Charleroi | Charleroi | Charleroi | Шарлеруа | Charleroi | Charleroi | Charleroi | Charleroi | Charleroi | שרלרואה | Charleroi | シャルルロワ | Caroloregium | Charleroi | Charleroi | Carleroé | Шарлеруа | Charleroi | Charleroi | Tchålerwè | Шарлеруа | Шарлеруа | شارلوروا | Charleroi | Charleroi | Charleroi | Charleroi | Charleroi | Charleroi | 沙勒罗瓦 | Шарлеруа | Charleroi | Charleroi | شارلوروا | Charleroi | Şarlerua
Q14077,Juana Manuela Gorriti,1818,1892,Rosario de la Frontera | Rosario de la Frontera | Rosario de la Frontera | Rosario de la Frontera | Rosario de la Frontera | Rosario de la Frontera | Rosario de la Frontera | Rosario de la Frontera | Rosario de la Frontera | Rosario de la Frontera | Rosario de la Frontera | Rosario de la Frontera | Rosario de la Frontera | Росаріо-де-ла-Фронтера | Rosario de la Frontera | 羅薩里奧德拉弗龍特拉 | 羅薩里奧德拉弗龍特拉
Q13245,Adolf Tobler,1835,1910,Hirzel | Hirzel | Hirzel | Hirzel | Hirzel | Hirzel | Hirzel | Hirzel | Hirzel | Hirzel | Hirzel | Hirzel | Hirzel | Hirzel | Hirzel | Hirzel | Hirzel | Hirzel | Hirzel | Hirzel | Hirzel | Hirzel | Hirzel | Hirzel | Hirzel | Hirzel | هيرتزل | Гірцэль | Хирзел | Хирцель | هیرزل | Hiirzel | הירצל | Հիրցել | ჰირცელი | Хирцель | Хирцель | Гірцель | 希瑟爾 | 希瑟尔
Q15792,Duccio di Buoninsegna,1255,1319,Siena | Siena | Siena | Сиена | Siena | Siena | Sienne | سيينا | Сијена | Siena | سيينا | Siena | Сіена | Сиена | Siena | Σιένα | Siena | סיינה | Սիենա | Сиена | Siena | Siena | Siena | Siena | Siena | Siena | Siena | Siena | Siena | Siena | Siena | Siena | Siena | Siena | Siena | Siena | Siena | Siena | Siena | Siena | Siena | Siena | Siena | Siena | Siena | Siena | Siena | Siena | Siena | Siena | Siena | Siena | Siena | Sienne | Siena | Siena | Siena | Сіена | সিয়েনা | Siena | Сиена | Siena | Siena | Séna | Siena | Siena | Sieno | سیهنا | Siene | Siena | Siena | सियेना | Siena | Siena | Siena | Siena | シエーナ | Siena | სიენა | Сиена | 시에나 | Siena | Sena Iulia | Siena | Siena | Siena | Siena | Sjēna | Сьена | सियेना | Siena | Siena | Siena | Сиенæ | Siena | Sien-a | Siena | Siena | सिएना | Siena | Siena | Siena | Siena | Siena | Siena | Siena | சியேனா | ซีเอนา | Сиена | Сієна | سئینا | Siena | Siena | 西耶那 | 士耶拿 | 锡耶纳 | 西恩納 | Siena
Q15806,Dragotin Kette,1876,1899,إيليرسكا بيتريسا | Илирська Бистриця | Ilirska Bistrica (munisipyo) | Bisterza | Ilirska Bistrica | Ilirska Bistrica | Ilirska Bistrica | Ilirska Bistrica | Ilirska Bistrica | Ilirska Bistrica | ইলিরস্কা বিস্ত্রিকা | Ilirska Bistrica | Ilirska Bistrica | Ilirska Bistrica | Ilirska Bistrica | Ilirska Bistrica | Ilirska Bistrica | Ιλίρσκα Μπιστρίκα | Ilirska Bistrica | Ilirska Bistrica | ایلیرسکا بیتریتسا | Ilirska Bistrica | Ilirska Bistrica | ઇલિર્સ્કા બિસ્ટ્રીકા | इलिरस्का बिस्ट्रिका | Ilirska Bistrica | Ilirska Bistrica | Ilirska Bistrica | イリルスカ・ビストリツァ | ಇಲಿರ್ಸ್ಕಾ ಬಿಸ್ಟ್ರಿಕ | 일리르스카비스트리차 | Bistertia Illyrica | Ilirska Bistrica | Ilirska Bistrica | Илирска Бистрица | Илирска Бистрица | इलीस्का बिस्ट्रिका | Ilirska Bistrica | Ilirska Bistrica | Ilirska Bistrica | Ilirska Bistrica | Ilirska Bistrica | Илирска-Бистрица | ඉලිර්ස්කා බිස්ට්රිකා | Ilirska Bistrica | Ilirska Bistrica | Илирска Бистрица | Ilirska Bistrica | இளிர்ஸ்கா பிஸ்டரிகா | ఇలిర్స్కా బిస్ట్రికా | อิลีร์สกาบีสตริตซา | Илирска-Бистритса | Ілірська Бистриця | یلیرسکا بیستریکا | Ilirska Bistrica | 伊利爾斯卡比斯特里察 | 伊利尔斯卡比斯特里察 | Ilirska Bistrica
Q15738,Ossi Laaksonen,1936,2016,Lahtis | Lahti | Lahti | Lahti | Lahti | Lahti | Lahti | Lahti | ラハティ | Лахти | Lahti | Lahti | Lahti | Lahti | Lahti | لاهتي | لاهتى | Lahti | Lahti | Лахти | Лахты | Лахці | Лахти | লাহতি | Lahti | Lahti | Лахти | Lahti | Lahti | Λάχτι | Lahti | Lahti | Lahti | لاختی | Lahti | Lahti | Lahti | લાટી | לאהטי | लाह्ति | Lahti | Lahti | Լահթի | Lahti | Lahti | Lahti | Lahti | Lahti | ಲಾಹ್ಟಿ | 라흐티 | Лахти | Lahti | Lahti | Lahti | Lahtis | Lahti | Лагти | Лахти | Lahti | Лахти | लाटी | Лахти | Lahti | Lahti | Лахти | Lahtis | Lahti | Lahtis | Lahti | Лахти | Lahti | لاہتی | Lahti | Lahti | Lahti | Lahti | Lahti | ලහ්ටි | Lahti | Lahti | Lahti | Lahti | Lahti | Лахти | Lahti | லாடி | లాహ్తి | ลาห์ตี | Lahti | Лаһти | Lahti | Лахти | Лагті | لاہتی | Laxti | Lahti | Laht | Lahti | Lahti | Lahti | 拉赫蒂 | 拉赫蒂 | 拉赫蒂 | 拉赫蒂
Q15869,Freddie Mercury,1946,1991,"Zanzibaro (urbo) | شهرستان زنگبار | Sânsibar | Cathair Zanzibar | ઝાંઝીબર શહેર | Zanzibar (birni) | זנזיבר סיטי | ज़ंज़ीबार सिटी | Zanzibar (grad) | Զանզիբար (քաղաք) | Kota Zanzibar | ザンジバルシティ | Занзибар (қала) | ಜಂಜಿಬಾರ್ ನಗರ | 잔지바르 시 | Zanzibaras (miestas) | झांझिबार शहर | Zanzibar City | Zanzibar (miasto) | Zanzibar (oraș) | සන්සිබාර් නගරය | Zanzibar (mesto) | Zanzibar (Jiji) | சாண்ஸ்ய்பர் நகரம் | జంజిబార్ నగరం | Занзибар Ситӣ | ซานซิบาร์ | Zanzibar City | Zanzibar City | Занзібар (місто) | زنجبار شہر | Thành phố Zanzibar | Zanzibar (syudad) | Ìlú Zanzibar | 桑給巴爾市 | 桑给巴尔市 | Zanzibar, Idolobhakazi | Zanzibar | Zanzibar | Zanzibar | Zanzibar | Zanzibar | Zanzíbar | Zanzibár | Занзібар | Занзыбар | Zanzibar | Sansibar | Zanzibar | ზანზიბარი | Zanzibāra | Zanzibar | Занзибар | Zanzibar | Zanzibar | Zanzibar | Занзибар | Zanjibar | Zanzibar | Zanzibarstad | مدينة زنجبار | مدينة زنجبار | Zanzibar City | Zanzibar (widava) | Zənzibar (şəhər) | زنقبار (شهر) | Zanzibar (Stodt) | Занзибар (град) | জাঞ্জিবার সিটি | Ciutat de Zanzíbar | Zanzibar | Zanzibar (dinas) | Zanzibar by | Sansibar Stadt | Πόλη της Ζανζιβάρης | Zanzibar City"
Q14278,John Frederick William Herschel,1792,1871,Slough | Slough | Slough | Slough | Slough | Slough | Slough | Slough | Slough | Slough | Slough | Slough | Slough | Slough | Slough | Slough | Slough | Slough | Slough | Slough | Slough | Slough | Slough | Slough | Slough | Slough | Slough | Slough | Slough | Slough | Slough | Slough | Slough | Slough | Slough | سلاو | Слаў | Սլաու | Слау | Слау | سلاو | اسلاو، اینگیلیس | Слау | Слау | স্লাউ | Σλάου | اسلاو، انگلستان | Slough | Slough | સ્લૉ | Slough | סלאו | Slough | スラウ | სლაუ | ಸ್ಲೊಗ್ | 슬라우 | Slough | Slau | Slau | Slough | Slough | Slough | Слау | Слау | Slau | சலூக்ஹ் | స్లౌగ్ | Слау | Slough | Слау | سلووگھ | Slough | Slough | 斯劳 | 斯劳 | 斯劳 | 斯勞 | 斯勞 | 斯劳 | 斯勞 | Slough
Q15953,Fritz Mauthner,1849,1923,Hořice | Hořice | Hořice | Hořice | Hořice | Hořice | Hořice | Hořice | Hořice | Hořice | Хоржице | Hořice | Hořice v Podkrkonoší | Hořice | Hořice | Hořice | Hořice | Hořice | Hořice | Hořice | Hořice | Hořice | Hořice | Hořice | Hořice | Hořice | Hořice | Hořice | Hořice | Hořice | Hořice | Hořice | Hořice | Hořice | Hořice | Hořice | Hořice | Hořice | Hořice | Hořice | Hořice | Hořice | Hořice | Hořice | Hořice | Hořice | Hořice | Hořice | Hořice | Hořice | Hořice | Hořice | Hořice | Hořice | Hořice | Hořice | Hořice | Хоржице | Hořice | Hořice | Χόριτσε | هوریتسه (ناحیه ییچین) | Hořice | Hořice | Hořice | הוז'יצה | Հորժիցե | Hořice | Hořice | ホジツェ | Hořice | Hořice | Hořice | Hořice | Hořice | Hořice | Horžicės | Hořice | Hořice | Hořice | Hořice | Hořice | Hořice | Hořice | Hořice | Hořice | Горжице | Hořice | Hořice | Město Hořice | Һоржитсе | Hořice | Hořice | Hořice | Hořice | Hořice | 霍日采 | 霍日采 | Hořice
Q17169,Giovanni Bellini,1430,1516,Venecia | Venezia | Venedig | ונציה | Benátky | Venise | Venedig | Venice | വെനീസ് | Venedig | ヴェネツィア | Venezia | Venezia | Venezia | Venezia | Venezia | Venezia | Venezia | Venezia | Venezia | Venezia | Venezia | Venezia | Venezia | Venezia | Venezia | Venezia | Venezia | Venezia | Venezia | Venezia | Venezia | Venezia | Venezia | Venezia | Venezia | Venezia | Venezia | Veneza | Veneza | Benátky | Wenecja | Venetsia | Венеция | Venècia | Венеция | ვენეცია | Венеция | Венеция | Velence | Венеція | 威尼斯 | 威尼斯 | 威尼斯 | Venetië | Вэнэцыя | Venice | Venice | Venice | Venice | Venice | Venice | Veneetsia | Venecija | Venecija | Венецыя | Венеция | Vî-nì-sṳ̂ | Վենետիկ | Venetia | Venesia | Feneyjar | Venesia | Vinetsiya | Vinisya | Feeniizi | Venesia | 베네치아 | Benesya | Venedîk | Wênîs | Венеция | Венеция | Venetiae | Venedeg | Venies | Venessia | Unieja | Venèzia | ເວນີສ | 威尼斯 | भेनिस | Вэнэция | Венеций | Wēneti | Венец | ꯚꯦꯅꯤꯁ | व्हेनिस | Venezja | ဗင်းနစ်မြို့ | Венеция ош | ونیز | Venies | भेनिस | V'nise | Venècia | Венеци | ਵੈਨਿਸ | Venise | Venessia | وېنيس | Vnescha | Венеція | वेनिस | Венеция | Vinezzia | Venetsia | Benetke | Venetsia | Venetsia | Венеција | Vénésia | Wynecyjo | Wi-nis 威尼斯 | வெனிசு | Венетсия | Venetsiya | ma tomo Wenesija | Venedik | Венеция | Венеция | Wénitsiye | Venesiya | Венеци | Վենետիկ | Венеција | Venecija | Venesya | වැනීසිය | Venecia | เวนิส | 威尼斯 | Venecia | Venecia | Venecia | Βενετία | Venèsia | وینس | Venecia | Venis | Veneția | ونیز | Venēcija | ভেনিস | વેનિસ | वेनिस | ವೆನಿಸ್ | भेनिस | వెనిస్ | 威尼斯 | 威尼斯 | 威尼斯 | 威尼斯 | 威尼斯 | 威尼斯 | وینس | Уанаҿа | Venesië | ቬኒስ | Venetia | البندقية | ڤينيزيا | فينيسيا | Venesiya | ونیز | Vénesia | Venedig | ཝེ་ནེ་ཟི་ཡ། | Venecija | ڤێنیز | Venedik | Venedik | Wenecjô | Венеци | Fenis | Venedig | Venedik | Venêzia | Venecio | Venécia | Venesia | Vènisa | Venedig | Vignesie | Feneesje | An Veinéis | Venésia | Ἐνετία | Venedig | Yn Veneesh | Venecii | Venetië | 威尼斯 | IVenice | ვენეცია | ווענעציע | Venetië | Venice
Q16873,Juan Carlos Onetti,1909,1994,Montevideo | Montevideo | Montevídeó | モンテビデオ | მონტევიდეო | Montevideo | Montevideo | Монтевидео | Монтевидео | Montevideo | ಮಾಂಟೇವಿಡಿಯೋ | 몬테비데오 | 몬떼비데오 | Montevideo | Монтевидео | Urbs Montis Videi | Montevideo | Montevideo | Монтевидео | Montevideo | Montevideo | Montevideo | مونته ویدئو | Montevidėjas | Montevideo | Montevideo | Монтэвидэо | Montevideo | Mangaata | Montevideo | Монтевидео | Монтевидео | मोन्तेविदेओ | Montevideo | Montevideo | မွန်တီဗစ်ဒီအိုမြို့ | مونته ویدئو | Montevideo | Montevideo | Montevideo | Montevideo | Montevideo | Montevideo | Montevideo | Montevideo | Montevideo | ମଣ୍ଟିଭିଡ଼ିଓ | Монтевидео | ਮੋਂਤੇਵੀਦਿਓ | Montevideo | Montevidéu | Montevideo | Montevideo | Montevideo | Montevideo | مونٹیویڈیو | مونټي ویډو | Montevidéu | Montevidéu | Montevideo | Montevideo | Montevideo | Montevideo | Montevideo | Монтевидео | Montevideo | Montevideo | Montevideo | Muntividèu | Montevideo | مونٽي ويڊيو | Montevideo | Montevidiejos | Montevideo | မွၼ်တီဝိတ်ႉတေးဢူဝ်ႇ | මොන්ටෙවීඩියෝ | Montevideo | Montevideo | Montevideo | Montevideo | Montevideo | Montevideo | Монтевидео | Montevideo | Montevideo | Montevideo | மொண்டேவீடியோ | మోంటేవీడియో | Montevideu | Монтевидео | Монтевидео | มอนเตวิเดโอ | Montowideo | Montevideo | Montevideo | Montevideo | Монтевидео | Montevideo | Монтевидео | مونتېۋىدېئو | Montevideo | Montevideo | മൊണ്ടേവീഡിയോ | Montevideo | Montevideo | Монтевидео | Montevideo | Montevideo | Montevideo | Монтевидео | Montevideo | Montevideo | Монтевидео | Montevideo | Montevideo | ሞንቴቪዴዎ | Montevideo | مونتفيدو | مونطيڤيديو | مونتيڤيدييو | Montevidéu | Montevideo | Muntividëw | Montevideo | مونتهویدئو | Монтевидео | Montévidéo | Montevideo | Montevideo | Мантэвідэа | Мантэвідэо | মোন্তেভিদেও | མཱོན་ཊི་ཝི་ཌོ། | Montevideo | Montevideo | Montevideo ciudad | Montevideo | Монтевидео | Montevideo | مۆنتیڤیدیۆ | Montevideo | Montevideo | Монтевидео | Montevideo | Montevideo | Montevideo | Μοντεβιδέο | Montevideo | Montevideo | Montevideo | Montevideo | Montevideo | مونتهویدئو | Montevideo | Montevideo | Montevideo | Montevideo | Montevideo | Montevideo | Montevideo | Montevideo | Montevideo | મોન્ટેવીડિયો | Montevideo | Montevideo | Montevideo | מונטווידאו | मोण्टेवीडियो | Montevideo | Montevideo | Montevideo | Montevideo | Մոնտեվիդեո | Մոնթէվիտէօ | Montevideo | Montevideo | Монтевідео | مونٹیویڈیو | Montevideo | Montevideo | Montevideo | Montevideo | Montevideo | Montevideo | Montevideo | 蒙得维的亚 | მონტევიდეო | מאנטעווידעא | Montevideo | 蒙特維多 | Montevideo | 蒙得维的亚 | 蒙得维的亚 | 蒙得维的亚 | 蒙特維多 | 蒙特維多 | 蒙特維多 | i-Montevideo | मोन्तेभिदियो
Q17714,Stephen Hawking,1942,2018,Oxford | ਆਕਸਫ਼ੋਰਡ | آکسفورڈ | Oxford | Oxford | Oxonia | ഓക്സ്ഫോഡ് | אוקספורד | Oxford | Oxford | ఆక్స్ఫర్డ్ | Oxford | Oxford | Oxford | Oxford | Oxford | Oxford | Oxford | Oxford | Oxford | Oksfordo | Oxford | Oxford | Oxford | Oxford | Oxford | Oxford | Oxford | Oxford | Oxford | Oxford | Oxford | Oxford | Oxford | Oxford | Oxford | Oxford | Oxford | Oxford | Oxford | Oxford | Oxford | Oxford | Oxford | Oxford | Oxford | Oxford | Oxford | Oxford | Oxford | Oxford | Oxford | Oxford | Oxford | Oxford | Oxford | 牛津 | Oxford | Oxford | اوكسفورد | Оксфорд | Оксфорд | آکسفورد | オックスフォード | ოქსფორდი | Оксфорд | Оксфорд | Oxford | Оксфорд | Oxford | Оксфорд | Оксфорд | 옥스퍼드 | Oxford | Оксфард | Oxford | Oxford | Oxford | Oxford | Oxford | Oxford | Oxford | Oxford | Oxford | Oxford | Oxford | Oxford | Oxford | Oxford | Oxford | Oxford | Oxford | Oxford | Oxford | Oxford | آکسفورد | Оксфорд | Оксфорд | أكسفورد | 牛津 | Oksford | Оксфард | Օքսֆորդ | Оксфорд | اوکسفرڈ | Оксфорд | অক্সফোর্ড | Оқсфорд | ኦክስፎርድ | Oxnaford | آکسفورد | Оксфорд | Oxford (kapital sa kondado sa Hiniusang Gingharian) | ئۆکسفۆرد | Rhydychen | Οξφόρδη | Àth nan Damh | ઓક્ષફર્ડ | Aah yn Ollee | ऑक्सफोर्ड | Օքսֆորտ | Oksford | Oksford | ಆಕ್ಸ್ಫರ್ಡ್ | Rysoghen | Oksfordas | Oksforda | Оксфорд | Оксфорд | ꯑꯣꯛꯁ꯭ꯐꯣꯔ꯭ꯗ | ऑक्सफर्ड | အောက်စဖို့မြို့ | Oksford | آڪسفورڊ | Oksfuords | ඔක්ස්ෆර්ඩ් | Oksford | ஆக்சுபோர்டு | ออกซฟอร์ด | Oksford | Oksford | Oksford | 牛津 | אקספארד | 牛津 | 牛津 | 牛津 | 牛津 | 牛津 | 牛津 | 牛津 | 牛津
Q17959,Auguste Boissonneau,1802,1883,Saumur | Saumur | Saumur | Сомюр | Сомюр | Saumur | Saumur | Saumur | Saumur | سومور | سومور | Saumur | Saumur | سومور | Saumur | Самюр | Самюр | Сомюр | Saumur | Saumur | Saumur | Saumur | СомуьгӀ | Saumur | Saumur | 索米爾 | Saumur | Saumur | Saumur | Saumur | Saumur | Saumur | Saumur | Σωμύρ | Saumur | Saumur | Saumur | Saumur | Saumur | سومور | Saumur | Saumur | Saumur | Saumur | Saumur | Saumur | Saumur | Saumur | Saumur | סומיר | Saumur | Saumur | Սոմյուր | Saumur | Saumur | Saumur | Saumur | Saumur | Saumur | ソミュール | Saumur | Saumur | Saumur | Saumur | 소뮈르 | Saumur | Salmurium | Saumur | Saumur | Saumur | Saumur | Saumur | Somīra | Saumur | Saumur | Сомир | Saumur | سومور | Saumur | Saumur | Saumur | Saumur | Saumur | Saumur | Saumur | Saumur | Saumur | Saumur | Saumur | Saumur | Saumur | Saumur | Saumur | Saumur | Saumur | Saumur | Saumur | Saumur | Saumur | Saumur | Saumur | Saumur | Saumur | Сомир | Saumur | Saumur | Saumur | Saumur | Saumur | Сомюр | Saumur | Saumur | Saumur | Saumur | Saumur | Saumur | Saumur | Saumur | Saumur | 索米尔 | 索米爾 | 索米尔 | 索米尔 | 索米尔 | 索米爾 | 索米爾 | 索米尔
Q26099,Chris Wood,1944,1983,Birmingham | Birmingham | ബിർമിങ്ഹാം | Birmingham | Birmingham | Birmingham | Birmingham | Бирмингам | バーミンガム | Birmingham | Birmingham | Birmingham | برمنغهام | Birmingham | Birmingham | Birmingham | Birmingham | Birmingham | Birmingham | Birmingham | Birmingham | Birmingham | Birmingham | Birmingham | Birmingham | Birmingham | Birmingham | Birmingham | Birmingham | Birmingham | Birmingham | Birmingham | Birmingham | Birmingham | Birmingham | Birmingham | Birmingham | Birmingham | Birmingham | Birmingham | Birmingham | Birmingham | Birmingham | Birmingham | Birmingham | Birmingham | Birmingham | Birmingham | Birmingham | Birmingham | Birmingham | Birmingham | Birmingham | Birmingham | Birmingham | Birmingham | Birmingham | Birmingham | Birmingham | Birmingham | Birmingham | Birmingham | Birmingham | Бирмингем | Birmingham | Birmingham | Birmingham | Birmingham | Birmingham | Birmingham | Birmingham | Birmingham | Birmingham | Birmingham | Birmingham | Birmingham | Birmingham | Birmingham | Birmingham | 伯明翰 | برمنجهام | Бирмингем | ბირმინგემი | Birmingham | Birmingham | Birmingham | Бірмінгем | برمنگھم | 伯明翰 | 伯明翰 | 伯明罕 | Birmingem | Բիրմինգհեմ | בירמינגהאם | በርሚንግሃም | Beormingahām | Birmingham | Birminhem | بیرمینگام | Бирмингем | Birmingham | Бірмінгем | Бірмінггэм | বার্মিংহাম | Birmingham | Birmingham (kapital sa kondado sa Hiniusang Gingharian) | بێرمینگام | Бирмингем | Birmingham | Μπέρμιγχαμ | Birmingham | بیرمنگام | Birmingham | Birmingham | Birmingham | بیرمنگام | Birmingham | બર્મિંગહામ | Birmingham | Birmingham | Birmingham | ברמינגהאם | बर्मिंघम | Birmingham | Birmingham | Birmingham | Birmingham | Бирмингем | ಬರ್ಮಿಂಗ್ಹ್ಯಾಮ್ | 버밍엄 | Birmingham | Birmingham | Бирмингем шаары | Birminghamia | Birmingamas | Birmingema | Бирмингэм | Бирмингем | Бирмингем | ꯕꯔꯃꯤꯡꯘꯝ | Birmingham | बर्मिंगहॅम | Birmingham | ဘာမင်ဂမ်မြို့ | بیرمنگام | Birmingham | बर्मिङ्घम | Birmingham | Бирмингем | ਬਰਮਿੰਘਮ | برمنگم | Birmingham | Birmingham | Birmingham | बर्मिङ्घम् | Bėrmėngams | බර්මින්ග්හැම් | Birmingham | Birmingham | Бирмингем | Birmingham | ꠛꠣꠞꠝꠤꠋꠀꠝ | Birmingham | பர்மிங்காம் | బర్మింగ్హామ్ | Бирмингем | เบอร์มิงแฮม | Birmingham | Birmingem | ma tomo Peminan | Birmingham | Birminghem | Birmingham | Birmingham | Birmin'gxam | Birmingem | Birmingham | 伯明翰 | 伯明翰 | 伯明翰 | 伯明罕
Q25990,Richard Thoma,1847,1923,Бондорф | Bonndorf im Schwarzwald | Bonndorf im Schwarzwald | Bonndorf im Schwarzwald | Bonndorf im Schwarzwald | Bonndorf im Schwarzwald | Bonndorf im Schwarzwald | Бондорф им Шварцвалд | Bonndorf im Schwarzwald | Bonndorf im Schwarzwald | Bonndorf im Schwarzwald | Bonndorf im Schwarzwald | Бондорф (Шварцвальд) | Bonndorf im Schwarzwald | Бонндорф | Bonndorf im Schwarzwald | Bonndorf im Schwarzwald | Bonndorf | Bonndorf im Schwarzwald | Bonndorf im Schwarzwald | Bonndorf im Schwarzwald | Bonndorf | Bonndorf im Schwarzwald | 邦多尔夫伊姆斯希瓦尔茨瓦尔德 | Bonndorf im Schwarzwald | Bonndorf im Schwarzwald | Bonndorf im Schwarzwald | بوندورف | بوندورف | Bonndorf im Schwarzwald | بندورف در جنقل سیاه | Bonndorf im Schwarzwald | Bonndorf im Schwarzwald | Bonndorf im Schwarzwald | Бондорф (Шварцвальд) | Bonndorf im Schwarzwald | Bonndorf im Schwarzwald | Bonndorf im Schwarzwald | Bonndorf im Schwarzwald | Bonndorf im Schwarzwald | Bonndorf im Schwarzwald | Bonndorf im Schwarzwald | Bonndorf im Schwarzwald | Μπόντορφ | Bonndorf im Schwarzwald | Bonndorf im Schwarzwald | Bonndorf im Schwarzwald | Bonndorf | Bonndorf | Bonndorf im Schwarzwald | Bonndorf im Schwarzwald | بندورف در جنگل سیاه | Bonndorf im Schwarzwald | Bonndorf im Schwarzwald | Bonndorf im Schwarzwald | Bonndorf im Schwarzwald | Bonndorf im Schwarzwald | Bonndorf im Schwarzwald | Bonndorf im Schwarzwald | Bonndorf im Schwarzwald | בונדורף | Bonndorf im Schwarzwald | Bonndorf im Schwarzwald | Bonndorf im Schwarzwald | Bonndorf im Schwarzwald | Bonndorf im Schwarzwald | Bonndorf im Schwarzwald | Bonndorf im Schwarzwald | Bonndorf im Schwarzwald | ボンドルフ・イム・シュヴァルツヴァルト | Bonndorf im Schwarzwald | Бондорф | Bonndorf im Schwarzwald | Бондорф | Bonndorf im Schwarzwald | Bonndorf im Schwarzwald | Bonndorf im Schwarzwald | Bonndorf im Schwarzwald | Bonndorf im Schwarzwald | Bonndorf im Schwarzwald | Bonndorf im Schwarzwald | Bonndorf im Schwarzwald | Bonndorf | Bonndorf im Schwarzwald | Bonndorf im Schwarzwald | Bonndorf im Schwarzwald | Bonndorf im Schwarzwald | Bonndorf im Schwarzwald | Bonndorf im Schwarzwald | Bonndorf im Schwarzwald | Bonndorf im Schwarzwald | Bonndorf im Schwarzwald | Bonndorf im Schwarzwald | Bonndorf im Schwarzwald | Bonndorf | Bonndorf im Schwarzwald | Bonndorf im Schwarzwald | Bonndorf im Schwarzwald
Q25942,Walther Klemm,1883,1957,Karlovy Vary | Karlsbad | Karlsbad | Karlovy Vary | Karlovy Vary | Karlovy Vary | Karlovy Vary | Karlsbad | Karlovy Vary | Karlovy Vary | קרלובי וארי | Karlovy Vary | Karlovy Vary | Karlovy Vary | Karlovy Vary | Karlovy Vary | Carlsbad | Karlovi Vari | Karlovy Vary | كارلوفي فاري | كارلوفى فارى | Karlovy Vary | Karlovı Varı | Карловы Вары | Карлавы Вары | Карлавы Вары | Карлови Вари | কারলোভি ভেরি | Karlovy Vary | Karlovy Vary | Карловы Вары | Karlovy Vary (kapital sa lalawigan sa Tsekya) | Karlowé Warë | Karlovy Vary | Κάρλοβι Βάρι | Karlovy Vary | Karlovy Vary | Karlovy Vary | Karlovy Vary | Karlovy Vary | کارلووی واری | Karlovy Vary | Karlsbad | Karlovy Vary | Karlovy Vary | Karlovy Vary | કાર્લોવી વેરી | कार्लवी वेरी | Karlovy Vary | Karlowe Wary | Karlovy Vary | Կարլովի Վարի | Karlovy Vary | Karlovy Vary | Karlovy Vary | カルロヴィ・ヴァリ | კარლოვი-ვარი | Карлови-Вари | ಕಾರ್ಲೋವಿ ವೇರಿ | 카를로비바리 | Thermae Carolinae | Karlovy Vary | Karlovy Vary | Karlovi Varai | Karlovi Vari | Карловы Вары | Карлови Вари | कार्लोव्ही वेरी | Karlovy Vary | Karlovy Vary | Karlovy Vary | Карловы Вары | Karlovy Vary | Karlovy Vary | Karlowe Wary | کارلووی واری | کارلوی واری | Карловы Вары | Carlovi Vari | Карловы Вары | Karlovy Vary | Karlovy Vary | කැල්වරි වෙරි | Karlove Vary | Карлове Вари | Karlovy Vary | Karlovy Vary | கார்லோவி வாரி | కార్లోవీ వేరి | Карлови Вари | การ์โลวีวารี | Karlovy Vary | Карловы-Вары | Карлові Вари | کارلووی واری | Karlovy Vary | 卡罗维发利 | კარლოვი-ვარი | 卡羅維發利 | 卡罗维发利 | 卡罗维发利 | 卡罗维发利 | 卡羅維瓦利 | 卡羅維瓦利
Q26044,Lloyd Hildebrand,1870,1924,Tottenham | Tottenham | トッテナム | Tottenham | Tottenham | 토트넘 | توتنهام | Τότεναμ | Tottenham | טוטנהאם | توتنهام | Tottenham | Tottenhem | Тотэнхэм | Тотэнгэм | Тотнъм | টটেনহ্যাম | Tottenham | تۆتنھام | Tottenham | Tottenham | Tottenham | Tottenham | Tottenham | Tottenham | Tottenham | تاتنهام | Tottenham | Տոտենհեմ | Թոթնըմ | Tottenham | Tottenham | Тоттенхэм | Tottenhamia | Tottenham | Totenamas | Тотенхем | Tottenham | Tottenham | Tottenham | Tottenham | Tottenham | Tottenham | Tottenham | Тоттенем | Tottenham | Tottenham | Tottenham | Tottenham | Тоттенем | ٹوٹنہم | Tottenham | 托定咸 | 托特納姆 | 托特纳姆 | 托特纳姆 | 托特納姆 | 托定咸 | 托登罕
Q26062,Robert Bolt,1924,1995,"Sale | Sale | Sale | 塞尔 | 塞爾 | Sale | Sale, Manchester Raya | Сэйл | Сейл | Sale | Sale | Sale | Sale | Sale, Greater Manchester | Sale | Sale | Sale (Manchester Handia) | سیل، منچستر بزرگ | Sale | Sale | סייל | Սեյլ | Sale | セール (グレーター・マンチェスター) | 세일 | Sale | Sale | Seila | Sale | Sale i Stor-Manchester | Sale | Sale | Sale | Сейл | Sale, Greater Manchester | Sale | Sale | Сејл | Сејл | Sejl | Sale | Сейл | سیل، گریٹر مانچسٹر | Sale | 塞爾 | 些路 | Sale | سيل"
Q22539,Jan Fethke,1903,1980,Opole | ออปอแล | ma tomo Opole | Ополе | Ополе | اوپولے | Opole | Opole | Opole | 奥波莱 | ოპოლე | 奧波萊 | 奧波萊 | Opole | Oppeln | Opole | Ополе | Ополе | Opole | Opole | Opole | Opole | Opole | Ополе | Oppeln | Oppeln | Oppeln | Opole | Opole | Opolí | Opole | Ополе | Opole | Opole | Opole | Opole | Opolė | 奥波莱 | Օպոլե | Opole | Opole | Opole | Opole | Opole | أوبولي | اوبولى | Opole | Ополе | Аполе | Аполе | ওপলে | Opole | Opole | Ополе | Opole (kapital sa gingsakopan) | Opole | Opole | Òpòle | Opole | Opole | Opole (sûke) | Opole | Όπολε | Opole | Opole | Opole | Opole | Opole | اوپوله | Opole | Opole | ઓપોલે | Opole | O-pô-lòi | אופולה | ओपोले | Opole | Opole | Opole | オポレ | Opole | ოპოლე | ಓಪೋಲ್ | 오폴레 | Oppeln | Oppolia | Opole | Opole | Opole | Opole | Ополе | ऑपॉली | Opole | Opole | Opole | ओपोल | Opole | Ополе | اوپول | Opole | Opole | Opole | Opole | ᱳᱯᱳᱞᱮ | Opole | Opole | ඕපෝල් | Opole | Ополе | Opole | Ôpole | ஆபோலி | ఒపోల్
Q20015,John Couch Adams,1819,1892,"لانيست | لانيست | Лейнаст | Лэйнэст | Ланеаст | Laneast | Laneast (Anglie) | Lanneyst | Laneast | Laneast | Laneast | Laneast | لینیست | Laneast | Laneast | Laneast | Լանիսթ | Laneast | ლეინასტი | Lanneyst | Laneast | Laneast | Laneast | Laneast | Laneast | Laneast | Laneast | Лейнаст | Laneast, Cornwall | Laneast | Laneast | Леніст | 兰纳斯特 | Laneast | Laneast"
Q29300,Girolamo Parabosco,1524,1557,بِيَشِنزة | بياتشنزا | Piacenza | Piaçensa | پیاچنزا | П’ячэнца | П’ячэнца | Пиаченца | পিয়াকেজান | Piacenza | Piacenza | Пьяченца | Piacenza | Piacenza | Piacenza | Piacenza | Piacenza | Piacenza | Πιατσέντζα | Piasëinsa | Piaĉenco | Piacenza | Piacenza | Piacenza | پیاچنزا | Piacenza | Piacenza | Piacenza | Piacenza | Πλακεντία | પિયાસેન્ઝા | פיאצ'נצה | पियासेंज़ा | Piacenza | Piacenza | Պյաչենցա | Piacenza | Piacenza | Piacenza | ピアチェンツァ | პიაჩენცა | Piacenza | Пьяченца | ಪಿಯಾಸೆಂಜ | 피아첸차 | Piacenza | Placentia | Piacenza | Piaçensa | Piacenza | Piasensa | Pjačenca | Pjačenca | Пјаченца | पीयांचेझा | Piacenza | Piacenza | Piacenza | Piacenza | Piacenza | पिआसेन्हा | Piacenza | Piacenza | Piacenza | Пьяченцæ | ਪਿਆਚੇਂਜ਼ਾ | Piacenza | Piasensa | پیاچینزا | Placência | Piacenza | Piacenza | Piacenza | Piacenze | Пьяченца | पियासेञ्जा | Praghèntzia | Piacenza | Piacenza | Piacenza | Piacenza | පිඅසේන්සා | Piacenza | Piacenza | Пјаченца | Piacenza | Piacenza | Piacenza | Piacenza | பியாசென்சா | పియాసెంజా | เปียเชนซา | Plasencia | Piacenza | Пьяченца | Piacenza | Piacenza | پیاچنزا | Piacenza | Piacensa | Piacenza | Piacenza | Plaisance | Plasença | П'яченца | Piacenza | Piacenza | Piacenza | Piacenza | 皮亚琴察 | 皮亞琴察 | 皮亚琴察 | 皮亞琴察 | 皮亞琴察
Q28494,Heinrich von Kleist,1777,1811,فرانکفورت | Франкфурт | Франкфурт-на-Одере | فرانكفورت | Φρανκφούρτη | 프랑크푸르트 | Франкфурт | فرینکفرٹ | Frankfurt | Frankfurt (Oder) | Frankfurt (Oder) | Frankfurt (Oder) | Frankfurt (Oder) | Frankfurt (Oder) | Frankfurt (Oder) | Frankfurt (Oder) | فرانكفورت على أودر | Frankfurt (Oder) | Frankfurt-na-Oder | Одерҙағы Франкфурт | Frankfurt an da Oder | Франкфурт-на-Одэры | Франкфурт-на-Одры | Франкфурт на Одер | Frankfurt (Oder) | Frankfurt de l'Oder | Одер-тӀера-Франкфурт | Francuforte su l'Oder | Frankfurt nad Odrou | Frankfurt an der Oder | Frankfurt (Oder) | Frankfurt (Oder) | Frankfurt (Oder) | Frankfurt (Oder) | Frankobrod-Odra | Frankfurt (Oder) | Frankfurt (Oder) | Frankfurto ĉe Odro | Fráncfort del Óder | Frankfurt Oderi ääres | Frankfurt Oder | Frankfurt (Oder) | Francfort-sur-l'Oder | Frankfurt (Oder) | Frankfurt (Oder) | Frankfurt (Oder) | Frankfurt oan de Oder | Frankfurt (Oder) | Frankfurt (Oder) | Frankfurt (Oder) | Frankfurt (Oder) | Frankfurt (Oder) | פרנקפורט על האודר | Frankfurt na Odri | Frankobrod nad Wódru | Frankfurt (Oder) | Օդերի Ֆրանկֆուրտ | Frankfurt (Oder) | Frankfurt an der Oder | Frankfurt (Oder) | Frankfurt (Oder) | Frankfurt (Oder) | Francoforte sull'Oder | フランクフルト・アン・デア・オーダー | Frankfurt an der Oder | ოდერის ფრანკფურტი | Frankfurt (Oder) | Frankfurt (Oder) | Francofortum ad Oderam | Frankfurt (Oder) | Frankfurt (Oder) | Frankfurt (Oder) | Frankfurt (Oder) | Frankfurtas prie Oderio | Frankfurte pie Oderas | Frankfurt (Oder) | Frankfurt (Oder) | Франкфурт на Одра | Frankfurt an der Oder | Frankfurt (Oder) | Frankfurt (Oder) | Frankfort an de Oder | Frankfurt (Oder) | Frankfort aan de Oder | Frankfurt an der Oder | Frankfurt (Oder) | Frankfurt (Oder) | Frankfurt (Oder) | Frankfurt nad Odrą | Frankfurt (Oder) | Frankfurt an der Oder | Frankfurt an der Oder | Frankfurt (Oder) | Francuforte subra s'Oder | Frankfurt (Oder) | Frankfurt (Oder) | Frankfurt nad Odrou | Frankfurt ob Odri | Франкфурт на Одри | Frankfurt (Oder) | Frankfurt an der Oder | Frankfurt (Oder) | Frankfurt (Oder) | Francfort del Oder | Франкфурт-ам-Одер | Франкфурт-на-Одері | Frankfurt (Oder) | Francoforte de l'Oder | Frankfurt (Oder) | Frankfurt (Oder) | Frankfurt len Oder | Frankfurt (Oder) | Frankfurt (Oder) | Frankfurt (Oder) | 奥得河畔法兰克福 | ოდერიშ ფრანკფურტი | פראנקפורט אן דער אדער | 奧德河畔法蘭克福 | 奥得河畔法兰克福 | 奧得河畔法蘭克福 | Frankfurt (Oder) | Frankfurt (Oder)
Q28941,Frank Lloyd,1886,1960,Glasgow | ഗ്ലാസ്ഗോ | Glasgow | Glasgow | Глазго | Glasgow | Glasgovo | Glasgow | Glasgow | Glasgow | Glasgow | Glasgow | Glasgow | Glasgow | Glasgow | Glasgow | Glasgow | Глазго | گلاسگو | Glasgow | Glasgow | Глазгоу | Glasgow | Glasgow | Glasgow | グラスゴー | Glasgow | Glasgow | Glasgow | Глазго | 格拉斯哥 | 格拉斯哥 | Glazgas | Glasgow | Glasgow | غلاسكو | Glasgow | Glasgow | Glasgow | Glaschú | Glaschu | گلاسگو | Glasgow | Glasgow | גלאזגו | Glasgow | გლაზგო | Glasgow | Glasgow | Glasgow | Glasgow | 格拉斯哥 | 格拉斯哥 | 格拉斯哥 | Qlazqo | Glasgow | Glasgow | Glasgow | Glasgow | Glasgow | Glasgow | Glasgow | Glasgow | Glasgow | Glasgow | Glasgow | Glasgow | Glasgow | Glasgow | Glasgow | Glasgow | Glasgow | Glasgow | Glasgow | Glasgow | Glasgow | Glasgow | Glasgow | Glasgow | Glasgow | Glasgow | Glasgow | Glasgow | Glasgow | Glasgow | Glasgow | Glasgow | Glasgow | Glasgow | Glasgow | Glasgow | Glasgow | Glasgow | Glasgow | Glasgow | Glasgow | Glasgow | Glasgow | Glasgow | Glasgow | Glasgow | Glasgow | Glasgow | Glasgow | Glasgow | Glasgow | Glasgow | Glasgow | Glasgow | Glasgow | 格拉斯哥 | ግላዝጎ | جلاسجو | قلازقو | Глазго | Глазга | Глазга | গ্লাসগো | Glasc'ho | گلاسگۆ | Глазго | Γλασκώβη | ગ્લાસગો | Glaschu | Kak-là-sṳ̂-kô | Kalako | ग्लासगो | Գլազգո | Glazgo | Глазго | ಗ್ಲ್ಯಾಸ್ಗೋ | 글래스고 | Глазго | Глазго | Glasgovia | Glāzgova | Karahiko | Глазгов | Глазгоу | ꯒ꯭ꯂꯥꯁꯒꯧ | ग्लासगो | ဂလပ်စဂိုးမြို့ | Глазго | ਗਲਾਸਗੋ | گلاسگو | ګلاسګو | Glasgow | ग्लास्गो | ᱜᱞᱟᱥᱜᱳ | Glesga | گلاسگو | Glazgos | Глазгов | ග්ලාස්ගෝ | Glasgow | گلاسگو | Glasgow | Glasgow | Глазгов | கிளாஸ்கோ | గ్లాస్గో | Glázgua | Глосгу | กลาสโกว์ | Glazgo | Глазго | Glazgo | Glazgo | 格拉斯哥 | გლაზგო | גלאזגא | 格拉斯哥
Q28975,Christopher Marlowe,1564,1593,Cantuaria | കാന്റർബറി | Canterbury | Canterbury | Canterbury | Canterbury | کنتربری | Canterbury | Canterbury | קנטרברי | カンタベリー | Canterbury | Кентербери | Canterbury | Кәнтербери | Canterbury | Caergaint | Canterbury | 坎特伯雷 | 坎特伯雷 | 坎特伯雷 | Kenterberi | Кентербері | Canterbury | Canterbury | Canterbury | Canterbury | Canterbury | Canterbury | Canterbury | Canterbury | Canterbury | Canterbury | Canterbury | Canterbury | Canterbury | Canterbury | کینٹربری | Canterbury | Canterbury | कैंटरबरी | Кентърбъри | Canterbury | Dorƿitceaster | كانتربيري | كانتربيرى | Кентэрберы | Кэнтэрбэры | ক্যান্টারবেরি | Canterbury | Canterbury | Κάντερμπερι | Canterbury | Canterbury | Canterbury | Canterbury | કેન્ટરબરી | Canterbury | Քենթերբերի | Canterbury | Canterbury | Canterbury | Kantaraborg | Кентербери | ಕ್ಯಾಂಟರ್ಬರಿ | 캔터베리 | Canterbury | Кентербери | Canterbury | Canterbury | Kenterberis | Kenterberija | Кэнтэрбэри | Canterbury | Кантербери | ꯀꯦꯟꯇꯔꯕꯔꯤ | कँटेरबरी | Canterbury | Canterbury | Cantorbéry | Canterbury | Кентербери | ਕੈਂਟਰਬਰੀ | Canterbury | Cantuária | Cantuária | Canterbury | Canterbury | Canterbury | Canterbury | කැන්ටබරි | Кентербери | Canterbury | Canterbury | கான்டெர்பரி | కాంటర్బరీ | Кентерберӣ | แคนเทอร์เบอรี | Canterbury | 坎特伯雷 | 根德伯里 | 坎特伯雷 | 坎特伯里
Q28836,John Burdon-Sanderson,1828,1905,"Newcastle upon Tyne | Newcastle upon Tyne | Newcastle-upon-Tyne | Newcastle upon Tyne | Newcastle upon Tyne | Newcastle upon Tyne | نیوکاسل آپون تاین | Newcastle upon Tyne | Niukaseli ena Tyne | Newcastle upon Tyne | Newcastle upon Tyne | Newcastle upon Tyne | Newcastle upon Tyne | An Caisteal Nuadh | Newcastle upon Tyne | ન્યૂકેસલ અપોન ટાઇન | Newcastle | ניוקאסל | न्यूकैसल अपॉन टाइन नोड | Newcastle upon Tyne | Newcastle upon Tyne | Նյուքասլ ափոն Թայն | Newcastle upon Tyne | Newcastle upon Tyne | Newcastle upon Tyne | Newcastle upon Tyne | Nyuukasl apan Tain | Newcastle upon Tyne | ნიუკასლ-აპონ-ტაინი | Nyukasl upon tyne | Ньюкасл-апон-Тайн | ನ್ಯೂಕ್ಯಾಸಲ್ ಅಪಾನ ಟೈನ್ | 뉴캐슬어폰타인 | Newcastle upon Tyne | Newcastle upon Tyne | Newcastle-upon-Tyne | Newcastle upon Tyne | Niukaslas prie Taino | Ņūkāsla pie Tainas | Њукасл на Тајн | Ньюкасл | ꯅ꯭ꯌꯨꯀꯦꯁ꯭ꯇꯜ ꯑꯄꯣꯟ ꯇꯥꯢꯅꯤ | न्यूकॅसल अपॉन टाईन | Newcastle upon Tyne | Newcastle upon Tyne | Newcastle upon Tyne | نیوکاسل | Newcastle upon Tyne | Newcastle upon Tyne | Newcastle upon Tyne | Newcastle upon Tyne | Newcastle upon Tyne | Neuchâté, Angliétèrre | Ньюкасл-апон-Тайн | Newcastle upon Tyne | Newcastle-upon-Tyne | نیوکاسل | Newcastle upon Tyne | Newcastle upon Tyne | Newcastle upon Tyne | Newcastle-upon-Tyne | Ньюкасл-апон-Тайн | Newcastle | Newcastle upon Tyne | Newcastle upon Tyne | නිව්කාසල් අපෝන් ටයින් | Newcastle upon Tyne | Newcastle upon Tyne | Њукасл на Тајну | Newcastle upon Tyne | Newcastle upon Tyne | Newcastle upon Tyne | டைன் ஆற்றங்கரை நியூ காசில் | న్యూకాజిల్ అపాన్ టైన్ | นิวคาสเซิลอะพอนไทน์ | Newcastle upon Tyne | Newcastle upon Tyne | Ньюкәсл-апон-Тайн | Ньюкасл-апон-Тайн | نیوکاسل اپون ٹائن | Nyukasl (shahar) | Newcastle upon Tyne | Newcastle trên sông Tyne | Newcastle upon Tyne | Newcastle upon Tyne | 新堡城 | ניוקאסטל | 紐卡素 | 泰恩河畔纽卡斯尔 | 泰恩河畔纽卡斯尔 | 泰恩河畔纽卡斯尔 | 泰恩河畔紐卡素 | 泰恩河畔紐卡素 | 泰恩河畔紐卡斯爾 | Novum Castellum | Newcastle upon Tyne | ニューカッスル・アポン・タイン | Newcastle upon Tyne | Newcastle upon Tyne | نيوكاسل أبون تاين | نيوكاسل ابون تاين | Newcastle upon Tyne | Nyukasl-apon-Tayn | نیوکاسل | Newcastle upon Tyne | Ньюкасл-эпон-Тайн | Ньюкасл-на-Тайне | Нюкасъл ъпон Тайн | নিউক্যাসল আপন টাইন | Newcastle upon Tyne | Newcastle na Tyneu | Newcastle upon Tyne | Newcastle upon Tyne (kapital sa kondado) | نیوکاسڵ | Newcastle upon Tyne | Newcastle upon Tyne | Newcastle upon Tyne | Newcastle upon Tyne | Newcastle upon Tyne | Newcastle upon Tyne | Νιούκασλ"
Q29092,Desmond Llewelyn,1914,1999,Newport | Newport | Newport | Newport | Newport | Newport | ניופורט | Newport | Newport | Newport | Newport | Newport | نيوبورت | نيوبورت | نیوپورت | Нюпорт | Newport | Newport | Newport | Newport | Newport | ニューポート | 뉴포트 | Newport | Newport | Ньюпорт | Newport | Newport | Њупорт | Newport | Ньюпорт | Ньюпорт | نیوپورٹ | Newport | 纽波特 | 纽波特 | 紐波特 | 紐波特 | Newport | Newport | Casnewyth | Casnewydd | Nyuport | Ньюпарт | Ньюпарт | নিউপোর্ট | Casnewydd | Newport | Casnewydd | Newport (Galler) | Νιούπορτ | Newport | Newport | نیوپورت | Casnewydd | Casnewydd | Newport | ન્યૂપોર્ટ | Casnewydd | न्यूपोर्ट | Newport | Նյուպորտ | Newport | Newport | Newport | Newport | Ньюпорт | ನ್ಯೂಪೋರ್ಟ್ | Newport | Trefdraeth | Novus Burgus | Newport | Niuportas | Ņūporta | न्यूपोर्ट | Newport | Newport | Newport | Newport | Casnewydd | Ньюпорт | نیوپورٹ | Newport | Newport | Newport | Casnewydd | නිව්පෝර්ට් | Newport | Њупорт | Njuport | Newport | நியு போர்ட் | న్యూపోర్ట్ | นิวพอร์ต | Newport | Newport | Newport | Newport | Casnewydd | 纽波特 | ניופארט | 纽波特 | 纽波特 | 紐波特
Q28939,Hans Jeschonnek,1899,1943,Inowrocław | Inowrocław | Inowrocław | Inowrocław | Інаўроцлаў | Інаўроцлаў | Иновроцлав | Inowrocław | Иновроцлав | Inowrocław (kapital sa munisipyo) | Inowrocław | Inowrocław | Inowrocław | Ινοβρότσουαφ | Inowrocław | Inowrocław | Inowrocław | Inowrocław | اینوروتسواف | Inowrocław | אינוברוצלב | Inowrocław | Ինովրոցլավ | Inowrocław | Inowrocław | イノヴロツワフ | Inowrocław | ინოვროცლავი | 이노브로츠와프 | Inovroclavas | Inovroclava | Inowrocław | Inowrocław | Inowrocław | Inowrocław | Inowrocław | Inowrocław | Inowrocław | Иновроцлав | Inowrocław | Inowrocław | Иновроцлав | Inowrocław | Inowrocłow | อีนอวรอตสวัฟ | Inowrocław | Иновротслав | Іновроцлав | Inowrocław | Inowrocław | 伊诺弗罗茨瓦夫 | 伊诺弗罗茨瓦夫 | 伊诺弗罗茨瓦夫 | 伊諾弗羅茨瓦夫 | 伊諾弗羅茨瓦夫 | 伊诺弗罗茨瓦夫 | 伊諾弗羅茨瓦夫 | Novus Vladislaw
Q31082,Florence Griffith Joyner,1959,1998,لاس اينجلس | Los Angeles | Luos Andžels | ලොස් ඇන්ජලීස් | Los Angeles | Los Angeles | Los Axhelos | Los Angeles | Los Angeles | Los Angeles | Los Angeles | Los Angeles | லாஸ் ஏஞ்சலஸ் | లాస్ ఏంజలెస్ | Лос Анҷелес | Лос Анҷелес | ลอสแอนเจลิส | Los-Anjeles | Los Angeles | Los Ančeles | ma tomo Ele | Лос-Анджелес | Los-Anceles | Los Angeles | Los Angeles | Los Angeles | Лос-Анджелес | Los Anjélés | Los Anjeles | Los Andželes | Los Angeles | Los Angeles | Los Angeles | Los Angeles | 洛杉矶 | ლოს-ანჯელესი | Los Angeles | 洛杉磯 | Los Angeles | 洛杉矶 | 洛杉矶 | 洛杉磯 | 洛杉磯 | 洛杉磯 | 洛杉矶 | 洛杉矶 | 洛杉磯 | Los Ángeles | Losi Enijilisi | Los Angeles | Los Angeles | Los Angeles | Los Angeles | 洛杉磯 | Los Angeles | لؤس آنجلس | 𐌻𐌰𐌿𐍃 𐌴𐌽𐌳𐌶𐌾𐌰𐌹𐌻𐌰𐌹𐍃 | લોસ એન્જેલસ | Los Angeles | Los Angeles | Los Angeles | Los Angeles | लॉस एंजेलिस | Los Angeles | Los Angeles | Լոս Անջելես | Լոս Անճելըս | Los Angeles | Los Angeles | Los Angeles | Los Angeles | Los Angeles | Лос-Анджелес | Los Angeles | Los Angeles | Las Anjiliiz | Los Angeles | ლოს-ანჯელესი | Los-Andjeles | Los Angeles | Lɔsɩ Anzelɛsɩ | Los Angeles | Los Angeles | Лос Анжелес | Лос-Анджелес | ឡូសអាន់ជ័រលេស | ಲಾಸ್ ಎಂಜಲೀಸ್ | Los Angeles | 로스앤젤레스 | لاس ایٚنٛجلِس | Los Angeles | Los Angeles | Лос-Анжелес шаары | Los Angeles | Лос-Анджелес | Los Angeles | Los Angeles | Los Angeles | Los Angeles | Los Angeles | Los Andželas | 洛杉磯 | लस एन्जलस | Los Angeles | Лос-Анджелес | Ngā Ānahera | Los Angeles | Лос-Анжелес | Лос Анӂелес | लॉस एंजेल्स | Лос-Анджелес | Los Angeles | Los Angeles | Los Angeles | လော့စ်အိန်ဂျယ်လိစ်မြို့ | Лос-Анджелес | لس آنجلس | Lo̍k-sam-ki | Los Angeles | लस एन्जलस | लस एञ्जेल्स | Los Angeles | Los Angeles | Los Angeles | ଲସ ଏଞ୍ଜେଲ୍ସ | ਲਾਸ ਐਂਜਲਸ | Los Angeles | Los Angeles | Los Angeles | Los Angeles | Los Angeles | Los Angeles | لاس اینجلس | لاس انجلس | Los Angeles | Los Angeles | Los Angeles | Los Angeles | Los Angeles | Лос Анджелес | Los Angeles | लास एंजलस | Лос Андьелес | ᱞᱚᱥ ᱮᱧᱡᱮᱞᱥ | Los Angeles | Los Àngeles | Los Angeles | Los Angeles | ലോസ് ആഞ്ചെലെസ് | Los Angeles | Los Angeles | Los Angeles | Лос-Анджэлес | Лос Анджелис | Лос-Анджелес | Los Ángeles | לוס אנג'לס | Los Angeles | Los Angeles | Лос Анджэлэс | Лос Анџелес | Лос-Анджелес | Лос-Анджелес | Лос Анђелес | Лос-Анджелес | Los Angeles | Los Angeles | Los Angeles | Los Angeles | Los Angeles | Los Angeles | Los Angeles | Los Angeles | Los Angeles | Los Angeles | Los Angeles | Los Angeles | Los Angeles | Los Angeles | Los Angeles | Los Angeles | Los Angeles | Los Angeles | Os Ánxeles | Angelopolis | Los Angeles | Los Angeles | 洛杉矶 | Λος Άντζελες | Los-Anĝeleso | Los Ángeles | Los Anjeles | Losandželosa | לאס אנדזשעלעס | Лос-Анджэлес | ロサンゼルス | Los Angeles | لوس أنجلوس | Los Angeles | Los Angeles | لس آنجلس | Los Angeles | Los Angeles | Лос-Анджелес | Los Angeles | Los Angeles | Los Angeles | لاس اینجلس | Ahééháshį́į́h | Los Angeles | Лос-Анџелес | لوس انجلس | Los Angeles | ሎስ አንጄሌስ | Lōsandgelis | لوس أنجلوس | لوس انجليس | লচ এঞ্জেলচ | Los Angeles | Los-Anceles | لوسآنجلس | Лос-Анджелес | Los Angeles | Los Angeles | Los Angeles | लॉस एंजेलिस | Los Angeles | Los Angeles | লস অ্যাঞ্জেলেস | Los Angeles | Лос-Анджелес | Los Angeles | Lŏk-săng-gĭ | Los Angeles | لۆس ئانجلەس | Los Angeles | Los Anceles | Los Anceles | Лос-Анджелес | Los Angeles | Los Angeles | Los Angeles | Los Angeles | लस एन्जलस | Los Angeles | Los Angeles | Los Angeles
Q31621,Coenraad Jacob Temminck,1778,1858,Amsterdam | Amsterdam | Amsterdam | Amsterdam | ആംസ്റ്റർഡാം | Amsterdam | Amsterdam | אמסטרדם | Amsterdam | アムステルダム | Amsterdam | Amsterdam | Amsterdam | Amsterdam | Amsterdam | Amsterdam | Amsterdam | Amsterdam | Amsterdam | Амстердам | أمستردام | ئەمستەردام | Amsterdam | Amszterdam | Amsterdam | 암스테르담 | 阿姆斯特丹 | 阿姆斯特丹 | Amsterdam | Amsterdam | Amsterdam | Amsterdam | Амстердам | Амстердам | Amsterdam | Amsterdam | آمستردام | Амстэрдам | Amsterdamas | Amsterdam | Amsterdam | Амстердам | Амстердам | ایمسٹرڈیم | Амстердам | Amsterdamo | Amsterdam | Ամստերդամ | ამსტერდამი | Amsterdama | Амстердам | Amsterdam | Amsterdam | Amsterdam | Amsterdam | Amsterdam | אמסטערדאם | Amsterdam | Amsterdam | Amsterdam | Amsterdam | Amsterdam | Amsterdam | Amsterdam | Amsterdam | Amsterdam | Amsterdam | Amsterdam | Amsterdam | Amsterdam | Amsterdam | Amsterdam | Amsterdam | Amsterdam | Amsterdam | Amsterdam | Amsterdam | Amsterdam | Amsterdam | Amsterdam | Amsterdam | Amsterdam | Amsterdam | Amsterdam | Amsterdam | Amsterdam | Amsterdam | Amsterdam | Amsterdam | Amsterdam | Amsterdam | Amsterdam | Amsterdam | Amsterdam | Amsterdam | Amsterdam | Amsterdam | Amsterdam | Amsterdam | Amsterdam | Amsterdam | Amsterdam | Amsterdam | Amsterdam | Amsterdam | Amsterdam | Amsterdam | Amsterdam | Amsterdam | Amsterdam | Amsterdam | Amsterdam | Amsterdam | Amsterdam | Amsterdam | Amsterdam | Amsterdam | Amsterdam | Amsterdam | Amsterdam | Amsterdam | Amsterdam | Amsterdam | Amsterdam | Amsterdam | Amsterdam | Amsterdam | Amsterdam | 阿姆斯特丹 | امستردام | Амстэрдам | Άμστερνταμ | Ámsterdam | Амстердам | ايمسٽرڊيم | አምስተርዳም | ܐܡܣܛܪܕܐܡ | أمسطردام | আমষ্টাৰডাম | Amsterdam | Amsterdam | Amsterdam | Amsterdam | Amsterdam | Amsterdam | Amsterdam | Amsterdam | Amsterdam | Amsterdam | Amsterdam | Amsterdam | Amsterdam | Amsterdam | Amsterdam | Amsterdam | Amsterdam | Amsterdam | Amsterdam | Amsterdam | Amsterdam | Amsterdam | Amsterdam | Amsterdam | Amsterdam | Amstèdam | Ամսթերտամ | Amsterdam | Амстердам | Amesterdam | Amstɛrɩdam | Amsterdam | Амстердам | Амстердам | ಆಂಸ್ಟರ್ಡ್ಯಾಮ್ | Amsterdam | Амстердам | Амстердам | Амстердам | Амстердам | Amstelodamum | Амстердам | ອຳສະເຕີດຳ | آمستردام | 阿姆斯特丹 | Амстердам | Амстердам | ॲम्स्टरडॅम | Амстердам | အမ်စတာဒမ်မြို့ | Амстердам ош | آمستردام | आम्स्टर्डम | एम्स्टर्ड्याम | Tóígeed Łání | Amsterdamu | ଆମଷ୍ଟରଡ଼୍ୟାମ | ਅਮਸਤਰਦਮ | Àmsterdam | ایمسٹرڈیم | امسټرډام | Amesterdão | Amsterdã | Амстердам | Амстердам | ᱟᱢᱥᱴᱚᱨᱰᱮᱢ | Amsterdams | Amstirḍam | ඈම්ස්ටර්ඩෑම් | Amsterdam | Amsterdam | Amistardam | Amsterdami | Амстердам | Damsko | ꠀꠝꠁꠡ꠆ꠐꠣꠞꠒꠣꠝ | Amusetetan | ஆம்ஸ்டர்டம் | ఆమ్స్టర్డ్యామ్ (నెదర్లాండ్స్ రాజధాని) | Амстердам | Амстердам | อัมสเตอร์ดัม | ኣምስተርዳም | ma tomo Ansetan | Амстердам | ئامستېردام | Misterdam | 阿姆斯特丹 | ამსტერდამი | 阿姆斯特丹 | 阿姆斯特丹 | 阿姆斯特丹 | 阿姆斯特丹 | 阿姆斯特丹 | 阿姆斯特丹 | 阿姆斯特丹 | I-Amsterdami | Amsterdamm | Ámsterdam | Амстердам | एम्सटर्डम | آمستردام | Амстердам | Amsteredam | एम्सटर्डम | আমস্টারডাম | ཨེམ་སི་ཊར་ཌམ། | Amsterdam | Амстердам | Амстердам | Amsterdam | Амстєрдамъ | Amsterdam | Ámsterdam | Amstardam | Ámsterdam | آمستردام | Amterdam | 𐌰𐌼𐍃𐍄𐌰𐌹𐍂𐌳𐌰𐌼 | Amsterdam | એમ્સ્ટર્ડમ | Â-mê-sṳ̂-thi̍t-tan | ऐम्स्टर्डैम
Q31792,Landry Nguémo,1985,2024,Yaoundé | യുവാൻഡേ | Яунде | Yaoundé | ያዉንዴ | Yaoundé | ياوندي | ياوندى | Yaundé | Yaoundé | Yaunde | یائونده | Яунде | Yaoundé | Yaoundé | Яўндэ | Яундэ | Яунде | ইয়াউন্দে | ཡོན་དྷི། | Yaoundé | Yaoundé | Yaoundé | Yaoundé | Яунде | Yaoundé | یائوندێ | Yaoundé | Yaoundé | Yaoundé | Yaoundé | Yaoundé | Yaoundé | Yaoundé | Γιαουντέ | Jaundo | Yaundé | Yaoundé | Jaunde | یائونده | Yaoundé | Yaounde | Yaoundé | Yaoundé | Yaoundé | Yaoundé | Yaoundé | Yaoundé | Yaoundé | Yaoundé | Yaoundé | Yaoundé | યાઓન્ડે | Yaoundé | Yaounde | Yaoundé | יאונדה | याउन्दे | Yaoundé | Yaoundé | Yaoundé | Yaounde | Yaoundé | Յաունդե | Եաունտէ | Yaoundé | Yaoundé | Yaoundé | Yaoundé | Yaounde | Jánde | Yaoundé | ヤウンデ | Yaoundé | იაუნდე | Yaoundé | Yawunde | Yawunde | Yaounde | Yaoundé | Яунде | យុនដេ | ಯೌಂಡೆ | 야운데 | Yaoundé | Yaoundé | Yaoundé | Яунде | Yaunde | Yaoundé | Yaoundé | Yaoundé | Yaoundé | Jaundė | Jaunde | Яундэ | Yaoundé | Yaoundé | Јаунде | Яунде | Yaoundé | याउंदे | Яунде | Yaoundé | ယောင်အွန်ဒေးမြို့ | یائونده | Yaundé | Yaoundé | Yaoundé | Yaoundé | Yaoundé | Yaunde | Yaoundé | Yaoundé | Jaunde | Яунде | ਯਾਊਂਦੇ | Yaoundé | Yaoundé | Jaunde | Yaoundé | یاونڈی | یایونده | Iaundé | Yaoundé | Yaoundé | Яунде | Yaoundé | Yaoundé | يائونڊي | Yaoundé | යාවුන්ඩේ | Yaoundé | Yaoundé | Yaoundé | Yaoundé | Yawunde | Jaunde | Јаунде | Јаунде | Yaoundé | Yaounde | Jaunde | yaunte | யாவுண்டே | యావుండె | Яунде | Яунде | ยาอุนเด | Ýaunde | Yaoundé | Yaunde | Yaunde | Яунде | Yaoundé | Яунде | Яунде | یاؤندے | Yaunde | Yaoundé | Jaunde | Yaoundé | Yaoundé | Yaoundé | Yaunde | 雅温得 | იაუნდე | יאונדע | Yaoundé | 雅溫得 | 雅温得 | 雅温得 | 雅温得 | 雅溫得 | 雅恩德 | 雅溫德 | i-Yaoundé
Q31220,Hans Jakob Christoffel von Grimmelshausen,1622,1676,Gelnhausen | Gelnhausen | Gelnhausen | Gelnhausen | Gelnhausen | Gelnhausen | Gelnhausen | Gelnhausen | Gelnhausen | Gelnhausen | Gelnhausen | Gelnhausen | Gelnhausen | Gelnhausen | Gelnhausen | Gelnhausen | Gelnhausen | Gelnhausen | Gelnhausen | Gelnhausen | Gelnhausen | Gelnhausen | Gelnhausen | Gelnhausen | Gelnhausen | Gelnhausen | Gelnhausen | Gelnhausen | Gelnhausen | Gelnhausen | Gelnhausen | Gelnhausen | Gelnhausen | Gelnhausen | Gelnhausen | Gelnhausen | Gelnhausen | Gelnhausen | Gelnhausen | Gelnhausen | Gelnhausen | Gelnhausen | Gelnhausen | Gelnhausen | Gelnhausen | Gelnhausen | Gelnhausen | Gelnhausen | Gelnhausen | Gelnhausen | Gelnhausen | Gelnhausen | Gelnhausen | Gelnhausen | Gelnhausen | Gelnhausen | Gelnhausen | Gelnhausen | Gelnhausen | Gelnhausen | Gelnhausen | Gelnhausen | Gelnhausen | Gelnhausen | Gelnhausen | Gelnhausen | Gelnhausen | Gelnhausen | Gelnhausen | Gelnhausen | Gelnhausen | Gelnhausen | Gelnhausen | Gelnhausen | Gelnhausen | Gelnhausen | Gelnhausen | غيلنهاوزن | جيلنهاوزن | قلنهاوزن | Гельнгаўзен | Гелнхаузен | Гельнхаузен | Gelnhausen (kapital sa distrito) | Gelnhausen | Γκέλνχαουζεν | گلنهاوزن | גלנהאוזן | Գելնհաուզեն | ゲルンハウゼン | 겔른하우젠 | Gelnhausen | Gelnhausen | Gelnhauzenas | Gelnhauzene | Гельнхаузен | Гелнхаузен | Гелнхаузен | Gelnhauzen | Gelnhausen | Gelnhausen | Gelnhausen | Гельнгаузен | 盖尔恩豪森 | 盖尔恩豪森 | 盖尔恩豪森 | 蓋爾恩豪森 | 蓋爾恩豪森
Q30876,Yash Chopra,1932,2012,拉合尔 | ლაჰორი | לאהאר | Lahore | 拉合爾 | ⵍⴰⵀⵓⵔ | 拉合爾 | 拉合尔 | 拉合尔 | 拉合爾 | Lahore | Lahore | Lahore | Lahore | Λαχόρη | Lahore | Lahore | Lahoro | Lahore | Lahore | Lahore | لاهور | Lahore | Lahore | Lahore | Lahore | લાહોર | Lahore | לאהור | लाहौर | Lahore | Lahore | Lawo | Lahor | Լահոր | Lahore | Lahore | Lahore | Lahore | Lahore | Lahore | ラホール | Lahore | ლაჰორი | Lahore | Lahore | ಲಾಹೋರ್ | 라호르 | لوہوٗر | Лахор | Lahorium | Lahore | Lahoras | Lahora | लाहौर | Лагор | Лахор | Lahore | Лахор | Лахор | लाहोर | Lahore | Lahore | လာဟိုးမြို့ | لاهور | Lahore | लाहोर | Lahore | Lahore | Lahore | ଲାହୋର | Лахор | ਲਾਹੌਰ | Lahaur | لہور | لاهور | Laore | Laore | Lahore | Лахор | लाहोर | ᱞᱟᱦᱚᱨ | Lahore | لاهور | Lahore | ලාහෝර් | Láhaur | لہور | Lahore | Lahore | Лахор | Lahore | Lahore | Lahaur | இலாகூர் | లాహోర్ | Лоҳур | ลาฮอร์ | Lahore | Lahor | Lahor | Лаһор | Lahor | Лахор | لاہور | Lohur | Lahore | Lahor | Lahore | Lahore | Lahore | ലാഹോർ | Lahore | Lahore | Lahore | ለሖር | لاهور | لاهور | Lahore | लाहौर | Lahor | لاهور | Лахор | Lahore | Лахор | Лагор | Лахор | लाहौर | লাহোর | Lahore | Lahore | Лахор | Lahore | Лахор | Lahore (kapital sa lalawigan sa Pakistan) | لاھۆر | Lahor | Láhaur
Q31294,Anne V. Coates,1925,2018,"Reigate | ریقیت | Reigate | Рэйгейт | Рейгейт | Reigate | Reigate | Reigate | Reigate | Reigate | Reigate | Reigate | Reigate | Reigate | ریگیت | Reigate | Reigate | Reigate | רייגייט | Reigate | Reigate | ライゲート | Reigate | Raigetas | Raigeita | Reigate | Reigate | Reigate | Reigate | Reigate | Reigate | Рейгейт | Reigate, Surrey | Reigate | Рајгејт | Reigate | Reigate | Рейгейт | ریگیٹ | 賴蓋特 | 赖盖特 | 賴蓋特"
Q30693,Rudolf Clausius,1822,1888,Koszalin | Koszalin | Koszalin | Koszalin | Koszalin | كشالين | كشالين | Koszalin | Koşalin | کشالین | Кашалін | Кашалін | Кошалин | খুজালিন | Koszalin | Кошалин | Koszalin | Kòszalëno | Koszalin | Koszalin | Koszalin | Koszalin | Koszalin | Koszalin | Κοσάλιν | Koszalin | Koszalin | Koszalin | Koszalin | Koszalin | Koszalin | کشالین | Koszalin | Koszalin | કોઝાલિન | קושאלין | कोस्ज़ालीन | Koszalin | Կոշալին | Koszalin | Koszalin | Koszalin | コシャリン | Koszalin | კოშალინი | ಕೋಸ್ಜಲಿನ್ | 코샬린 | Coslinum | Košalinas | Košalina | Кошалин | कौझालीन | Koszalin | Koszalin | Koszalin | Koszalin | Koszalin | Köslin | Koszalin | Koszalin | Koszalin | Кошалин | Koszalin | Koszalin | Koszalin | Кошалин | Koszalin | Koszalin | කෝසලින් | Koszalin | Koszalin | Koszalin | Кошалин | Koszalin | Koszalin | காஷாளின் | కోస్జాలిన్ | กอชาลิน | ma tomo Kosalin | Koszalin | Кошалин | Кошалин | Кошалін | کوسزالین | Koshalin | Koszalin | Koszalin | 科沙林 | 科沙林 | 科沙林 | 科沙林
Q24359,Hans-Joachim Böhme,1909,1968,Magdeburgo | Magdeburg | മാഗ്ഡെബുർഗ് | Magdeburg | Магдебург | Dźěwin | Магдэбург | Magdeburk | دورتموند | Magdeburg | Magdeburg | Magdeburg | Магдебург | Магдебург | Магдебург | Մագդեբուրգ | Magdebuag | Магдебург | Magdeburg | Maagdenburg | ማክደቡርክ | Magdeburgo | Mihtiġburg | مغدبورغ | ماجدبورج | Magdeburgu | Maqdeburq | Магдебург | Magdeburg | Магдэбург | ম্যাগডেবার্গ | Magdeburg | Magdeburg | Магдебург | Landeshauptstadt Magdeburg | ماگدێبورگ | Магдебург | Magdeburg | Magdeburg | Magdeburg | Magdeburg | Μαγδεμβούργο | Magdeburgo | Magdeburgo | Magdeburg | Magdeburg | ماگدبورگ | Magdeburg | Magdeburg | Magdeburg | Magdebourg | Magdebörj | Magdeburg | Magdeburg | Magdeburgo | 𐌼𐌰𐌲𐌰𐌸𐍃𐌱𐌰𐌿𐍂𐌲𐍃 | મેગડેબર્ગ | Magdeburg | Magdeburg | Makekepuka | מגדבורג | मागदेबुर्ग | Magdeburg | Magdeburg | Magdeburg | Magdeburg | Magdeburg | Magdeburg | Magdeburg | マクデブルク | Kebon Raja Magdeburg | მაგდებურგი | Магдебург | ಮ್ಯಾಗ್ದೆಬರ್ಗ್ | 마그데부르크 | Magdeburg | Магдебург | Magdeburg | Магдебeрг | Magdeburgum | Magdeburg | Magdebürgu | Magdeburg | Magdeburgh | Magdeburgas | Magdeburga | Магдэбург | Magdeburg | Магдебург | माक्देबुर्ग | Magdeburg | Magdeburg | Magdeburg | Magdeburg | Magdeburg | Meideborg | मेगडेबर्ग | Magdeburg | Magdeburg | Magdeborg | Магдебург | Magdeborgh | مگڈیبرگ | Magdeburgo | Magdeburgo | Magdeburg | Magdeburg | Маґдебурґ | Magdeburg | Magdeburg | Magdeburg | මැඩබර්ග් | Magdeburg | Magdeburg | Magdeburgu | Магдебург | Magdeburg | Magdeburg | Magdeburg | Magdeburg | மாக்டெபர்க் | మగ్డెబర్గ్ | มัคเดอบวร์ค | Magdeburg | Magdeburg | Magdeburg | ماجدیبورج | Magdeburg | Magdeburgo | Magdeburg | Magdeburg | Magdeburg | Magdeburg | 马格德堡 | მაგდებურგი | מאגדעבורג | Magdeburg | 麥德堡 | Magdeburg | 马格德堡 | 马格德堡 | 马格德堡 | 馬格德堡 | 馬德堡 | 馬德堡 | 马格德堡 | 马格德堡 | 馬德堡
Q25120,Pier Paolo Pasolini,1922,1975,Bologna | Bononia | Bologna | בולוניה | Bolonha | Bologne | Bologna | Bolonha | ボローニャ | Bologna | Bologna | Bologna | Bologna | Bologna | Bologna | Bologna | Bologna | Bologna | Bologna | Bologna | Bologna | Μπολόνια | Bologna | Bologna | Bologna | Bologna | Bologna | Bologna | Bologna | Bologna | Bologna | Bologna | Bologna | Bologna | Bologna | Bologna | Bologna | Bologna | Bologna | Bologna | Bologna | Bologna | Bologna | Bologna | Bologna | Bologna | Bologna | Bologna | Bologna | Bologna | Bologna | Bologna | Bologna | Bologna | Болонья | Bologna | Bologna | Bologna | Bologna | Bologna | Bologna | Bologna | Bologna | Bologna | Bologna | Bologna | Bologna | Bologna | Bologna | Bologna | Bologna | Bologna | Bologna | Bologna | Bologna | Bologna | Балоння | Балёньня | Болоня | Bolonia | Болоња | Болонья | Болоња | Bolonija | Boloņa | โบโลญญา | Болонья | ቦሎኛ | Bolonia | بولونيا | بولونيا | Boloña | Boloniya | بولونیا | বোলোনিয়া | Bolonya | Болонья | Bolonia | بۆلۆنیا | Bulogna | Болонья | Bolonya | Bulåggna | Bolonjo | Bolonia | Boloña | بولونیا | Bologne | Boloña | Mbolóña | બોલોગ્ના | बोलोना | Բոլոնիա | Պոլոնիա | Bolonia | ბოლონია | Болонья | Болонья | ಬೊಲೋನಾ | 볼로냐 | Bolonya | Болонья | Болонья шаары | Bologna | Poronga | बोलोन्या | Bolonja | ဘိုလိုညာ | بولونیا | Bolonha | Болонья | Bolonne | Bolonia | Bològna | بولونا | Bologne | Болонья | बोलोन्या | Bulogna | බොලොග්නා | Bologna | Bologna | Bolonja | பொலோஞா | బోలోన్య | Болоня | Болоня | Болонья | بلونیا | Bolonya | Bułogna | 博洛尼亚 | ბოლონია | 博洛尼亞 | 博洛尼亞 | 博洛尼亚 | 博洛尼亚 | 波隆那 | 博洛尼亞 | 波隆那
Q29418,John Ashbery,1927,2017,"റോച്ചസ്റ്റർ | Rochester | روتشستر | روتشستر | Рочэстэр | Рочэстэр | Rochester | Рочестер | Rochester | Rochester | Rochester | Ρότσεστερ | Rochester | Rochester | روچستر | Rochester | Rochester | Ռոչեստեր | Rochester | ロチェスター | 로체스터 | Rochester | Rochester | Rochester | Rochester | Rochester | Rochester | Rochester | Rochester | Рочестер | Rochester | Рочестер | Rochester | Rochester | Рочестер | Рочестер | Rochester | Rochester | Rochester | Rochester | Rochester | Rochester | Rochester | Rochester | Rochester | Rochester | Rochester | Rochester | Rochester | Rochester | Rochester | Rochester | Rochester | Rochester | Rochester | Rochester | Rochester | Rochester | Rochester | Rochester | Rochester | Rochester | Rochester | Rochester | Rochester | Rochester | Rochester | Rochester | Rochester | Rochester | Rochester | Rochester | Rochester | ڕۆچێستەر | 羅徹斯特 | רוצ'סטר | Рочестър | 羅徹斯特 | 罗切斯特 | 羅徹斯特 | 羅徹斯特 | রচেস্টার | રોચેસ્ટર | रोचेस्टर | როჩესტერი | ರೋಚೆಸ್ಟರ್ | Ročesteris | Ročestera | රෝචෙස්ටර් | రోచెస్టర్ | รอเชสเตอร์ | Roçester | راچستر، نیویورک | Рочестер | Rochester (kapital sa kondado sa Estados Unidos, New York) | Roĉestro | راچستر (نيۊیؤرک) | Rochester, New York | Rochester, Evrek Nowydh | Roffa | Рочэстэр | Рочестер | रॉचेस्टर | راچستر (نیویورک) | Rochester i New York | ߙߏߛ߭ߍߛߑߕߊ߬ | Рочестер | روچسٹر | இரோசெச்டர் | Рочестер,Ню-Йорк | روچیسٹر، نیو یارک | 罗切斯特 | 羅徹斯特 | 罗切斯特 | 羅徹斯特 | 羅徹斯特 | 羅徹斯特 | Rochester, New York"
Q40222,Kate Gleason,1865,1933,"റോച്ചസ്റ്റർ | Rochester | روتشستر | روتشستر | Рочэстэр | Рочэстэр | Rochester | Рочестер | Rochester | Rochester | Rochester | Ρότσεστερ | Rochester | Rochester | روچستر | Rochester | Rochester | Ռոչեստեր | Rochester | ロチェスター | 로체스터 | Rochester | Rochester | Rochester | Rochester | Rochester | Rochester | Rochester | Rochester | Рочестер | Rochester | Рочестер | Rochester | Rochester | Рочестер | Рочестер | Rochester | Rochester | Rochester | Rochester | Rochester | Rochester | Rochester | Rochester | Rochester | Rochester | Rochester | Rochester | Rochester | Rochester | Rochester | Rochester | Rochester | Rochester | Rochester | Rochester | Rochester | Rochester | Rochester | Rochester | Rochester | Rochester | Rochester | Rochester | Rochester | Rochester | Rochester | Rochester | Rochester | Rochester | Rochester | Rochester | Rochester | ڕۆچێستەر | 羅徹斯特 | רוצ'סטר | Рочестър | 羅徹斯特 | 罗切斯特 | 羅徹斯特 | 羅徹斯特 | রচেস্টার | રોચેસ્ટર | रोचेस्टर | როჩესტერი | ರೋಚೆಸ್ಟರ್ | Ročesteris | Ročestera | රෝචෙස්ටර් | రోచెస్టర్ | รอเชสเตอร์ | Roçester | راچستر، نیویورک | Рочестер | Rochester (kapital sa kondado sa Estados Unidos, New York) | Roĉestro | راچستر (نيۊیؤرک) | Rochester, New York | Rochester, Evrek Nowydh | Roffa | Рочэстэр | Рочестер | रॉचेस्टर | راچستر (نیویورک) | Rochester i New York | ߙߏߛ߭ߍߛߑߕߊ߬ | Рочестер | روچسٹر | இரோசெச்டர் | Рочестер,Ню-Йорк | روچیسٹر، نیو یارک | 罗切斯特 | 羅徹斯特 | 罗切斯特 | 羅徹斯特 | 羅徹斯特 | 羅徹斯特 | Rochester, New York"
Q35610,Arthur Conan Doyle,1859,1930,Edimburgo | Edinburgh | Edinburg | ኤዲንቦሮ | Edimburgo | Edinburg | إدنبرة | إدينبرا | ادنبره | Edimburgu | Edinburq | ادینبورق | Эдинбург | Edinburgh | Edinburg | Эдынбург | Эдынбург | Èdinbereh | Единбург | एडिनबर्ग | এডিনবরা | Dinedin | Edinburgh | Edimburg | Edinburgh (kapital sa apil sa nasod) | ئێدینبەرە | Edimburgu | Edinburg | Edinburg | Эдинбург | Caeredin | Edinburgh | Edinburgh | Edinburgh | Εδιμβούργο | Edinbûrg | Edinburgh | Edinburgo | Edinburgh | Edinburgo | Edimburgu | ادینبرو | Edinburgh | Edinburgh | Edinburgh | Edinburgh | Édimbourg | Edinburgh | Edinburc | Edinboarch | Dùn Èideann | Edimburgo | Endimbugo | એડિનબર્ગ | Doon Edin | Edinburgh | Oi-tên-páu | Ekinipāla | एडिनबरा | Edinburgh | Edinburgh | Edinbo | Edinburgh | Էդինբուրգ | Էտինպրա | Edimburgo | Edinburgh | Edinburgh | Edinburgh | Edinburgh | Edinborg | Edinburgh | ედინბურგი | Edinburg | Idinburg | Edinburgh | Эдинбург | Эдинбург | ಎಡಿನ್ಬರ್ಗ್ | 에든버러 | Эдинбург | ایڈِنبرگ | Edinburgh | Karedin | Эдинбург | Edimburgo | Edinburgh | Edinburgh | Edimburgo | Edimbùrgh | ເອແດມບວກ | Edinburgas | Edinburga | Эдинбург | Edinburgh | Эдинбург | Ētinipara | Единбург | Эдинбург | ꯏꯗꯤꯟꯕꯔꯒ | Edinburgh | Edimburgo | Edinburgh | എഡിൻബറോ | אדינבורו | Edynburg | Edinburgh | Эдинбург | Edinburgh | Dún Éideann | Edimburgum | Эдинбург | Единбург | Эдинбург | Edinburg | Edinburgh | 愛丁堡 | エディンバラ | Edimburgo | एडिनबरा | Edinburgh | Edinburgu | အက်ဒင်ဗာရာမြို့ | ادینبورگ | Edinburgh | Edinburgh | Edinburgh | Edinburgh | एदिनबरा | Edinburgh | Edimborg | Эдинбург | ਐਡਿਨਬਰਾ | Edimborgh | ایڈنبرا | ایدینبرګ | Edimburgo | Edinburgh | Edinburgh | Единбург | Edinburgh | Edinburgh | Edimburgu | Edinburgh | ايڊنبرا | Edinburgh | Edėnborgs | Edinburgh | එඩින්බරෝ | Edinburgh | Edinburg | Edinburgh | Edinburgh | Edinburgh | Edinburg | Edinburgh | Edinburgh | எடின்பரோ | ఎడిన్బర్గ్ | Эдинбург | เอดินบะระ | Edinburg | Edinburgh | Edinburq | ma tomo Esin | Edinburgh | Эдинбург | Edinburgh | Эдинбург | Idinburg | Единбург | ایڈنبرا | Ebora | Edinburg | Edinburgh | Edinburgh | Edinburgh | Edinburgh | 爱丁堡 | ედინბურგი | עדינבורג | 愛丁堡 | ⵉⴷⵉⵏⴱⵓⵔⴳ | 爱丁堡 | 爱丁堡 | 愛丁堡 | 愛丁堡 | 愛丁堡
Q36067,Hermann Haken,1927,2024,Lipsia | Leipzig | Leipzig | ലീപ്സിഗ് | Leipzig | Leipzig | Lipcse | Лейпциг | Lipsko | Lipsko | Leipzig | Lipsk | Leipzig | Leipzig | Leypsiq | Лейпцыг | Ляйпцыг | Լայպցիգ | Лајпциг | Лейпциг | Leipzig | ላይፕጽግ | Leipzig | لايبزيغ | لايبتزج | Leipzig | لایپزیق | Лейпциг | Leipzig | Leipzig | Лайпциг | লাইপ্ৎসিশ | Leipzig | Leipzig | Leipzig | Лейпциг | Leipzig | لایپزیگ | Lipsia | Leyptsig | Leyptsig | Лейпциг | Leipzig | Leipzig | Leipzig | Leipzig | Leipzig | Lipsk | Λειψία | Leipzig | Leipzig | Leipzig | Leipzig | Leipzig | Leipzig | Leipzig | لایپزیگ | Leipzig | Leipzig | Leipzig | Leipzig | Leipzig | Leipzig | Leipzig | Leipzig | Leipzig | Leipzig | Leipzig | લેઇપઝિગ | Leipzig | Leipzig | Lipekika | לייפציג | लिपजिग | Leipzig | Lipsk | Լայփցիկ | Leipzig | Leipzig | Leipzig | Leipzig | Leipzig | ライプツィヒ | Leipzig | ლაიფციგი | Leipzig | Leipzig | Лейпциг | ಲೈಪ್ಜಿಗ್ | 라이프치히 | 라이프찌히 | Leipzig | Лейпциг | Lipsia | Leipzig | Leipzig | Leipzig | Leipzig | Leipzig | Lipsia | Leipcigas | Leipciga | 萊比錫 | Лэйпциг | Leipzig | Leipzig | Лайпциг | लाइपझिश | Leipzig | Leipzig | လိုက်ပဆစ်မြို့ | لایپتسیش | Leipzig | Leipzig | Lipsia | Leipzig | Leipzig | Leipzig | लेइपजिग | Leipzig | Leipzig | ߟߋߌߔߑߖ߭ߌߜ߭ | Leipzig | Leipzig | Лейпциг | ਲਾਈਪਸਿਸ਼ | Leipzig | Leipzig | Leipzig | Lipsia | لیپزش | Leipzig | Leipzig | Leipzig | Leipzig | Leipzig | Ліпско | Lipsia | Lipsia | Leipzig | ليپزگ | Leipzig | ලේයිප්සිග් | Leipzig | Lajpcigu | Лајпциг | Лајпциг | Leipzig | Leipzig | Leipzig | Lajpcik | லைப்சிக் | లేఇప్జిగ్ | Лейпзиг | ไลพ์ซิช | Leipzig | Leipzig | Лейпциг | Leipzig | Leipzig | Léypzig | لائپزش | Leipzig | Leipzig | Läipcig | Leipzig | Leipzig | Leipzig | Leipzig | Leipzig | Leipzig | 莱比锡 | ლაიფციგი | לייפציג | 萊比錫 | 莱比锡 | 莱比锡 | 莱比锡 | 萊比錫 | 萊比錫 | Leipzig
Q35698,Konrad Emil Bloch,1912,2000,"ניסה | Nisa | Nysa | Nysa | Nysa | Nysa | Nysa | Nysa | Nysa | نیسا | Նիսա | ニサ | Nysa | Nysa | Nysa | Nysa | Nysa | Nysa | 尼斯 | 尼斯 | 尼斯 | 尼斯 | نيسا | Nysa | Ниса | Nysa | Ниса | Ниса | Nysa | Nysa | Nysa | Nissa | Νίσα | Nisa | Nysa | Ныса | Nysa | Nysa | Nysa | Nysa | Nysa | Nysa | Nysa | Nysa | 니사 | Ниса | نيسا | Nysa | Nysa | Ныса | Nysa | Nysa | Nysa | Nysa, Poland | Nysa i Polen | Nysa | นือซา | Ныса"
Q36322,Jane Austen,1775,1817,ستيفنتون، هامبشاير | ستيفنتون | Stiventon | Стывентан | Стывэнтан | Стивънтън | Steventon | Steventon | Steventon | Steventon | Steventon | Στήβεντον | Steventon | Steventon | Steventon | Steventon (Hampshire) | استیونتون، همپشر | Steventon | Steventon | סטיבנטון | Սթիվենտոն | Steventon | スティーヴントン | სტივენტონი | Steventon | Steventon | Steventon (Hampshire) | Steventon | Steventon | Steventon i Hampshire | Steventon | Стивентон | Steventon | Steventon | Стівентон | 史蒂文顿 | 史蒂文顿 | 史蒂文頓 | 史蒂文頓 | Steventon
Q39599,Christiaan Huygens,1629,1695,ದ ಹೇಗ್ | 헤이그 | 헤그 | Den Haag | Гаага | Den Haag | Den Haag | D'n Haag | L'Aja | Den Haag | L'Aja | Den Haag | Гаага | Den Haag | Te Hēke | Хаг | Гааг хот | हेग | Den Haag | L-Aja | ဟိတ်မြို့တော် | لاهه | Den Haag | Den Haag | n Heeg | Den Haag | L'Aia | Гаагæ | ਹੇਗ | Áya | Den Haag | L'Aja | ہیگ | دِن هاخ | Haia | Den Haag | Гаага | L'Aia | هيگ | ද හේග් | Den Haag | Хаг | Den Haag | Dén Haag | Den Haag | ꠖꠦꠘ ꠢꠣꠉ | Den Haag | டென் ஹாக் | ది హాగ్ | Гаага | เดอะเฮก | The Hague | Haaqa | ma tomo Tena | Lahey | Һааг | Һааг | Xagwé | Гаага | ہیگ | Gaaga | L'Aia | Den Haag | Den Haag | 's-Gravenhage | Li Hâr | An Haga | 海牙 | דען האג | 海牙 | Den Haeg | 海牙 | 海牙 | Se Heċġ | Den Haag | Haag | ഹേഗ് | האג | Haga | La Haye | Aya | Aya | Aya | Aya | Aya | Aya | Hago | Гаага | Haag | L'Aia | The Hague | Хага | Haag | Haag | Haag | Haag | Haag | Haag | Haag | Haag | Haag | Haag | 海牙 | The Hague | The Hague | Haga | Aga | Den Haag | Хаг | 海牙 | 海牙 | 海牙 | La Haya | Hāga | Haga | Haga | Haga | Haga | Haga | Hag | Hag | Den Haag | ደን ሃግ | لاهاي | ܕܢ ܗܐܟ | دينهاخ | L'Haya | Den Haag | Haaqa | لاهه | Den Haag | Гаага | Гаага | হেগ | Den Haag | Den Haag | la Haia | El Haya | Гаага | لاھای | Гаага | Den Haag | Χάγη | L'Aja | L'Aya | لاهه | L’Hage | Den Haag | De Haach | an Háig | Den Haag | A Haia | 𐌳𐌰𐌹𐌽 𐌷𐌰𐌲 | Den Haag | હેગ | Hague | Den Haag | हेग | The Hague | Layè | Hága | Հաագա | Հաագա | Le Haga | Den Haag | Den Haag | Den Haag | デン・ハーグ | Den Haag | ჰააგა | Gaaga | Den Haag | Hague | Гаага
Q38786,Mathilde Fibiger,1830,1872,Copenhague | کؤپنهاگ | Kopenihage | 𐌺𐌰𐌿𐍀𐌰𐌼𐌰𐌽𐌽𐌴𐌷𐌰𐌱𐌽𐌰 | Copenhagen | Kopenhagen | કોપનહેગન | København | Kwapanhagan | Copenhagen | कोपनहेगन | Copenhagen | Kopenhagen | Kopenhagen | Kopènag | Koppenhága | Քոփընհակըն | Copenhagen | Kopenhagen | Köbenhavn | Copenhagen | København | Kaupmannahöfn | Copenaghen | Kopenhagen | კოპენჰაგენი | Kopengagen | Kopenhagen | Kopɛnhaagɩ | Kopenhagen | Копенгаген | Копенгаген | ಕೋಪನ್ ಹ್ಯಾಗನ್ | 코펜하겐 | 쾨뻰하븐 | کوپَن ہیگن | Kopenhag | Копенгаген | Kopenhavn | Копенгаген | Hafnia | Kopenhage | Kopenhagen | Kobenhavn | Koupenhage | Copenaghen | Cupenaghen | کوپنهاگ | Kopenhaga | Kopenhaga | Kopenhāgena | 哥本哈根 | Копэнгавн | Kaopenagy | Copenhagen | Kopenhagen | Копенхаген | Копенхаген | कोपनहेगन | Kopenhagen | Copenhagen | Copeñaguen | ကိုပင်ဟေဂင်မြို့ | Копенгаген ош | کپنهاگن | Copenhagen | Copenague | Copenhagen | Copenaghen | Kopenhagen | Kopenhoaven | कोपनहेगन | कोपेनहेगन | København | Copèneĥague | Baandaʼiniihii Bitsinaaʼeeł Báhazʼání | Copenaga | Kopengagen | କୋପେନହେଗେନ | Копенгаген | ਕੋਪਨਹੈਗਨ | Kopenhage | Kopenhagen | Kopenhague | Kopenhagen | Copenhagen | Copenàghen | کوپن ہیگن | کوپنهاګن | Copenhaga | Copenhague | København | Copenhagen | Copenhagen | Copenhaga | Кодань | Copenhagen | कोपनहागन | Копенһаген | Copenaghen | Copenaghen | Colpenhaven | ڪوپن هيگن | Københápman | Kuopenhaga | Kopenhagen | කෝපන්හේගන් | Kodaň | København | Kööbenhaammân | Copenhagen | Kobanhaygan | Kopenhagen | Копенхаген | Copenhagen | Kopenhagen | Kopenhagen | Kopynhaga | Ke-pen-ha-ken | கோபனாவன் | కోపెన్హాగన్ | Копенҳаген | Копенҳаген | โคเปนเฮเกน | Kopengagen | Copenhagen | Kopenhaqen | Kopenhag | Копенһаген | Копенһаген | København | Копенгаген | Kopénhagén | Копенгаген | کوپن ہیگن | Kopengagen | Copenaghen | Kopengagen | Kopenhagen | København | Kopõnhaagõn | Copenhågue | Copenhagen | Kopenagen | 哥本哈根 | კოპენჰაგენი | קאפנהאגן | Copenhagen | 哥本哈根 | Kopenagen | 哥本哈根 | 哥本哈根 | 哥本哈根 | 哥本哈根 | i-Copenhagen | Copenhagen | Copenhague | København | Keypmannahavn | Copenhague | Kopenhagen | Kodaň | കോപ്പൻഹേഗൻ | Köpenhamn | קופנהגן | Kopenhaga | Kööpenhamina | コペンハーゲン | Copenhagen | کپنهاگ | Կոպենհագեն | Copenhagen | Kopenhagen | كوبنهاغن | København | Copenhaguen | København | København | Copenhagen | Копенхаген | Копенгаген | 哥本哈根 | Kopenhago | 哥本哈根 | Kopenhagen | Kopenhagen | ኮፐንሀገን | Copenaguen | Cēapmannhæfen | ܩܘܦܢܗܐܓܢ | كوپنهاڭن | كوبينهاجين | Copenḥague | Копенгаген | København | Kobenhavn | Kopenhagen | کوپینهاگ | Копенгаген | Kopenhagen | Copenhagen | Капенгаген | Капэнгаген | Kopenhagen | Copenhagen | কোপেনহেগেন | ཁོ་ཕེན་ཧ་ཀེན། | Kopenhagen | Kopenhagen | Копенһаген | Copenhague | Copenhagen | Копенгаген | کۆپنھاگن | Copenaghen | Kopenhagen | Kòpenhaga | Кобєнхавнъ | Копенгаген | Kopenhag | Kopenhagen | कोपनहेगन | Copenhagen | Κοπεγχάγη | Cupenàghen | Copenhagen | Copenhagen | Copenhagen | Kopenhaagen | Kopenhage | Copenagui | Kopenhuuwen | Kopenhagen | Cóbanhávan | Kopenhagen | Copenhagen
Q37160,David Hume,1711,1776,Edinburgh | Edimburgo | Edinburgh | എഡിൻബറോ | אדינבורו | Edynburg | Edinburgh | Эдинбург | Edinburgh | Dún Éideann | Edimburgum | Эдинбург | Единбург | Эдинбург | Edinburg | Edinburgh | 愛丁堡 | エディンバラ | Edimburgo | Edimburgo | Edinburgh | Edinburg | ኤዲንቦሮ | Edimburgo | Edinburg | إدنبرة | إدينبرا | ادنبره | Edimburgu | Edinburq | ادینبورق | Эдинбург | Edinburgh | Edinburg | Эдынбург | Эдынбург | Èdinbereh | Единбург | एडिनबर्ग | এডিনবরা | Dinedin | Edinburgh | Edimburg | Edinburgh (kapital sa apil sa nasod) | ئێدینبەرە | Edimburgu | Edinburg | Edinburg | Эдинбург | Caeredin | Edinburgh | Edinburgh | Edinburgh | Εδιμβούργο | Edinbûrg | Edinburgh | Edinburgo | Edinburgh | Edinburgo | Edimburgu | ادینبرو | Edinburgh | Edinburgh | Edinburgh | Edinburgh | Édimbourg | Edinburgh | Edinburc | Edinboarch | Dùn Èideann | Edimburgo | Endimbugo | એડિનબર્ગ | Doon Edin | Edinburgh | Oi-tên-páu | Ekinipāla | एडिनबरा | Edinburgh | Edinburgh | Edinbo | Edinburgh | Էդինբուրգ | Էտինպրա | Edimburgo | Edinburgh | Edinburgh | Edinburgh | Edinburgh | Edinborg | Edinburgh | ედინბურგი | Edinburg | Idinburg | Edinburgh | Эдинбург | Эдинбург | ಎಡಿನ್ಬರ್ಗ್ | 에든버러 | Эдинбург | ایڈِنبرگ | Edinburgh | Karedin | Эдинбург | Edimburgo | Edinburgh | Edinburgh | Edimburgo | Edimbùrgh | ເອແດມບວກ | Edinburgas | Edinburga | Эдинбург | Edinburgh | Эдинбург | Ētinipara | Единбург | Эдинбург | ꯏꯗꯤꯟꯕꯔꯒ | एडिनबरा | Edinburgh | Edinburgu | အက်ဒင်ဗာရာမြို့ | ادینبورگ | Edinburgh | Edinburgh | Edinburgh | Edinburgh | एदिनबरा | Edinburgh | Edimborg | Эдинбург | ਐਡਿਨਬਰਾ | Edimborgh | ایڈنبرا | ایدینبرګ | Edimburgo | Edinburgh | Edinburgh | Единбург | Edinburgh | Edinburgh | Edimburgu | Edinburgh | ايڊنبرا | Edinburgh | Edėnborgs | Edinburgh | එඩින්බරෝ | Edinburgh | Edinburg | Edinburgh | Edinburgh | Edinburgh | Edinburg | Edinburgh | Edinburgh | எடின்பரோ | ఎడిన్బర్గ్ | Эдинбург | เอดินบะระ | Edinburg | Edinburgh | Edinburq | ma tomo Esin | Edinburgh | Эдинбург | Edinburgh | Эдинбург | Idinburg | Единбург | ایڈنبرا | Ebora | Edinburg | Edinburgh | Edinburgh | Edinburgh | Edinburgh | 爱丁堡 | ედინბურგი | עדינבורג | 愛丁堡 | ⵉⴷⵉⵏⴱⵓⵔⴳ | 爱丁堡 | 爱丁堡 | 愛丁堡 | 愛丁堡 | 愛丁堡
Q37615,Luciano Pavarotti,1935,2007,Modena | Modena | Modena | Մեդոլլա | Modène | مودنا | Modena | Modena | Mutina | Модена | Modena | Modena | Модэна | Модена | Modena | Modena | Módena | מודנה | Modena | Módena | Modena | Modena | Модена | Modena | Modena | Modena | Modena | Modena | モデナ | Модена | মদিনা | مودينا | Модена | Modena | Modena | Modena | მოდენა | Модена | Modena | Modena | مُودِنة | Módena | Modena | مودنا | Модэна | Modena | Modena | Mòdena | مۆدینا | Modena | Модена | Modena | Modena | Μόντενα | Mòdna | Modeno | Modena | Módena | Modena | મોડેના | मोडेना | Modena | Մոտենա | Modena | Modena | Modena | Módena | Модена | ಮೊಡೆನ | 모데나 | Modena | Модена | Modena | Modena | Modena | Modēna | Модэна | Модена | Модена | मोडेना | Modena | Modena | Modena | Modena | Modena | मोडेना | Modena | Modena | Моденæ | Mòdena | موڈینا | Módena | Modena | Modena | Modena | मोडेना | Modena | Mòdena | Modena | මොඩිනා | Modena | Modena | Modena | Modena | மொடெனா | మొడెనా | Мудено | โมเดนา | Modena | مودینا | Modena | Modena | 摩德纳 | Modena | 摩德納 | 摩德納 | 摩德纳 | 摩德纳 | 摩德納
Q38794,Rildo da Costa Menezes,1942,2021,റെസിഫ് | Recife | Recife | Recife | Recife | Recife | Recife | Recife | Recife | Recife | Recife | Recife | Recife | Recife | Ресифи | Ресіфі | Recife | ريسيفي | Recife | Recife | レシフェ | Recife | Recife | ريسيفى | Resifi | Recife | Рэсіфі | Рэсыфі | Ресифи | রেসিফি | রেসিফে | Recife | Recife | Ресифи | Recife | Recife | Recife | Recife | Ρεσίφε | Recife | Recife | Recife | Recife | ریسیف | Recife | Recife | Recife | Recife | Recife | રેસીફી | Recife | רסיפה | रिसीफ़ी | Recife | Recife | Ռեսիֆի | Recife | Recife | Recife | Recife | Recife | რესიფი | Resife | Ресифи | Ресифи | ರೆಸಿಫೆ | 헤시피 | Ресифи | Ресифи | Fernambucum | Rezife | Recife | Resifė | Resifi | Recife | Ресифе | Ресифи | रेसिफे | Recife | Recife | Recife | ရီစီဖီမြို့ | Ресифи ош | ریسیف | Recife | Recife | Recife | Recife | Recife | Recife | Recife | Ресифи | Recife | ریسیف | Recife | Recife | Recife | Recife | රෙසිෆි | Recife | Resife | Ресифе | Recife | Recife | ரெசிஃபி | రెసీఫీ | Ресифи | Ресифи | เรซีฟี | Resife | Lungsod ng Recife | Recife | Ресифи | Recife | ریسیف | Resifi | Resifi | Recife | Recife | 累西腓 | 李斯腓 | 累西腓 | 累西腓 | 累西腓 | 勒西菲 | 李斯腓 | 勒西菲
Q38082,Lewis Carroll,1832,1898,Daresbury | Daresbury | Daresbury | Daresbury | Daresbury | Daresbury | Daresbury | Daresbury | Daresbury | Daresbury | Daresbury | Daresbury | Daresbury | Daresbury | درسبوري | درسبورى | Дарсберы | ডেয়ারসবুরি | Daresbury (kapital sa distrito) | Ντέιρσμπουρι | دیرزبری | ડારેસબરી | דיירסברי | Դարսբերի | ダレスブリ | დერზბერი | ಡೇರ್ಸ್ಬರಿ | 다레즈버리 | Daresbury | Daresburis | Дарсбери | Daresbury (distriktshuvudort) | ட்ரெஸ்புரி | దరేస్బురి | Daresbury | Дерсбері | دریسبوری | 達斯伯里 | 达瑞斯布利 | 達瑞斯布利
Q44872,Romano Guardini,1885,1968,Veronn-a | Verùna | Verona | Вэрона | Вероно | Verona | Верона | व्हेरोना | Verona | Verona | Verona | Verona | Веронæ | Werona | Veron-a | ویرونا | Verona | Verona | Verona | वेरोना | Verona | Verona | Verona | වෙරෝනාව | Verona | Verona | வேறோனா | వెరోనా | Верона | Werona | Verona | Verona | Veron | 维罗纳 | Verona | 維羅納 | 维罗纳 | 維羅納 | 維羅納 | 維洛那 | Verona | Verona | Verona | Verona | Verona | Verona | Verona | Verona | Verona | Βερόνα | ورونا | Verona | ורונה | Վերոնա | ヴェローナ | Верона | Верона | Верона | Verona | Verona | Verona | Verona | Верона | Verona | Верона | Verona | Verona | Verona | Верона | ویرونا | Verona | Verona | 维罗纳 | 维罗纳 | Verona | Verona | Verona | Verona | Verona | فيرونا | Верона | Verona | Verona | Verona | Верона | Verona | Vérone | Verona | Verona | Верона | Вэрона | Верона | Verona | Верона | Verona | Verona | Verona | Verona | Verona | Verona | Verona | เวโรนา | Verona | ቬሮና | Verona | فيرونا | Verona | Verona | Verona | ورونا | Vérona | Verona | ভেরোনা | ཝེ་རོ་ན། | Verona | Verona | پارێزگای ڤێرۆنا | Верона | Verona | Verona | Verona | Verono | Verona | Verona | Verone | Ferona | Verona | Verona | વેરોના | वेरोना | Verona | Վերոնա | Verona | Verona | Veróna | Verona | ვერონა | ವೆರೋನಾ | 베로나 | Verona
Q44875,Balthasar Walther,1558,1625,Legnica | لغنيتسا | لجنيتسا | Legnica | لقنیتسا | Лягніца | Лягніца | Легница | লেগনিকা | Legnica | Легница | Legnica | Lehnice | Legnica | Legnica | Legnica | Legnica | Legnica | Legnica | Λεγκνίτσα | Legnica | Legnica | Legnica | Legnica | Legnica | Legnica | Legnica | لگنیتسا | Legnica | Legnica | Legnica | Liegnitz | લેગ્નિકા | Legnica | לגניצה | लेग्निका | Lěhnica | Legnica | Լեգնիցա | Legnica | Legnica | レグニツァ | Legnica | ლეგნიცა | ಲೆಗ್ನಿಕಾ | 레그니차 | Liegnitz | Lignitium | Legnica | Legņica | Лэгница | Легниц хот | लेंगणीका | Legnica | 莱格尼察 | ლეგნიცა | 萊格尼察 | 萊格尼察 | 莱格尼察 | 莱格尼察 | 萊格尼察 | 萊格尼察 | 莱格尼察 | 萊格尼察 | Liegnz | Legnica | Legnica | Legnica | Legnica | Legnica | Liegnitz | Legnica | Legnica | Legnica | Легницæ | Legnica | Legnica | Legnica | Legnica | Легница | Legnica | Legnica | ලේග්නිකා | Legnica | Legnica | Легњица | Legnica | Ligńica | லெஜினிகா | లెగ్నిక | ลักนิเซีย | ma tomo Lenkisa | Legnica | Легнитса | Легниця | لیجنیکا | Legnica | Legnica
Q44882,Godfried Danneels,1933,2019,Канегем | Kanegem | Kanegem | Kanegem | Kanegem | Kanegem | Kanegem | Kanegem | Kanegem | Kanegem | Kanegem | Kanegem | Kanegem | Kanegem | Канегем | Kanegem | Koanegem
Q29604,Yinka Dare,1972,2004,Kano | Kano | Kano | Kano | Kano | Kano | Kano | Kano | Kano | كانو | কানো | 卡諾 | Kanas | Кано | كانو | کانو، نیجریه | Кано | Кано | Кано | Kano (kapital sa estado) | Κάνο | کانو، نیجریه | કાનો | jahar Kano | कानो | Կանո (քաղաք) | カノ | კანო | Ka̱na̱u | ಕ್ಯಾನೊ | Кано | Canos | Кано | कानो | Kano i Nigeria | Kano | Кано (сахар) | ਕਾਨੋ | ڪانو | කානෝ | Кано | கனோ | కానో | Кано | คาโน | کانو | 卡诺 | Kánò | 卡诺 | 卡诺 | 卡諾 | 卡諾 | 卡诺 | 卡諾 | Кано | קנו | Kano | Kano | 카노 | Kano | Kano | Kano | Kano | Кано | Kano | Кана | Kano | Kano | Kano | Kano | Kano | Kano | Kano | Kano | Kano | Kano | Kano | Kano | Kano | Kano | Kano | Kano | Kano | Kano | Kano | Kano | Kano | Kano | Kano | Kano | Kano | Kano | Kano | Kano | Kano | Kano | Kano | Kano | Kano
Q29577,Leonardo Vinci,1690,1730,Strònguli | Strongoli | Strongoli | Strongoli | Strongoli | Strongoli | Strongoli | Strongoli | Strongoli | Strongoli | Strongoli | Strongoli | Strongoli | Strongoli | Strongoli | Strongoli | Strongoli | Strongoli | סטרונגולי | Strongoli | Strongoli | Strongoli | Strongoli | Strongoli | Strongoli | Strongoli | Strongoli | Strongoli | Strongoli | Strongoli | Strongoli | Strongoli | سترونجولي | استرانقولی | Strongoli | Стронголи | Стронголи | Strongoli | استرانگولی | Strongoli | Ստրոնգոլի | ストロンゴリ | Стронголи | Strongoli | Strongulae | Strongoli | Strongoli | Strongoli | Strongoli | Strongoli | Strongoli | Стронголи | Strongoli | Strongoli | Strongoli | Стронголи | Стронголі | Strongoli | Strongoli | Strongoli | 斯特龙戈利
Q43936,William of Ockham,1287,1349,"ওকহ্যাম | ઓકહામ | Окхэм | אוקאם | أوكام | اوكام | اوکهام، ساری | Окам | Ockham | Ockham | Ockham | Όκαμ | Ockham | Ockham | Ockham (Surrey) | اوکهام، ساری | Ockham | Ockham | Ockham | オッカム | ಓಕ್ಹ್ಯಾಮ್ | 오캠 | Ockham | Okheimas | Ockham (Surrey) | Ockham | Ockham | Ockham | Ockham | அக்ஹம் | ఒక్హమ్ | Ockham, Surrey | وکہام | 奥卡姆 | 奥克汉姆 | 奧克漢姆"
Q44252,Max Klinger,1857,1920,लिपजिग | Leipzig | Lipsk | Լայփցիկ | Leipzig | Leipzig | Leipzig | Leipzig | Leipzig | ライプツィヒ | Leipzig | ლაიფციგი | Leipzig | Leipzig | Лейпциг | ಲೈಪ್ಜಿಗ್ | 라이프치히 | 라이프찌히 | Leipzig | Лейпциг | Lipsia | Leipzig | Leipzig | Leipzig | Leipzig | Leipzig | Lipsia | Leipcigas | Leipciga | 萊比錫 | Лэйпциг | Leipzig | Leipzig | Лайпциг | लाइपझिश | Leipzig | Leipzig | လိုက်ပဆစ်မြို့ | لایپتسیش | Leipzig | Leipzig | Lipsia | Leipzig | Leipzig | Leipzig | लेइपजिग | Leipzig | Leipzig | ߟߋߌߔߑߖ߭ߌߜ߭ | Leipzig | Leipzig | Лейпциг | ਲਾਈਪਸਿਸ਼ | Leipzig | Leipzig | Leipzig | Lipsia | لیپزش | Leipzig | Leipzig | Leipzig | Leipzig | Leipzig | Ліпско | Lipsia | Lipsia | Leipzig | ليپزگ | Leipzig | ලේයිප්සිග් | Leipzig | Lajpcigu | Лајпциг | Лајпциг | Leipzig | Leipzig | Leipzig | Lajpcik | லைப்சிக் | లేఇప్జిగ్ | Лейпзиг | ไลพ์ซิช | Leipzig | Leipzig | Лейпциг | Leipzig | Leipzig | Léypzig | لائپزش | Leipzig | Leipzig | Läipcig | Leipzig | Leipzig | Leipzig | Leipzig | Leipzig | Leipzig | 莱比锡 | ლაიფციგი | Lipsia | Leipzig | Leipzig | ലീപ്സിഗ് | Leipzig | Leipzig | Lipcse | Лейпциг | Lipsko | Lipsko | Leipzig | Lipsk | Leipzig | Leipzig | Leypsiq | Лейпцыг | Ляйпцыг | Լայպցիգ | Лајпциг | Лейпциг | Leipzig | ላይፕጽግ | Leipzig | لايبزيغ | لايبتزج | Leipzig | لایپزیق | Лейпциг | Leipzig | Leipzig | Лайпциг | লাইপ্ৎসিশ | Leipzig | Leipzig | Leipzig | Лейпциг | Leipzig | لایپزیگ | Lipsia | Leyptsig | Leyptsig | Лейпциг | Leipzig | Leipzig | Leipzig | Leipzig | Leipzig | Lipsk | Λειψία | Leipzig | Leipzig | Leipzig | Leipzig | Leipzig | Leipzig | Leipzig | لایپزیگ | Leipzig | Leipzig | Leipzig | Leipzig | Leipzig | Leipzig | Leipzig | Leipzig | Leipzig | Leipzig | Leipzig | લેઇપઝિગ | Leipzig | Leipzig | Lipekika | לייפציג | לייפציג | 萊比錫 | 莱比锡 | 莱比锡 | 莱比锡 | 萊比錫 | 萊比錫 | Leipzig
Q32456,Wilhelm Baehrens,1885,1929,Groningen | Groningen | கிரோனின்ஜென் | గ్రానిన్జేన్ | Вилояти Гронинген | โกรนิงเกน | ma tomo Koninen | Groningen | Грониңен | Groningen | خرونیگین | Groningen (Niderlandiya) | Groningen | Groningen | Groningen (zif) | Groningen | 格罗宁根 | גראנינגען | 格羅寧根 | Greunienge | 格罗宁根 | 格羅寧根 | 格羅寧根 | 格罗宁根 | 格罗宁根 | 格羅寧根 | Groningburg | Groningen | Groningen | Groningen | Groningue | Groningen | Groningen | Groningen | 格羅寧根 | Гронінген | Groningen | Groninga | Гронинген | Гронінген | Гронінген | חרונינגן | გრონინგენი | フローニンゲン | Grins | Groninga | Groninga | Groninga | Groninga | Groninga | Groninga | Groninga | Groningen | Гронинген | Groningen | Groningenas | Groningen | Groningen | 格罗宁根 | 格罗宁根 | Groningen | Groningen | خَرُنِنغِن | خرونينڭن | خرونينجين | Groningen | Qroningen | Гронинген | খ্রোনিঙেন | Groningen | Groningen | Groningen | Groningen | Χρόνινγκεν | Groningen | Groningen | Groningen | Groningen | خرونینگن | Groningen | Groningen | Groningen | Groninga - Groningen | ગ્રૉનિન્જેન | Groningen | ग्रोनिंगेन | Groningen | Groningen | Գրոնինգեն | Groningen | Groningen | Groningen | Groningen | Groningen | Groningen | Гронинген | ಗ್ರೊನಿನ್ಗೆನ್ | 흐로닝언 | Groningen | Groningen | Groninge | Groningena | Гронингэн | Groningen | Гронинген | Гронинген хот | ग्रोनिंगन | Groningen | Groningen | Groningen (siâⁿ) | Grunneng | Grunnen | Groningen | Гронинген | Groningen | گروننگن شہر | خرونینګن | Groningen | Gròninga | Groningen | ග්රෝනින්ජෙන් | Groningen | Groningen | Groningen | Гронинген | Groningen | Groningen
Q44272,Michel Foucault,1926,1984,Poitiers | ポワチエ | 普瓦捷 | Поатие | بواتييه | Пуатье | Poitiers | Poitiers | Poitiers | Poitiers | Poitiers | Poitiers | Poitiers | Poitiers | Piteus | بواتييه | Poitiers | Puatye | پواتیه | Пуатье | Poitiers | Пуацье | Пуат’е | Poitiers | পোয়াতিয়ে | Poitiers | Poitiers | Poitiers | Пуатье | Poitiers | Poitiers | Пуатье | Poitiers | Poitiers | Poitiers | Poitiers | Πουατιέ | Poitiers | Poitiers | Poitiers | Poitiers | Poitiers | پواتیه | Poitiers | Poitiers | Poitiers | Pouètiérs | Poitiers | Poitiers | Poitiers | Poitiers | Poitiers | Poitiers | Poitiers | પોઈતિઅર્સ | פואטייה | पॉटिए | Poitiers | Poitiers | Պուատիե | Poitiers | Poitiers | Poitiers | Poitiers | Poitiers | Poitiers | Poitiers | პუატიე | Poitiers | Poitiers | Poitiers | Poitiers | ಪೊಯಿಟಿರ್ಸ್ | 푸아티에 | Pictavium | Poitiers | Poitiers | Poitiers | Poitiers | Poitiers | Puatjė | Puatjē | Poitiers | Poitiers | Поатје | पॉइती | Poitiers | Poitiers | پواتیه | Poitiers | Poitiers | Poitiers | Poitiers | Poitiers | Poitiers | Poitiers | Poitiers | Peitieus | Пуатье | Poitiers | Poitiers | Poitiers | Poitiers | پوئیٹیرز | Πουατιέ | Poitiers | Poitiers | Poitiers | Poitiers | Poitiers | Poitiers | Poitiers | Poitiers | Poitiers | Poitiers | පොයිටයර්ස් | Poitiers | Poitiers | Poitiers | Поатје | Poitiers | Poitiers | Poitiers | Poitiers | போயிட்டர்ஸ் | పాటియేర్స్ | ปัวตีเย | Пуатье | Пуатьє | پوئتیے | Poitiers | Poitiers | Puatje | Poitiers | Poitiers | Poitiers | Poitiers | Poitiers | Poitiers | Poitiers | 普瓦捷 | 普華鐵耶 | 普瓦捷 | 普瓦捷 | 普瓦捷 | Poitiers
Q44183,William Golding,1911,1993,Newquay | Ньюки | Newquay | Newquay | Newquay | Nyuki | نیوکی | Ньюкі | Нюкий | ন্যূকে | Tewynblustri | Newquay | Newquay (kapital sa distrito) | Newquay | Tewynblustri | Newquay | Newquay | Newquay | Newquay | Newquay | Newquay | نیوکی | Tewynblustri | Tewynblustri | ન્યૂકે | Tewynblustri | ניוקווי | Newquay | Newquay | ニューキー | ನ್ಯೂಕ್ವೆ | 뉴키 | Tewynblustri | Newquay | Newquay | Niukvėjus | Newquay | Newquay | Newquay | Newquay | Ньюки | Newquay | Newquay | Newquay | Newquay | Newquay | நியூகுயாய் | న్యూకే | نیوقوے | Newquay | Newquay | 紐奎 | 纽基 | 纽基 | 紐基
Q32630,Mick Bates,1947,2021,أرمثورب | ارمثورب | Армтарп | আর্মথ্রোপ | Armthorpe | Armthorpe | Armthorpe | Armthorpe | Armthorpe | Armthorpe | Armthorpe | આર્મથોર્પ | ארמת'ורפ | Armthorpe | アームソープ | ಆರ್ಮ್ಥಾರ್ಪ್ | 암쏠프 | Armtorpas | Armthorpe | Armthorpe | Armthorpe | Armthorpe | Армторп | Armthorpe | ஆர்மதோற்பே | ఆర్మ్తోర్ప్ | Armthorpe | ارمتھورپی | 阿姆索爾普 | 阿姆索尔普 | 阿姆索爾普
Q32505,Henry Irving,1838,1905,Keinton Mandeville | Keinton Manderville | Keinton Mandeville | Keinton Mandeville | Keinton Mandeville | Keinton Mandeville | Keinton Mandeville | Keinton Mandeville | Keinton Mandeville | Keinton Mandeville | Keinton Mandeville | Keinton Mandeville | Keinton Mandeville
Q47812,Bertel Thorvaldsen,1770,1844,Köbenhavn | Copenhagen | København | Kaupmannahöfn | Copenaghen | Kopenhagen | კოპენჰაგენი | Kopengagen | Kopenhagen | Kopɛnhaagɩ | Kopenhagen | Копенгаген | Копенгаген | ಕೋಪನ್ ಹ್ಯಾಗನ್ | 코펜하겐 | 쾨뻰하븐 | کوپَن ہیگن | Kopenhag | Копенгаген | Kopenhavn | Копенгаген | Hafnia | Kopenhage | Kopenhagen | Kobenhavn | Koupenhage | Copenaghen | Cupenaghen | کوپنهاگ | Kopenhaga | Kopenhaga | Kopenhāgena | 哥本哈根 | Копэнгавн | Kaopenagy | Copenhagen | Kopenhagen | Копенхаген | Копенхаген | कोपनहेगन | Kopenhagen | Copenhagen | Copeñaguen | ကိုပင်ဟေဂင်မြို့ | Копенгаген ош | کپنهاگن | Copenhagen | Copenague | Copenhagen | Copenaghen | Kopenhagen | Kopenhoaven | कोपनहेगन | कोपेनहेगन | København | Copèneĥague | Baandaʼiniihii Bitsinaaʼeeł Báhazʼání | Copenaga | Kopengagen | କୋପେନହେଗେନ | Копенгаген | ਕੋਪਨਹੈਗਨ | Kopenhage | Kopenhagen | Kopenhague | Kopenhagen | Copenhagen | Copenàghen | کوپن ہیگن | کوپنهاګن | Copenhaga | Copenhague | København | Copenhagen | Copenhagen | Copenhaga | Кодань | Copenhagen | कोपनहागन | Копенһаген | Copenaghen | Copenaghen | Colpenhaven | ڪوپن هيگن | Københápman | Kuopenhaga | Kopenhagen | කෝපන්හේගන් | Kodaň | København | Kööbenhaammân | Copenhagen | Kobanhaygan | Kopenhagen | Копенхаген | Copenhagen | Kopenhagen | Kopenhagen | Kopynhaga | Ke-pen-ha-ken | Copenhagen | Copenhague | København | Keypmannahavn | Copenhague | Kopenhagen | Kodaň | കോപ്പൻഹേഗൻ | Köpenhamn | קופנהגן | Kopenhaga | Kööpenhamina | コペンハーゲン | Copenhagen | کپنهاگ | Կոպենհագեն | Copenhagen | Kopenhagen | كوبنهاغن | København | Copenhaguen | København | København | Copenhagen | Копенхаген | Копенгаген | 哥本哈根 | Kopenhago | 哥本哈根 | Kopenhagen | Kopenhagen | ኮፐንሀገን | Copenaguen | Cēapmannhæfen | ܩܘܦܢܗܐܓܢ | كوپنهاڭن | كوبينهاجين | Copenḥague | Копенгаген | København | Kobenhavn | Kopenhagen | کوپینهاگ | Копенгаген | Kopenhagen | Copenhagen | Капенгаген | Капэнгаген | Kopenhagen | Copenhagen | কোপেনহেগেন | ཁོ་ཕེན་ཧ་ཀེན། | Kopenhagen | Kopenhagen | Копенһаген | Copenhague | Copenhagen | Копенгаген | کۆپنھاگن | Copenaghen | Kopenhagen | Kòpenhaga | Кобєнхавнъ | Копенгаген | Kopenhag | Kopenhagen | कोपनहेगन | Copenhagen | Κοπεγχάγη | Cupenàghen | Copenhagen | Copenhagen | Copenhagen | Kopenhaagen | Kopenhage | Copenagui | Kopenhuuwen | Kopenhagen | Cóbanhávan | Kopenhagen | Copenhagen | Copenhague | کؤپنهاگ | Kopenihage | 𐌺𐌰𐌿𐍀𐌰𐌼𐌰𐌽𐌽𐌴𐌷𐌰𐌱𐌽𐌰 | Copenhagen | Kopenhagen | કોપનહેગન | København | Kwapanhagan | Copenhagen | कोपनहेगन | Copenhagen | Kopenhagen | Kopenhagen | Kopènag | Koppenhága | Քոփընհակըն | Copenhagen | Kopenhagen | கோபனாவன் | కోపెన్హాగన్ | Копенҳаген | Копенҳаген | โคเปนเฮเกน | Kopengagen | Copenhagen | Kopenhaqen | Kopenhag | Копенһаген | Копенһаген | København | Копенгаген | Kopénhagén | Копенгаген | کوپن ہیگن | Kopengagen | Copenaghen | Kopengagen | Kopenhagen | København | Kopõnhaagõn | Copenhågue | Copenhagen | Kopenagen | 哥本哈根 | კოპენჰაგენი | קאפנהאגן | Copenhagen | 哥本哈根 | Kopenagen | 哥本哈根 | 哥本哈根 | 哥本哈根 | 哥本哈根 | i-Copenhagen
Q47619,Nadine Gordimer,1923,2014,Springs | Springs | Springs | Springs | Springs | Springs | Springs | Springs | Springs | Springs | Springs | Springs | Springs | Springs | Springs | Springs | Springs | Springs | Springs | Springs | 斯普林斯 | Springs | Спрынгс | Спрынгс | Springs (Hegoafrika) | ספרינגס | Սփրինգս | スプリングス (南アフリカ共和国) | Спрингс | Спрингс | سپرنگس، گوٹینگ | Springs | Springs | Springs | سبرينغز | سبرينجز | Springs | Springs | Springs | Springs | Springs | Springs | Springs | Springs
Q48055,Сергей Семёнович Бирюзов,1904,1964,Скопин | Skopin | Skopin | سكوبين | اسکوپین | Скапін | Скопин | Skopin | Skopin | Skopin | Skopin | Skopin | Skopin | Skopin | Skopin | Skopin | Skopin | اسکوپین | Skopin | Skopine | סקופין | Skopin | Skopin | スコピン | 스코핀 | Scopinum | Skopin | Skopinas | Скопин | Скопин | Skopin | Skopin | Skopin | Скопин | Skopin | Skopin | Skopin | Skopin | Скопин | Skopin | Skopin | Skopin | Скопин | Скопін | Skopin | Skopin | Skopin | Скопин балһсн | 斯科平 | 斯科平 | Skopin
Q33641,Stanisław Orzechowski,1513,1566,Przemyśl | Przemyśl | Пшемысль | Перемышль | Przemyśl | Przemyśl | ර්සෙමයිසි | Przemyśl | Przemyśl | Пшемисл | Пшемисл | Pšemisl | Przemyśl | Przemyśl | ப்ரஸிமிசல் | ప్రజ్మిసి | พซีมิซ | Przemyśl | ma tomo Semi | Przemyśl | Пшемычль | Перемишль | پرزیمیسل | Przemyśl | Przemyśl | 普热梅希尔 | פשעמישל | 普熱梅希爾 | 普热梅希尔 | 普热梅希尔 | 普热梅希尔 | 普熱梅希爾 | 普熱梅希爾 | 普热梅希尔 | 普熱梅希爾 | Przemyśl | Přemyšl | برزيميسل | برزيميسل | Przemyśl | Pirzamisil | پرزمیسی | Пшэмысль | Пшэмысьль | Пшемишъл | পর্যেমিসল | Przemyśl | Пшемысль | Przemyśl | Przemyśl | Przemyśl | Przemyśl | Przemyśl | Πσέμισλ | Przemyśl | Przemyśl | Przemyśl | Przemyśl | Przemyśl | پرزمیسی | Przemyśl | Przemyśl | Przemyśl | Przemyśl | પ્રઝેમીસલ | Przemyśl | פשמישל | शामेशलू | Przemyśl | Պշեմիսլ | Przemyśl | Przemyśl | Przemyśl | Przemyśl | プシェムィシル | Przemyśl | ფშემისლი | ಪ್ರಜೆಮಿಸ್ಎಲ್ | 프셰미실 | Premislia | Peremyšlis | Pšemisla | Пшэмысль | Przemyśl | Пшемишл | पझेमीसल | Przemyśl | Przemyśl | Przemyśl | Przemyśl | Przemyśl | Пшемысль
Q33801,Ugo Pirro,1920,2008,Salerno | Salerno | Салерно | Salerno | سلرنو | ساليرنو | Salerno | Salerno | سالرنو | Салерна | Салерна | Салерно | সালেনো | Salerno | Salern | Салерно | Salerno | سالێرنۆ | Salernu | Salerno | Салерно | Salerno | Salerno | Salerno | Salerno | Salerno | Σαλέρνο | Salêren | Salerno | Salerno | Salerno | Salerno | Salerno | Salerno | سالرنو | Salerno | Salerne | Salerno | Salerno | Σάλερνον | Salerno | સાલેર્નો | סלרנו | सलेर्नो | Salerno | Salerno | Սալեռնո | Salerno | Salerno | Salerno | サレルノ | სალერნო | Салерно | ಸಲೆಮೊ | 살레르노 | Salerno | Salernum | Salerno | Salerno | Salerno | Salernas | Salerno | Салерно | Салерно | सालेर्नो | Salerno | Salerno | Salierno | Salerno | Salerno | Salerno | Salèrne | Салерно | Salerno | Salerno | Salern | سالرنو | Salerno | Salerno | Salerno | Salerno | Salerno | सलेरनो | Salerno | Salernu | Salerno | Salerno | සැලර්නො | Salerno | Salerno | Салерно | Salerno | Salerno | Salerno | சலேர்னோ | సాలెర్నో | ซาแลร์โน | Salerno | Salerno | Салерно | Салерно | سالیرنو | Salerno | Sałerno | Salerno | Salerno | Salerno | 萨莱诺 | Salerno | 薩萊諾 | 薩萊諾 | 萨莱诺 | 萨莱诺 | 薩萊諾 | 薩萊諾 | 薩萊諾 | 萨莱诺 | 萨莱诺 | 薩萊諾
Q33783,Nedo Nadi,1894,1940,Livornas | Livorno | लिवोर्नो | Livorno | Livorno | Livorno | Levuorno | Livorno | Ligorna | Ливорно | Livorno | Livourne | لیوورنو | Livorno | Livorno | Livorno | लिवोरनो | Livorno | Livornu | Livorno | Lėvuorns | ලිවොර්නෝ | Livorno | Livorno | Livorno | Livorno | லிவோர்னோ | లివోర్నో | Ливорно | ลีวอร์โน | Livorno | Ливорно | Livorno | لیورنو | Łivorno | Livorno | 里窝那 | ליווארנא | 利禾奴 | 里窝那 | 里窝那 | 里窝那 | 利佛諾 | Livorno | Livorno | Ливорно | Ліворна | Ліворна | Ливорно | Livorno | Livorno | Livorno | Livourne | ליבורנו | Livorno | Ливорно | Livorno | Livorno | Livorno | Livorno | Livorno | Ливорно | Livorno | Livorno | Livorno | Livorno | Livorno | Livorno | Livorno | Livorno | Livorno | Livorno | Livorno | Labro | Λιβόρνο | Livorno | Livorno | Livorn | Ліворно | Livorno | Livorno | لِفُرنة | ليفورنو | Livorno | Livorno | لیورنو | Livorno | লিভোনো | Livorno | Livorno | Liorna | Ливорно | Livornu | Ливорно | Livorno | Livorno | Livorno | Livorno | Livorno | Livorno | Livorno | لیورنو | Livorno | Livorno | લિવોર્નો | लिवोर्नो | Livorno | Լիվոռնո | Livorno | Livorno | Livorno | リヴォルノ | Livorno | ლივორნო | Livorno | Ливорно | ಲಿವರ್ನೊ | 리보르노 | Livorno | Livorno | Livorno | Livorno | Livorno | Livorno
Q41513,William Blake,1757,1827,Londen | 倫敦 | Lonn | Lunnainn | Londye | ಲಂಡನ್ | 𐌻𐌰𐌿𐌽𐌳𐌰𐌿𐌽 | London | લંડન | Lunnin | Landan | Lùn-tûn | Lākana | लंदन | London | Лондон | Landan | london | Лондон | Lɔndrɩ | London | London | Лондон | ទីក្រុងឡុង | ಲಂಡನ್ | Лондон | Лондон | لَندَن | Лондон | Loundres | Londra | Лондон | Лондон | Lundra | Londoni | ລອນດອນ | لندن | लन्दन | लण्डन | Лондон | Лондон | Rānana | Лондон | Лондон | लंडन | Лондон | Londra | လန်ဒန်မြို့ | Лондон ош | Lûn-tun | 倫敦 | Londen | लण्डन | लण्डन | ߟߐ߲ߘߐ߲߬ | Tooh Dineʼé Bikin Haalʼá | Landan | ଲଣ୍ଡନ | Лондон | ਲੰਦਨ | لندن | Λονδίνο | لندن | lundun | Lunrun | Лондон | Londra | लन्डन् | Лондон | ᱞᱚᱱᱰᱚᱱ | لنڊن | Londons | Lunḍun | လၼ်ႇတၼ်ႇ | ලන්ඩන් | لندن | Lonetona | Lontoo | Londër | Лондон | ꠟꠘ꠆ꠒꠘ ꠘꠉꠞ | Lůndůn | Lon-tun | இலண்டன் | లండన్ | Лондон | Лондон | Lonitoni | ma tomo Lantan | Landen | Лондон | Лондон | Łondra | Londn | Londar | 伦敦 | ლონდონი | לאנדאן | Lọndọnu | Lunzdunh | Londra | Londrez | לונדון | Londres | Londýn | Londýn | London | London | ലണ്ടൻ | London | ロンドン | Londres | London | London | لندن | Londyn | لندن | لندن | লন্ডন | Лондон | London | London | London | لندن | London | London | Londonas | London | London | London | Лондон | London | Лондон | لندن | London | London | Londen | 倫敦 | Londres | Londres | Лондан | Londinium | 伦敦 | 倫敦 | London | London | London | London | London | London | Лёндан | London | London | London | London | London | London | London | London | London | London | London | London | London | London | London | London | London | London | London | London | London | London | London | London | London | London | London | ლონდონი | London | London | London | London | London | London | London | London | London | London | London | London | London | London | London | London | London | London | London | London | London | London | London | London | London | London | London | London | London | London | London | London | London | London | London | London | 倫敦 | Londres | 런던 | Londona | Londra | Londe | Londres | Londono | Londain | Londres | Լոնտոն | Londres | ลอนดอน | 倫敦 | Лондон | Лондон | Лондон | 倫敦 | 伦敦 | 倫敦 | Londe | Londe | Лондон | Лондон | لندن | Лондон | Londres | Londres | Londres | Lunnon | Lonn | Londre | Londre | Londra | Londra | Londra | Londra | Londra | Londra | Londra | Londra | Լոնդոն | Luân Đôn | Londres | Londres | Londres | Londres | Londres | Londres | لندن | Llundain | لندن | Лондон | Лондон | Londen | ለንደን | London | Lunden | लंदन | ܠܘܢܕܘܢ | لونضون | লণ্ডন | Лондон | लण्डन | Лондон | Londen | लंदन | ལོན་ཊོན། | Landan | Лондон | Lùng-dŭng | ᎫᎴ ᏗᏍᎪᏂᎯᏱ | لەندەن | London | Лондонъ | London | Londra | लण्डन | ލަންޑަން | Λονδίνο | Lòndra | London | Londri | Lontoo | Lodoni | Londen | ⵍⵓⵏⴷⵓⵏ | 倫敦 | 伦敦 | 伦敦 | ILondon
Q41688,Hendrik Lorentz,1853,1928,Arnhem | Arnhem | Арнем | آرنهم | Arnhem | Arnhem | Arnhem | آرنم | آرنم | Arnhem | Arnem | Арнем | Arnhem | Арнем | Арнэм | Арнем | আন্যাম | Arnhem | Arnhem | Арнем | Gemeente Arnhem | Arnhem | Arnhem | Arnhem | Arnheim | Arnhem | Άρνεμ | Arnhem | Arnhem | Arnhem | Arnhem | Arnhem | Arnhem | Arnhem | Arnhem | Arnhem | Arnhem | Arnhim | Arnhem | Arnhem | Arnhem | Arnheim | આર્નહેમ | Arnhem | ארנהם | अर्न्हेम | Arnhem | Arnhem | Արնհեմ | Arnhem | Arnhem | Arnhem | Arnhem | アーネム | Arnhem | არნემი | Арнем | ಆರ್ನ್ಹೆಮ್ | 아른험 | Arnhem | Arecanum | Arnhem | Arnhem | Arnhemas | Arnema | Арнэм | Arnhem | Арнем | Арнем | आर्नहेम | Arnhem | Arnhem | Arnhem | Arnhem | Arnhem | Gemeen Arnem | Arnem | Arnhem | Arnhem | Арнем | Arnhem | Arnhem | Arnhem | آرنہم | آرنهم | Arnhem | Arnhem | Arnhem | Arnhem | Arnhem | Arnhem | ආන්හෙම් | Arnhem | Arnhem | Arnhem | Арнем | Arnhem | Arnhem | Arnhem | Arnhem | ஆர்ன்ஹெம் | అర్న్హెమ్ | อาร์เนม | Arnhem | Арнем | Arném | Арнем | ارنہم | Arnem | Arnhem | Arnhem | Arnhem | Arnhem | Arnhem | 阿纳姆 | 安恆 | Arnhem | 阿納姆 | 阿纳姆 | 阿纳姆 | 阿納姆 | 安恆 | 亞能
Q42122,Tomas Tranströmer,1931,2015,Stockholm | Stockholm | Stockholm | Stockholm | Stockholm | Stockholm | Stockholm | Stockholm | Stockholm | Stockholm | Stockholm | Stockholm | Stockholm | Stockholm | Stockholm | Stockholm | Stockholm | Stockholm | Stockholm | Stockholm | Stockholm | Stockholm | Stockholm | Stockholm | Stockholm | Stockholm | Stockholm | Stockholm | Stockholm | Stockholm | Stockholm | Stockholm | Stockholm | Stockholm | Stockholm | Stockholm | Стоқҳольм | ስቶኮልም | Estocolmo | Stoccholm | ستوكهولم | ܣܛܘܩܗܘܠܡ | سطوكهولم | ستوكهولم | Estocolmu | Стокголм | Stockholm | استکهلم | Стокгольм | Stockholm | Stokholem | स्टॉकहोम | Stokolm | স্টকহোম | སི་ཏོག་ཧོ་ལིམ། | Стокһольм | Estocolm | Estocolmo | Стокгольм | ᏍᏔᎧᎰᎻ | ستۆکھۆڵم | Stoccolma | Stokholm | Sztokhòlm | Стоколмъ | Стокгольм | Stokholm | स्टकहोम | Stockholm | Στοκχόλμη | Stucólma | Stockholm | Stokholmo | Estocolmu | استکهلم | Tukholma | Stokholmi | Sitokomi | Stokkhólmur | Stócólm | Estocolmo | استؤکهؤلم | Etohom | 𐍃𐍄𐌿𐌺𐌺𐌰𐌷𐌿𐌻𐌼𐍃 | Stockholm | Ὁλμία | સ્ટોકહોમ | Stockholm | Stockholm | Kekokehome | स्टॉकहोम | Stokolm | Ստոկհոլմ | Սթոքհոլմ | Estokolmo | Stokkhólmur | ᔅᑑᒃᓱᓪᒻ/stuukhulm | Stokgolm | Stukulm | Стокголм | Stɔkhɔlm | Stockholm | Стокгольм | Стокгольм | ಸ್ಟಾಕ್ಹೋಮ್ | 스톡홀름 | 스톡홀름 | Стёколна | Stokholm | Stokholm | Стокгольм | Стокгольм | Estokolma | Stoccolma | Stockholma | Stuculma | استکهلم | Stokholmas | Stokholmys | 斯德哥爾摩 | स्टकहोम | Стокольма | Стокгольм | Toko-omo | Стокгольм | स्टॉकहोम | Стокгольм | စတော့ဟုမ်းမြို့ | Стокгольм ош | استکهلم | Estocolmo | Stockholm | स्टकहोम | स्तकहोम | Tótabineʼadziihí | Estocòlme | Stokgol'mu | Стокгольм | ਸਟਾਕਹੋਮ | Stocòlma | سٹاکہوم | سټاکهولم | Estocolmo | Estocolmo | Stokxolm | Stoccolme | Штокголм | Stockholm | Стокhольм | Stoccolma | Stoccolma | اسٽاڪهوم | Stockholbma | Stuokhuolms | ස්ටොක්හෝම් | Tjåsskasulla | Štokholm | Stuehkie | Stockhoalmma | Tukholma | Stokholmi | Sztokholm | S-te-ke-al-mo | ஸ்டாக்ஹோம் | స్టాక్హోమ్ | Estokolmu | Стокҳолм | สต็อกโฮล์ม | Stokgolm | Stokholm | Sitokiholimi | Стокһольм | Stockolm | Стокгольм | Stokgolm | اسٹاک ہوم | Stokgolm | Stocolma | Stokhol'm | Stokholm | Stocom | Stokolm | 斯德哥尔摩 | სტოკჰოლმი | שטאקהאלם | 斯德哥爾摩 | 斯德哥尔摩 | 斯德哥尔摩 | 斯德哥尔摩 | 斯德哥爾摩 | 斯德哥爾摩 | 斯德哥爾摩 | 斯德哥尔摩 | 斯德哥尔摩 | 斯德哥爾摩 | IStokholmu | Стокгольм | ᱥᱴᱚᱠᱦᱳᱢ | Stockholm | Stockholm | Stoccolma | Stockholm | സ്റ്റോക്ക്ഹോം | סטוקהולם | Stockholm | Stockholm | ストックホルム | Estocolmo | Sztokholm | Holmia | Stockholm | Стакгольм | Стакгольм | Стокхолм | Stockholm | სტოკჰოლმი | Стокхолм | Stokkolma | Stockholm | Стокгольм | Stockholm | Стокхолм | Стокхолм | Стокҳолм | Стокгольм | Stockholm | Stockholm | Stokholm | Stockholm | Stockholm | Stockholm | Stockholm | Stockholm | Stockholm | Stockholm | Stockholm | Stockholm | Stockholm | Stockholm | Stockholm | Stockholm | Stockholm | Stockholm | Stockholm | Stockholm | Stockholm | Stockholm | Stockholm | Stockholm | Stockholm | Stokholma | Stockholm | Stockholm | Stockholm | Stockholm | Stockholm | Stockholm | Stockholm | Stockholm | Stockholm | Stockholm | Stockholm | Stockholm | Stockholm | Stockholm | Stockholm | Stockholm | Stockholm | Stockholm
Q41495,Sarah Guppy,1770,1852,Birmingham | Birmingham | ബിർമിങ്ഹാം | Birmingham | Birmingham | Birmingham | Birmingham | Бирмингам | バーミンガム | Birmingham | Birmingham | Birmingham | برمنغهام | Birmingham | Birmingham | Birmingham | Birmingham | Birmingham | Birmingham | Birmingham | Birmingham | Birmingham | Birmingham | Birmingham | Birmingham | Birmingham | Birmingham | Birmingham | Birmingham | Birmingham | Birmingham | Birmingham | Birmingham | Birmingham | Birmingham | Birmingham | Birmingham | Birmingham | Birmingham | Birmingham | Birmingham | Birmingham | Birmingham | Birmingham | Birmingham | Birmingham | Birmingham | Birmingham | Birmingham | Birmingham | Birmingham | Birmingham | Birmingham | Birmingham | Birmingham | Birmingham | Birmingham | Birmingham | Birmingham | Birmingham | Birmingham | Birmingham | Birmingham | Бирмингем | Birmingham | Birmingham | Birmingham | Birmingham | Birmingham | Birmingham | Birmingham | Birmingham | Birmingham | Birmingham | Birmingham | Birmingham | Birmingham | Birmingham | Birmingham | 伯明翰 | برمنجهام | Бирмингем | ბირმინგემი | Birmingham | Birmingham | Birmingham | Бірмінгем | برمنگھم | 伯明翰 | 伯明翰 | 伯明罕 | Birmingem | Բիրմինգհեմ | בירמינגהאם | በርሚንግሃም | Beormingahām | Birmingham | Birminhem | بیرمینگام | Бирмингем | Birmingham | Бірмінгем | Бірмінггэм | বার্মিংহাম | Birmingham | Birmingham (kapital sa kondado sa Hiniusang Gingharian) | بێرمینگام | Бирмингем | Birmingham | Μπέρμιγχαμ | Birmingham | بیرمنگام | Birmingham | Birmingham | Birmingham | بیرمنگام | Birmingham | બર્મિંગહામ | Birmingham | Birmingham | Birmingham | ברמינגהאם | बर्मिंघम | Birmingham | Birmingham | Birmingham | Birmingham | Бирмингем | ಬರ್ಮಿಂಗ್ಹ್ಯಾಮ್ | 버밍엄 | Birmingham | Birmingham | Бирмингем шаары | Birminghamia | Birmingamas | Birmingema | Бирмингэм | Бирмингем | Бирмингем | ꯕꯔꯃꯤꯡꯘꯝ | Birmingham | बर्मिंगहॅम | Birmingham | ဘာမင်ဂမ်မြို့ | بیرمنگام | Birmingham | बर्मिङ्घम | Birmingham | Бирмингем | ਬਰਮਿੰਘਮ | برمنگم | Birmingham | Birmingham | Birmingham | बर्मिङ्घम् | Bėrmėngams | බර්මින්ග්හැම් | Birmingham | Birmingham | Бирмингем | Birmingham | ꠛꠣꠞꠝꠤꠋꠀꠝ | Birmingham | பர்மிங்காம் | బర్మింగ్హామ్ | Бирмингем | เบอร์มิงแฮม | Birmingham | Birmingem | ma tomo Peminan | Birmingham | Birminghem | Birmingham | Birmingham | Birmin'gxam | Birmingem | Birmingham | 伯明翰 | 伯明翰 | 伯明翰 | 伯明罕
Q41805,Lucia de Berk,1961,2025,Den Haag | L'Aja | Den Haag | Гаага | Den Haag | Te Hēke | Хаг | Гааг хот | हेग | Den Haag | L-Aja | ဟိတ်မြို့တော် | لاهه | Den Haag | Den Haag | n Heeg | Den Haag | L'Aia | Гаагæ | ਹੇਗ | Áya | Den Haag | L'Aja | ہیگ | دِن هاخ | Haia | Den Haag | Гаага | L'Aia | هيگ | ද හේග් | Den Haag | Хаг | Den Haag | Dén Haag | Den Haag | ꠖꠦꠘ ꠢꠣꠉ | Den Haag | டென் ஹாக் | ది హాగ్ | Гаага | เดอะเฮก | The Hague | Haaqa | ma tomo Tena | Lahey | Һааг | Һааг | Xagwé | Гаага | ہیگ | Gaaga | L'Aia | Den Haag | Den Haag | 's-Gravenhage | Li Hâr | An Haga | 海牙 | דען האג | 海牙 | Den Haeg | 海牙 | 海牙 | Se Heċġ | Den Haag | Haag | ഹേഗ് | האג | Haga | La Haye | Aya | Aya | Aya | Aya | Aya | Aya | Hago | Гаага | Haag | L'Aia | The Hague | Хага | Haag | Haag | Haag | Haag | Haag | Haag | Haag | Haag | Haag | Haag | 海牙 | The Hague | The Hague | Haga | Aga | Den Haag | Хаг | 海牙 | 海牙 | 海牙 | La Haya | Hāga | Haga | Haga | Haga | Haga | Haga | Hag | Hag | Den Haag | ደን ሃግ | لاهاي | ܕܢ ܗܐܟ | دينهاخ | L'Haya | Den Haag | Haaqa | لاهه | Den Haag | Гаага | Гаага | হেগ | Den Haag | Den Haag | la Haia | El Haya | Гаага | لاھای | Гаага | Den Haag | Χάγη | L'Aja | L'Aya | لاهه | L’Hage | Den Haag | De Haach | an Háig | Den Haag | A Haia | 𐌳𐌰𐌹𐌽 𐌷𐌰𐌲 | Den Haag | હેગ | Hague | Den Haag | हेग | The Hague | Layè | Hága | Հաագա | Հաագա | Le Haga | Den Haag | Den Haag | Den Haag | デン・ハーグ | Den Haag | ჰააგა | Gaaga | Den Haag | Hague | Гаага | ದ ಹೇಗ್ | 헤이그 | 헤그 | Den Haag | Гаага | Den Haag | Den Haag | D'n Haag | L'Aja
Q41518,Fernand Carton,1921,2019,Рубе | Рубе | रूबे | Roubaix | Roubaix | Roubaix | ရူးဗေ့မြို့ | روبه | Roubaix | Roubaix | Roubaix | Roubaix | Roubaix | Robaais | Roubaix | Roubaix | Roubaix | Roubaix | Roubaix | Rube | Рубе | ਰੁਬੇ | Roubaix | Roubés | Roubaix | Roubaix | Roubaix | Roubaix | روبے | Roubaix | روبي (ښار) | Roubaix | Roubaix | Roubaix | Roubaix | Roubaix | Roubaix | Roubaix | Roubaix | Roubaix | Roubaix | Roubaix | Roubaix | Roubaix | Roubaix | Roubaix | Roubaix | Roubaix | Roubaix | Roubaix | Roubaix | Рубе | Roubaix | Roubaix | Roubaix | Roubaix | Roubaix | Roubaix | ருபெ | రూబే | Рубе | รูแบ | Roubaix | Roubaix | Roubaix | Roubaix | Roubaix | Рубе | Roubaix | Roubaix | ⵔⵓⴱⵦ | روبی | Roubaix | Roubaix | Rube | Roubaix | Roboais | Roubaix | Roubaix | Roubaix | Roubaix | Roubaix | 鲁贝 | רובע | Roubaix | 鲁比 | Robaais | 鲁贝 | 鲁贝 | 魯貝 | Roubaix | רובה | റൂബെ | Roubaix | Рубе | Рубе | Roubaix | Roubaix | Roubaix | Roubaix | ルーベ | روبيه | Roubaix | Рубе | Roubaix | Roubaix | ሩቤ | Roubaix | Rube | روبيه | Roubaix | Rube | روبه | Roubaix | Roubaix | Рубэ | Рубэ | Roubaix | Roubaix | রুবে | روبه | Roubaix | Roubaix | Roubaix | ГӀубе | Roubaix | ᎷᏇ | Roubaix | Roubaix | Roubaix | Рубе | Roubaix | Roubaix | Roubaix | Roubaix | Roubaix | Roubaix | Ρουμπαί | Roubaix | Roubaix | Roubaix | Roubaix | Roubaix | Roubaix | روبه | Roubaix | Roubaix | Roubaix | Roubaix | Roubêx | Roubaix | Roubaix | Roubaix | Roubaix | Roubaix | Roubaix | 𐍂𐌰𐌿𐌱𐌰𐌹𐍇 | Roubaix | રુબે | Roubaix | Roubaix | रूबे | Roubaix | Roubaix | Roube | Roubaix | Ռուբե | Roubaix | Roubaix | Roubaix | Roubaix | Roubaix | Roubaix | Roubaix | Roubaix | Roubaix | რუბე | Roubaix | Roubaix | Roubaix | Рубе | Roubaix | ទីក្រុងរ៉ូបេ | ರೂಬೆ | 루베 | Roubaix | Roubaix | Roubaix | Рубе | Rosbacum | Roubaix | Roubaix | Roubaix | Roubaix | Roubaix | Roubaix | Roubaix | Roubaix | ຣກຸປະ | Rubė | Rubē | Рубэ | Roubaix | Rube | Roubaix
Q41485,Eugene Catalan,1814,1894,Bruges | Brügge | Bruges | Brujas | Brugge | Brujas | Brujas | Bruges | Brugge | Bruches | Bricg | بروج | بروج | Bruxes | Brügge | Brugge | Бругэ | Бруге | Брюге | ব্রুজস | Brugge | Brugge | Bruges | Bruges | Bruggy | Brugge | Brugge | Μπρυζ | Bruges | Bruĝo | Brugge | Brujas | بروخه | Brugge | Brügge | Brugge | Brugge | Bruxas | બ્રુગેસ | ברוז' | ब्रुग्ज | Brugge | Brugge | Բռյուգե | Պրիւժ | Bruges | Brugge | Brugge | Brugge | Brugge | Bruges | ブルッヘ | ბრიუგე | ಬ್ರೂಜಸ್ | 브뤼허 | Брюгге | Brugae | Bruges | Brugge | Briugė | Brige | Bruges | Брухе | ब्रूज | Brugge | Bruges | Brugge | Brügge | Brugge | Брюгге | Brudje | Brugia | Brugge | برویز | Bruges | Брюгге | Brugge | බ්රුගස් | Bruggy | Brugge | Бриж | Brygge | Brugge | Brugge | ப்ருக்ஸ் | బ్రుగేస్ | บรูช | Brugge | Brugge | Брүгге | Брюгге | بروخے | Bryugge | Bruza | Brugge | Brugge | Brugge | Brudje | Bruges | 布鲁日 | 布魯日 | Brugge | 布鲁日 | 布鲁日 | 布鲁日 | 布魯日 | 布魯日
Q44490,John Henry Newman,1801,1890,Londen | 倫敦 | Lonn | Lunnainn | Londye | ಲಂಡನ್ | 𐌻𐌰𐌿𐌽𐌳𐌰𐌿𐌽 | London | લંડન | Lunnin | Landan | Lùn-tûn | Lākana | लंदन | London | Лондон | Landan | london | Лондон | Lɔndrɩ | London | London | Лондон | ទីក្រុងឡុង | ಲಂಡನ್ | Лондон | Лондон | لَندَن | Лондон | Loundres | Londra | Лондон | Лондон | Lundra | Londoni | ລອນດອນ | لندن | लन्दन | लण्डन | Лондон | Лондон | Rānana | Лондон | Лондон | लंडन | Лондон | Londra | လန်ဒန်မြို့ | Лондон ош | Lûn-tun | 倫敦 | Londen | लण्डन | लण्डन | ߟߐ߲ߘߐ߲߬ | Tooh Dineʼé Bikin Haalʼá | Landan | ଲଣ୍ଡନ | Лондон | ਲੰਦਨ | لندن | Λονδίνο | لندن | lundun | Lunrun | Лондон | Londra | लन्डन् | Лондон | ᱞᱚᱱᱰᱚᱱ | لنڊن | Londons | Lunḍun | လၼ်ႇတၼ်ႇ | ලන්ඩන් | لندن | Lonetona | Lontoo | Londër | Лондон | ꠟꠘ꠆ꠒꠘ ꠘꠉꠞ | Lůndůn | Lon-tun | இலண்டன் | లండన్ | Лондон | Лондон | Lonitoni | ma tomo Lantan | Landen | Лондон | Лондон | Łondra | Londn | Londar | 伦敦 | ლონდონი | לאנדאן | Lọndọnu | Lunzdunh | London | London | London | London | London | London | London | London | London | London | London | London | London | London | London | 倫敦 | Londres | 런던 | Londona | Londra | Londe | Londres | Londono | Londain | Londres | Լոնտոն | Londres | ลอนดอน | 倫敦 | Лондон | Лондон | Лондон | 倫敦 | 伦敦 | 倫敦 | Londe | Londe | Лондон | Лондон | لندن | Лондон | Londres | Londres | Londres | Lunnon | Lonn | Londre | Londre | Londra | Londra | Londra | Londra | Londra | Londra | Londra | Londra | Լոնդոն | Luân Đôn | Londres | Londres | Londres | Londres | Londres | Londres | لندن | Llundain | لندن | Лондон | Лондон | Londen | ለንደን | London | Lunden | लंदन | ܠܘܢܕܘܢ | لونضون | লণ্ডন | Лондон | लण्डन | Лондон | Londen | लंदन | ལོན་ཊོན། | Landan | Лондон | Lùng-dŭng | ᎫᎴ ᏗᏍᎪᏂᎯᏱ | لەندەن | London | Лондонъ | London | Londra | लण्डन | ލަންޑަން | Λονδίνο | Lòndra | London | Londri | Lontoo | Lodoni | Londen | ⵍⵓⵏⴷⵓⵏ | 倫敦 | 伦敦 | 伦敦 | ILondon | Londra | Londrez | לונדון | Londres | Londýn | Londýn | London | London | ലണ്ടൻ | London | ロンドン | Londres | London | London | لندن | Londyn | لندن | لندن | লন্ডন | Лондон | London | London | London | لندن | London | London | Londonas | London | London | London | Лондон | London | Лондон | لندن | London | London | Londen | 倫敦 | Londres | Londres | Лондан | Londinium | 伦敦 | 倫敦 | London | London | London | London | London | London | Лёндан | London | London | London | London | London | London | London | London | London | London | London | London | London | London | London | London | London | London | London | London | London | London | London | London | London | London | London | ლონდონი | London | London | London | London | London | London | London | London | London | London | London | London | London | London | London | London | London | London | London | London | London
Q45440,Albrecht Ludwig Berblinger,1770,1829,Ulm | ഉൽമ് | Ulm | אולם | Ulm | Ulm | ウルム | Ulm | أولم | Ulm | Ulm | 乌尔姆 | Ульм | Ульм | Ульм | 乌尔姆 | 乌尔姆 | 烏爾姆 | اولم | Ulm | Ulm | Ulm | Ulm | Ulm | Ulm | Ulm | Ulm | Ulm | Ulm | Ульм | Ulm | Улм | Ulm | Ulm | Ulm | Ulm | Ulm | Ulm | Ulm | Ulm | Ulm | Ulm | Ulm | Ulm | Ulm | Ulm | Ulm | Ulm | Ulm | Ulm | Ulm | Ulm | Ulm | Ulm | Ulm | Ulm | Ulm | Ulm | Ulm | Ulm | Ulm | Ulm | Ulm | Ulm | Ulm | Ulm | Ulm | Ulm | Ulm | Ulm | Ulm | Ulm | Ulm | Ulm | Ουλμ | Ulm | Ulm | Ulm | Ulm | Ulm | Ulm | Ulm | Ulm | Ulm | Ulm | Ulm | Ulm | Ulm | Ulm | Ulm | Ulm | Ulm | Ulm | Ulm | Ulm | Ulm | اولم | ऊल्म | اولم | Ульм | Ульм | Улм | উল্ম | Ulm (kapital sa distrito) | ئولم | Ульм | Ulma | ઉલ્મ | ऊल्म | Ուլմ | ულმი | Ульм | ಉಲ್ಮ್ | 울름 | Ульм | Ulma | Ulma | اولم | Ulmas | Ulma | Ульм | Улм | उल्म | Ульм | الم | Ulm | Ульм | උයිම් | Ульм | Ulm | Ulm | Ulm | உல்ம் | ఉల్మ్ | Улм | อุล์ม | اولم | 乌尔姆 | אולם | 烏姆
Q45375,Alex Harvey,1935,1982,Glasgow | ഗ്ലാസ്ഗോ | Glasgow | Glasgow | Глазго | Glasgow | Glasgovo | Glasgow | Glasgow | Glasgow | Glasgow | Glasgow | Glasgow | Glasgow | Glasgow | Glasgow | Glasgow | Глазго | گلاسگو | Glasgow | Glasgow | Глазгоу | Glasgow | Glasgow | Glasgow | グラスゴー | Glasgow | Glasgow | Glasgow | Глазго | 格拉斯哥 | 格拉斯哥 | Glazgas | Glasgow | Glasgow | غلاسكو | Glasgow | Glasgow | Glasgow | Glaschú | Glaschu | گلاسگو | Glasgow | Glasgow | גלאזגו | Glasgow | გლაზგო | Glasgow | Glasgow | Glasgow | Glasgow | 格拉斯哥 | 格拉斯哥 | 格拉斯哥 | Qlazqo | Glasgow | Glasgow | Glasgow | Glasgow | Glasgow | Glasgow | Glasgow | Glasgow | Glasgow | Glasgow | Glasgow | Glasgow | Glasgow | Glasgow | Glasgow | Glasgow | Glasgow | Glasgow | Glasgow | Glasgow | Glasgow | Glasgow | Glasgow | Glasgow | Glasgow | Glasgow | Glasgow | Glasgow | Glasgow | Glasgow | Glasgow | Glasgow | Glasgow | Glasgow | Glasgow | Glasgow | Glasgow | Glasgow | Glasgow | Glasgow | Glasgow | Glasgow | Glasgow | Glasgow | Glasgow | Glasgow | Glasgow | Glasgow | Glasgow | Glasgow | Glasgow | Glasgow | Glasgow | Glasgow | Glasgow | 格拉斯哥 | ግላዝጎ | جلاسجو | قلازقو | Глазго | Глазга | Глазга | গ্লাসগো | Glasc'ho | گلاسگۆ | Глазго | Γλασκώβη | ગ્લાસગો | Glaschu | Kak-là-sṳ̂-kô | Kalako | ग्लासगो | Գլազգո | Glazgo | Глазго | ಗ್ಲ್ಯಾಸ್ಗೋ | 글래스고 | Глазго | Глазго | Glasgovia | Glāzgova | Karahiko | Глазгов | Глазгоу | ꯒ꯭ꯂꯥꯁꯒꯧ | ग्लासगो | ဂလပ်စဂိုးမြို့ | Глазго | ਗਲਾਸਗੋ | گلاسگو | ګلاسګو | Glasgow | ग्लास्गो | ᱜᱞᱟᱥᱜᱳ | Glesga | گلاسگو | Glazgos | Глазгов | ග්ලාස්ගෝ | Glasgow | گلاسگو | Glasgow | Glasgow | Глазгов | கிளாஸ்கோ | గ్లాస్గో | Glázgua | Глосгу | กลาสโกว์ | Glazgo | Глазго | Glazgo | Glazgo | 格拉斯哥 | გლაზგო | גלאזגא | 格拉斯哥
Q48817,Ignacio Merino,1817,1876,Piura | Пиура | Piura | Piura | Piura | Piura | Πιούρα | پیورا | Piura | Piura | პიურა | Пиура | Piura | Piura | Piura | Piúra | Piúra | Piura | Пьюра | Piura | Piura | Piura | Piura | بيورا | بيورا | Piura | Piwra | П’юра | П’юра | পিউরা | Piura (kapital sa rehiyon) | Пьюра | Piura | Pjuro | Piura | Piura | Piura | Piura | Piura | Piura | પીયુરા | פיורה | पिउरा | Piura | Piura | ピウラ | ಪಿಯುರಾ | 피우라 | Piura | Piura | Pjura | Piura | पिउरा | Piura | Piura | Piura (Stadt) | Piura | Piura | Piwra | Piura | පියුරා | Piura | Пијура | Piura | பியூரா | పియూర | ปิวรา | Piura | Пьюра | П'юра | پیورا | Piura | Piura | 皮乌拉 | 皮乌拉 | 皮乌拉 | 皮乌拉 | 皮烏拉 | 皮烏拉 | 皮乌拉 | 皮烏拉
Q44520,Anne Brontë,1820,1849,"Thornton | Thornton | Thornton | Thornton | Thornton | Thornton | Thornton | Thornton | Thornton | Thornton | Thornton | Thornton | Thornton | ソーントン | Thornton | Thornton | Торнтон | Thornton | Торнтон | Thornton | Торнтан | 손턴 | Торнтон | Thornton | تورنتن، یورکشر غربی | Thornton (Mendebaldeko Yorkshire) | تورنتن، یورکشر غربی | Thornton | תורנתון | Տորնտոն | თორნტონი | Thornton, West Yorkshire"
Q61091,Christian Dietrich Grabbe,1801,1836,Detmold | Detmold | Detmold | Detmold | Detmold | Detmold | Detmold | Detmold | Detmold | Detmold | Detmold | Detmold | Detmold | Detmold | Detmold | Detmold | Detmold | Detmold | Detmold | Detmold | Detmold | Detmold | Detmold | Detmold | Detmold | Detmold | Detmold | Detmold | Detmold | Detmold | Детмольд | Detmold | Детмолд | دتمولد | دتمولد | دتمولد | Дэтмальд | Детмолд | Детмольд | Ντέτμολντ | دتمولد | דטמולד | Դեթմոլդ | Детмольд | 데트몰트 | Детмольд | Detmolda | Detmoldas | Detmolda | Дэтмольд | Детмолд | Deppelt | เด็ทม็อลท์ | Детмольд | Детмольд | 代特莫尔德 | 代特莫尔德 | 德特摩德 | Detmold | Detmold | Detmold | Detmold | Detmold | Detmold | Detmold | Detmold | Detmold | Detmold | Detmold | Detmold | Detmold | Detmold | Detmold | Detmold | Detmold | Detmold | Detmold | Detmold | Detmold | Detmold | Detmold | Detmold | Detmold | Detmold | Detmold | Detmold | Detmold | Detmold | Detmold | Detmold | Detmold | Detmold | Detmold | Detmold | Detmold | Detmold | Detmold | Detmold | デトモルト | Detmold | Detmold | Detmold | Detmold | Detmold | Detmold | Detmold | Detmold | Detmold | Detmold | Detmold | Detmold | Detmold
Q60993,Friedrich Loeffler,1852,1915,فرانکفورت | Франкфурт | Франкфурт-на-Одере | فرانكفورت | Φρανκφούρτη | 프랑크푸르트 | Франкфурт | فرینکفرٹ | Frankfurt | Frankfurt (Oder) | Frankfurt (Oder) | Frankfurt (Oder) | Frankfurt (Oder) | Frankfurt (Oder) | Frankfurt (Oder) | Frankfurt (Oder) | فرانكفورت على أودر | Frankfurt (Oder) | Frankfurt-na-Oder | Одерҙағы Франкфурт | Frankfurt an da Oder | Франкфурт-на-Одэры | Франкфурт-на-Одры | Франкфурт на Одер | Frankfurt (Oder) | Frankfurt de l'Oder | Одер-тӀера-Франкфурт | Francuforte su l'Oder | Frankfurt nad Odrou | Frankfurt an der Oder | Frankfurt (Oder) | Frankfurt (Oder) | Frankfurt (Oder) | Frankfurt (Oder) | Frankobrod-Odra | Frankfurt (Oder) | Frankfurt (Oder) | Frankfurto ĉe Odro | Fráncfort del Óder | Frankfurt Oderi ääres | Frankfurt Oder | Frankfurt (Oder) | Francfort-sur-l'Oder | Frankfurt (Oder) | Frankfurt (Oder) | Frankfurt (Oder) | Frankfurt oan de Oder | Frankfurt (Oder) | Frankfurt (Oder) | Frankfurt (Oder) | Frankfurt (Oder) | Frankfurt (Oder) | פרנקפורט על האודר | Frankfurt na Odri | Frankobrod nad Wódru | Frankfurt (Oder) | Օդերի Ֆրանկֆուրտ | Frankfurt (Oder) | Frankfurt an der Oder | Frankfurt (Oder) | Frankfurt (Oder) | Frankfurt (Oder) | Francoforte sull'Oder | フランクフルト・アン・デア・オーダー | Frankfurt an der Oder | ოდერის ფრანკფურტი | Frankfurt (Oder) | Frankfurt (Oder) | Francofortum ad Oderam | Frankfurt (Oder) | Frankfurt (Oder) | Frankfurt (Oder) | Frankfurt (Oder) | Frankfurtas prie Oderio | Frankfurte pie Oderas | Frankfurt (Oder) | Frankfurt (Oder) | Франкфурт на Одра | Frankfurt an der Oder | Frankfurt (Oder) | Frankfurt (Oder) | Frankfort an de Oder | Frankfurt (Oder) | Frankfort aan de Oder | Frankfurt an der Oder | Frankfurt (Oder) | Frankfurt (Oder) | Frankfurt (Oder) | Frankfurt nad Odrą | Frankfurt (Oder) | Frankfurt an der Oder | Frankfurt an der Oder | Frankfurt (Oder) | Francuforte subra s'Oder | Frankfurt (Oder) | Frankfurt (Oder) | Frankfurt nad Odrou | Frankfurt ob Odri | Франкфурт на Одри | Frankfurt (Oder) | Frankfurt an der Oder | Frankfurt (Oder) | Frankfurt (Oder) | Francfort del Oder | Франкфурт-ам-Одер | Франкфурт-на-Одері | Frankfurt (Oder) | Francoforte de l'Oder | Frankfurt (Oder) | Frankfurt (Oder) | Frankfurt len Oder | Frankfurt (Oder) | Frankfurt (Oder) | Frankfurt (Oder) | 奥得河畔法兰克福 | ოდერიშ ფრანკფურტი | פראנקפורט אן דער אדער | 奧德河畔法蘭克福 | 奥得河畔法兰克福 | 奧得河畔法蘭克福 | Frankfurt (Oder) | Frankfurt (Oder)
Q61060,Augustin Bea,1881,1968,بلومبرغ | Blumberg | Blumberg | Blumberg | Blumberg | Блумберг | Blumberg | Blumberg | Blumberg | Blumberg | Blumberg | Blumberg | Blumberg | Blumberg | Blumberg | Blumberg | Blumberg | Blumberg | Blumberg | Blumberg | Blumberg | Blumberg | Blumberg | Blumberg | Blumberg | Blumberg | Blumberg | Blumberg | Blumberg | Blumberg | Blumberg | Blumberg | Blumberg | Blumberg | Blumberg | Blumberg | Blumberg | Blumberg | Blumberg | Blumberg | Blumberg | Blumberg | Blumberg | Blumberg | Blumberg | Blumberg | Blumberg | Blumberg | Blumberg | Blumberg | Blumberg | Blumberg | Blumberg | Blumberg | Blumberg | Blumberg | Blumberg | Blumberg | Blumberg | Blumberg | Blumberg | Blumberg | Blumberg | Blumberg | Blumberg | Blumberg | Blumberg | Blumberg | Blumberg | Blumberg | Blumberg | Blumberg | Blumberg | Blumberg | Блумберг | Блумберг | Blumberg | بلومبرگ | Blumberg | Blumberg | Blumberg | Blumberg | Blumberg | Blumberg | Blumberg | 布伦贝格 | بلومبرج | Blummbärg | ブルームベルク | Blumberg | 布倫貝格
Q61106,Walther Nehring,1892,1983,Дебжно | Debrzno | Дебжно | Дебжно | 代布日諾 | 代布日诺 | 代布日諾 | 代布日諾 | Дебжно | Debrzno | Debrzno | Debrzno | Debrzno | Debrzno | Debrzno | Debrzno | Debrzno | Debrzno | Debrzno | Debrzno | Debrzno | Debrzno | Debrzno | Debrzno | Debrzno | Debrzno | Debrzno | Debrzno | دبژنو | Дэбжна | Дебжно | Frédląd | دبژنو | דברזנו | デブジノ | Debrzno | Debžno
Q61114,Fritz Gerlich,1883,1934,ششیچن | شچېچېن | Estetino | Estetino | Szczecin | Szczecin | Щецин | Щецин | Szczecin | Szczecin | Szczecin | Шчећин | සෙසින් | Štetín | Szczecin | Szczecin | Шчећин | Szczecin | Szczecin | Sztetin | ஸ்செசின் | స్జేచిన్ | Szczecin | Штеттин | ชแชตชิน | Szczecin | ma tomo Sesin | Szczecin | Щецин | Шӵечин | Shchétsin | Щецин | شٹیچین | Shchetsin | Stetin | Ščecin | Szczecin | Szczecin | Szczecin | 什切青 | შჩეცინი | שטעטין | 舒車前 | 什切青 | 什切青 | 什切青 | Stettino | Szczecin | Stettin | Szczecin | Štětín | Szczecin | Szczecin | Szczecin | Szczecin | Szczecin | Szczecin | Szczecin | シュチェチン | 什切青 | Szczecin | Szczecin | Stettin | Stettin | Stettin | Stettin | Stettin | Stettin | Stettin | Stettin | Stettin | Stettin | Stettin | Szczecin | ሽጨቺን | شتشيتشين | شتتين | Szczecin | Szczecin | Şetsin | شچچین | Szczecin | Шчэцін | Шчэцін | Шчечин | স্টাজিন | Szczecin | Szczecin | Щецин | شچێچین | Şçetsin | Şçetsin | Szczecëno | Szczecin | Szczecin | Szczecin | Στσέτσιν | Szczecin | Szczecin | Szczecin | Szczecin | Szczecin | شچچین | Szczecin | Szczecin | શ્ટેચિન | Szczecin | Sṳ̍p-chhiet-chhiâng | שצ'צ'ין | श्टेटीन | Szczecin | Šćećin | Շչեցին | Szczecin | Szczecin | Szczecin | Szczecin | Szczecin | შჩეცინი | Щецин | Szczecin | ಸ್ಟೆಟ್ಟಿನ್ | 슈체친 | Stettinum | Szczecin | Stetin | Ščecinas | Ščecina | Щечин | Щецин | Szczecin | Шчеќин | Шчецин | Шчецин | श्टेचिन | Szczecin | Szczecin | Щецин ош | Szczecin | Szczecin | Szczecin | Szczecin | Szczecin | Estettin | Szczecin | Щецин
Q57226,Louis Spohr,1784,1859,Braunschweig | Braunschweig | බ්රෝන්ෂ්විග් | Braunschweig | Braunschweig | Braunshvajgi | Брауншвајг | Braunschweig | Braunschweig | Braunschweig | பிரான்ஷ்விக் | బ్రౌన్ స్వైగ్ | Брауншвейг | เบราน์ชไวค์ | Брауншвейг | Braunschweig | Braunshwéyg | Брауншвейг | برانشویگ | Braunschweig | Braunschweig | Braunschweig | Braunschweig | Braunschweig | 不伦瑞克 | ברוינשווייג | 布倫瑞克 | 不伦瑞克 | 不倫瑞克 | 賓士域 | 布倫瑞克 | Brunswick | Braunschweig | Brunswick | Brunswick | Brunswick | Braunschweig | Braunschweig | Брауншвейг | Braunschweig | Braunschweig | Broenswiek | Braunschweig | براونشوایگ | Braunšveigas | Brunszwik | Brunswick | Brunswick | Brunsvicum | Brunswick | Brunsvigo | 不伦瑞克 | Brunswick | 不伦瑞克 | Brunswyk | Braunschweig | براونشفايغ | براونشفايج | Braunschweig | Braunşveyq | براونشوایق | Braunschweig | Браўншвайг | Браўншвайг | Брауншвайг | ব্রঞ্চউইগ | Brunsvic | Брауншвейг | Braunschweig (kapital sa distrito) | براونشڤایگ | Braunschweig | Braunschweig | Braunschweig | Braunschweig | Braunschweig | Μπράουνσβαϊγκ | Braunschweig | Brunswick | Braunschweig | Braunschweig | Braunschweig | Brunswyk | Braunschweig | Braunschweig | બ્રૌન્ચવેગ | Braunschweig | Braunschweig | בראונשווייג | ब्रंजविक | Braunschweig | Brunšwik | Braunschweig | Բրաունշվայգ | Braunschweig | Braunschweig | Braunschweig | Braunschweig | Brúnsvík | ブラウンシュヴァイク | Braunschweig | ბრაუნშვაიგი | Брауншвейг | ಬ್ರಾನ್ಜ್ವಿಕ್ | 브라운슈바이크 | Braunschweig | Брауншвейг | Braunschweig | Braunšveiga | Брауншвэйг | Braunschweig | Брауншвајг | Брауншвайг | ब्राउनश्वाइग | Braunschweig | Brunswick | Braunschweig | Bronswiek | Braunschweig | Brunswick | Брауншвейг | Brunsvique | Brunsvique | Braunschweig
Q57312,Peter Weiss,1916,1982,Nowawes | Нававес | Nowawes | Nowawes | Nowawes | Nowawes | Nowawes | Nowawes | Nowawes | Nowawes | Nowawes | Nowawes | Nowawes | Новавес | Nowawes
Q57275,Ermanno Wolf-Ferrari,1876,1948,Venecia | Venezia | Venedig | ונציה | Benátky | Venise | Venedig | Venice | വെനീസ് | Venedig | ヴェネツィア | Venezia | Venezia | Venezia | Venezia | Venezia | Venezia | Venezia | Venezia | Venezia | Venezia | Venezia | Venezia | Venezia | Venezia | Venezia | Venezia | Venezia | Venezia | Venezia | Venezia | Venezia | Venezia | Venezia | Venezia | Venezia | Venezia | Venezia | Veneza | Veneza | Benátky | Wenecja | Venetsia | Венеция | Venècia | Венеция | ვენეცია | Венеция | Венеция | Velence | Венеція | 威尼斯 | 威尼斯 | 威尼斯 | Venetië | Вэнэцыя | Venice | Venice | Venice | Venice | Venice | Venice | Veneetsia | Venecija | Venecija | Венецыя | Венеция | Венеци | Վենետիկ | Венеција | Venecija | Venesya | වැනීසිය | Venecia | เวนิส | 威尼斯 | Venecia | Venecia | Venecia | Βενετία | Venèsia | وینس | Venecia | Venis | Veneția | ونیز | Venēcija | ভেনিস | વેનિસ | वेनिस | ವೆನಿಸ್ | भेनिस | వెనిస్ | 威尼斯 | 威尼斯 | 威尼斯 | 威尼斯 | 威尼斯 | 威尼斯 | وینس | Уанаҿа | Venesië | ቬኒስ | Venetia | البندقية | ڤينيزيا | فينيسيا | Venesiya | ونیز | Vénesia | Venedig | ཝེ་ནེ་ཟི་ཡ། | Venecija | ڤێنیز | Venedik | Venedik | Wenecjô | Венеци | Fenis | Venedig | Venedik | Venêzia | Venecio | Venécia | Venesia | Vènisa | Venedig | Vignesie | Feneesje | An Veinéis | Venésia | Ἐνετία | Venedig | Yn Veneesh | Vî-nì-sṳ̂ | Վենետիկ | Venetia | Venesia | Feneyjar | Venesia | Vinetsiya | Vinisya | Feeniizi | Venesia | 베네치아 | Benesya | Venedîk | Wênîs | Венеция | Венеция | Venetiae | Venedeg | Venies | Venessia | Unieja | Venèzia | ເວນີສ | 威尼斯 | भेनिस | Вэнэция | Венеций | Wēneti | Венец | ꯚꯦꯅꯤꯁ | व्हेनिस | Venezja | ဗင်းနစ်မြို့ | Венеция ош | ونیز | Venies | भेनिस | V'nise | Venècia | Венеци | ਵੈਨਿਸ | Venise | Venessia | وېنيس | Vnescha | Венеція | वेनिस | Венеция | Vinezzia | Venetsia | Benetke | Venetsia | Venetsia | Венеција | Vénésia | Wynecyjo | Wi-nis 威尼斯 | வெனிசு | Венетсия | Venetsiya | ma tomo Wenesija | Venedik | Венеция | Венеция | Wénitsiye | Venesiya | Venecii | Venetië | 威尼斯 | IVenice | ვენეცია | ווענעציע | Venetië | Venice
Q42786,Audrey Hepburn,1929,1993,Brussèlas | Brusselle | Bruselj | Брюссель | Brussel | Brussele | 布鲁塞尔 | Brussel | Brussels | Bruxelles | Bruxelles | Brusel | Brüssel | Brusel | Bruxelles | Bryssel | בריסל | Bruksela | Bruxelles | ブリュッセル | Брусель | Брусэль | Брюссель | Brussel·les | Brussels | Bruselo | Brusela | Bryssel | An Bhruiséil | Bruxelas | Brüsszel | Brussel | Bruxellae | Brussel | Brussel
Q44426,Rainer Werner Fassbinder,1945,1982,Bad Wörishofen | Bad Wörishofen | Bad Wörishofen | Bad Wörishofen | Bad Wörishofen | باد فوريسهوفن | باد فوريسهوفن | Bad Wörishofen | باد وریسهوفن | Bad Wörishofen | Бад-Вёрысгофен | Бад Вьорисхофен | Bad Wörishofen | Bad Wörishofen | Бад-Воьрисхофен | Bad Wörishofen | Bad Wörishofen | Bad Wörishofen | Bad Wörishofen | Bad Wörishofen | Bad Wörishofen | Bad Wörishofen | Bad Wörishofen | Bad Wörishofen | Bad Wörishofen | Bad Wörishofen | Bad Wörishofen | Bad Wörishofen | Bad Wörishofen | باد وریسهوفن | Bad Wörishofen | Bad Wörishofen | Bad Wörishofen | Bad Wörishofen | Bad Wörishofen | Bad Wörishofen | Bad Wörishofen | Bad Wörishofen | Bad Wörishofen | Բադ Վյորիսհոֆեն | Bad Wörishofen | Bad Wörishofen | Bad Wörishofen | Bad Wörishofen | Bad Wörishofen | Bad Wörishofen | バート・ヴェーリスホーフェン | Bad Wörishofen | Бад-Вёрисхофен | باد-ۆيورىيسحوفەن | Бад-Вёрисхофен | Bad-Vyorïsxofen | Bad Wörishofen | Бад-Вёрисхофен | Bad Wörishofen | Bad Wörishofen | Bad Wörishofen | Bad Wörishofen | Bad Wörishofen | Bad Wörishofen | Bad Wörishofen | Bad Wörishofen | Bad Wörishofen | Bad Wörishofen | Bad Wörishofen | Bad Wörishofen | Bad Wörishofen | Bad Wörishofen | Bad Wörishofen | Bad Wörishofen | Bad Wörishofen | Bad Wörishofen | Bad Wörishofen | بیڈ وورسشوفن | Bad Wörishofen | Bad Wörishofen | Bad Wörishofen | Bad Wörishofen | Бад-Вёрисхофен | Bad Wörishofen | Bad Wörishofen | Bad Wörishofen | Bad Wörishofen | Bad Wörishofen | Bad Wörishofen | Бад Верисхофен | Бад Верисхофен | Bad Verishofen | Bad Wörishofen | Bad Wörishofen | Bad Wörishofen | Бад-Вёрисхофен | Bad Wörishofen | Бад-Верісгофен | Bad Wörishofen | Bad Wörishofen | Bad Wörishofen | Bad Wörishofen | Bad Wörishofen | Bad Wörishofen | Bad Wörishofen | Bad Wörishofen | 巴特沃里斯霍芬 | 巴特沃里斯霍芬 | 巴特沃里斯霍芬 | 巴特沃里斯霍芬 | Bad Wörishofen
Q44412,Hans Christian Ørsted,1777,1851,Rudkøbing | Rudkøbing | Rudkøbing | Rudkøbing | Rudkøbing | Рудкёбінг | Рудкэбінг | Rudkøbing | Rudkøbing | Rudkøbing | Rudkøbing | Ρούντκεμπινγκ | Rudkøbing | Rudkøbing | رودکبینگ | Rudkøbing | Rudkøbing | Rudkøbing | רודקובינג | Rudkøbing | Ռուդկեբինգ | ルッドクビン | Rutcopia | Рудкобинг | Rudkøbing | Rudkøbing | Рудкёбинг | Rudkøbing | Rudkøbing | Rudkøbing | Рудкёбинг | Rudkøbing | Rudkøbing | Rudkøbing | Рудкөбиң | 鲁德克宾 | 魯德克賓 | Rudkøbing
Q49285,Sally Ride,1951,2012,Los Ángeles | Losi Enijilisi | Los Angeles | Los Angeles | Los Angeles | Los Angeles | 洛杉磯 | Los Angeles | لؤس آنجلس | 𐌻𐌰𐌿𐍃 𐌴𐌽𐌳𐌶𐌾𐌰𐌹𐌻𐌰𐌹𐍃 | લોસ એન્જેલસ | Los Angeles | Los Angeles | Los Angeles | Los Angeles | लॉस एंजेलिस | Los Angeles | Los Angeles | Լոս Անջելես | Լոս Անճելըս | Los Angeles | Los Angeles | Los Angeles | Los Angeles | Los Angeles | Лос-Анджелес | Los Angeles | Los Angeles | Las Anjiliiz | Los Angeles | ლოს-ანჯელესი | Los-Andjeles | Los Angeles | Lɔsɩ Anzelɛsɩ | Los Angeles | Los Angeles | Лос Анжелес | Лос-Анджелес | ឡូសអាន់ជ័រលេស | ಲಾಸ್ ಎಂಜಲೀಸ್ | Los Angeles | 로스앤젤레스 | لاس ایٚنٛجلِس | Los Angeles | Los Angeles | Лос-Анжелес шаары | Los Angeles | Лос-Анджелес | Los Angeles | Los Angeles | Los Angeles | Los Angeles | Los Angeles | Los Andželas | 洛杉磯 | लस एन्जलस | Los Angeles | Лос-Анджелес | Ngā Ānahera | Los Angeles | Лос-Анжелес | Лос Анӂелес | लॉस एंजेल्स | Лос-Анджелес | Los Angeles | Los Angeles | Los Angeles | လော့စ်အိန်ဂျယ်လိစ်မြို့ | Лос-Анджелес | لس آنجلس | Lo̍k-sam-ki | Los Angeles | लस एन्जलस | लस एञ्जेल्स | Los Angeles | Los Angeles | Los Angeles | ଲସ ଏଞ୍ଜେଲ୍ସ | ਲਾਸ ਐਂਜਲਸ | Los Angeles | Los Angeles | Los Angeles | Los Angeles | Los Angeles | Los Angeles | لاس اینجلس | لاس انجلس | Los Angeles | Los Angeles | Los Angeles | Los Angeles | Los Angeles | Лос Анджелес | Los Angeles | लास एंजलस | Лос Андьелес | ᱞᱚᱥ ᱮᱧᱡᱮᱞᱥ | Los Angeles | Los Àngeles | Los Angeles | لاس اينجلس | Los Angeles | Luos Andžels | ලොස් ඇන්ජලීස් | Los Angeles | Los Angeles | Los Axhelos | Los Angeles | Los Angeles | Los Angeles | Los Angeles | Los Angeles | லாஸ் ஏஞ்சலஸ் | లాస్ ఏంజలెస్ | Лос Анҷелес | Лос Анҷелес | ลอสแอนเจลิส | Los-Anjeles | Los Angeles | Los Ančeles | ma tomo Ele | Лос-Анджелес | Los-Anceles | Los Angeles | Los Angeles | Los Angeles | Лос-Анджелес | Los Anjélés | Los Anjeles | Los Andželes | Los Angeles | Los Angeles | Los Angeles | Los Angeles | 洛杉矶 | ლოს-ანჯელესი | Los Angeles | 洛杉磯 | Los Angeles | 洛杉矶 | 洛杉矶 | 洛杉磯 | 洛杉磯 | 洛杉磯 | 洛杉矶 | 洛杉矶 | 洛杉磯 | Los Angeles | ലോസ് ആഞ്ചെലെസ് | Los Angeles | Los Angeles | Los Angeles | Лос-Анджэлес | Лос Анджелис | Лос-Анджелес | Los Ángeles | לוס אנג'לס | Los Angeles | Los Angeles | Лос Анджэлэс | Лос Анџелес | Лос-Анджелес | Лос-Анджелес | Лос Анђелес | Лос-Анджелес | Los Angeles | Los Angeles | Los Angeles | Los Angeles | Los Angeles | Los Angeles | Los Angeles | Los Angeles | Los Angeles | Los Angeles | Los Angeles | Los Angeles | Los Angeles | Los Angeles | Los Angeles | Los Angeles | Los Angeles | Los Angeles | Os Ánxeles | Angelopolis | Los Angeles | Los Angeles | 洛杉矶 | Λος Άντζελες | Los-Anĝeleso | Los Ángeles | Los Anjeles | Losandželosa | לאס אנדזשעלעס | Лос-Анджэлес | ロサンゼルス | Los Angeles | لوس أنجلوس | Los Angeles | Los Angeles | لس آنجلس | Los Angeles | Los Angeles | Лос-Анджелес | Los Angeles | Los Angeles | Los Angeles | لاس اینجلس | Ahééháshį́į́h | Los Angeles | Лос-Анџелес | لوس انجلس | Los Angeles | ሎስ አንጄሌስ | Lōsandgelis | لوس أنجلوس | لوس انجليس | লচ এঞ্জেলচ | Los Angeles | Los-Anceles | لوسآنجلس | Лос-Анджелес | Los Angeles | Los Angeles | Los Angeles | लॉस एंजेलिस | Los Angeles | Los Angeles | লস অ্যাঞ্জেলেস | Los Angeles | Лос-Анджелес | Los Angeles | Lŏk-săng-gĭ | Los Angeles | لۆس ئانجلەس | Los Angeles | Los Anceles | Los Anceles | Лос-Анджелес | Los Angeles | Los Angeles | Los Angeles | Los Angeles | लस एन्जलस | Los Angeles | Los Angeles | Los Angeles
Q60423,Walther Flemming,1813,1905,Schwerin | Schwerin | Шверин | Schwerin | Schwerin | Schwerin | Schwerin | Schwerin | Schwerin | Schwerin | Schwerin | Schwerin | Schwerin | Schwerin | Schwerin | Schwerin | Zwěrin | Schwerin | Schwerin | Schwerin | Schwerin | Schwerin | Schwerin | Schwerin | Schwerin | Schwerin | Schwerin | شفيرين | شفيرين | Schwerin | Şverin | شورین | Шверын | Швэрын | Шверин | শোয়ারিন | Шверин | Kreisfreie Stadt Schwerin | شڤێرین | Шверин | Şwerin | Σβερίν | شورین | Schwerin | Schwerin | શ્વેરિન | Schwerin | श्वेरिन | Շվերին | シュヴェリーン | შვერინი | Шверин | ಶ್ವರೀನ್ | 슈베린 | Schwerin | Шверин | Suerinum | Schwerin | Schwerin | Šverinas | Šverīne | Швэрин | Шверин | श्वेरिन | Schwerin | Schwerin | Swerin | श्वेरीन | Schwerin | Шверин | Schwerin | Шверін | Schwerin | ස්වෙරින් | Shverini | Шверин | Шверин | Schwerin | Schwerin | Schwerin | Schwerin | שוורין | Schwerin | Zwěrin | Schwerin | Schwerin | Schwerin | Schwerin | Schwerin | Schwerin | Schwerin | Schwerin | Schwerin | Schwerin | Schwerin | Schwerin | Schwerin | Schwerin | Schwerin | Schwerin | Schwerin | Schwerin | Schwerin | Schwerin | Schwerin | Schwerin | Schwerin | Schwerin | Schwerin | Schwerin | Schwerin | Schwerin | Schwerin | Schwerin | Schwerin | Schwerin | Schwerin | Schwerin | Schwerin | Schwerin | Schwerin | Schwerin | Schwerin | Schwerin | Schwerin | Schwerin | Scwerȳn | Schwerin | Schwerin | ச்வரின் | ష్వేరిన్ | ชเวรีน | Schwerin | Шверин | Шверін | شیویرن | Schwerin | Šverin | Schwerin | 什未林 | შვერინი | שווערין | Schwerin | 舒維蓮 | 什未林 | 什未林 | 什未林 | 詩威林
Q60477,Georg Kaiser,1878,1945,Magdeburgo | Magdeburg | മാഗ്ഡെബുർഗ് | Magdeburg | Магдебург | Dźěwin | Магдэбург | Magdeburk | دورتموند | Magdeburg | Magdeburg | Magdeburg | Магдебург | Магдебург | Магдебург | Մագդեբուրգ | Magdebuag | Магдебург | Magdeburg | Maagdenburg | ማክደቡርክ | Magdeburgo | Mihtiġburg | مغدبورغ | ماجدبورج | Magdeburgu | Maqdeburq | Магдебург | Magdeburg | Магдэбург | ম্যাগডেবার্গ | Magdeburg | Magdeburg | Магдебург | Landeshauptstadt Magdeburg | ماگدێبورگ | Магдебург | Magdeburg | Magdeburg | Magdeburg | Magdeburg | Μαγδεμβούργο | Magdeburgo | Magdeburgo | Magdeburg | Magdeburg | ماگدبورگ | Magdeburg | Magdeburg | Magdeburg | Magdebourg | Magdebörj | Magdeburg | Magdeburg | Magdeburgo | 𐌼𐌰𐌲𐌰𐌸𐍃𐌱𐌰𐌿𐍂𐌲𐍃 | મેગડેબર્ગ | Magdeburg | Magdeburg | Makekepuka | מגדבורג | मागदेबुर्ग | Magdeburg | Magdeburg | Magdeburg | Magdeburg | Magdeburg | Magdeburg | Magdeburg | マクデブルク | Kebon Raja Magdeburg | მაგდებურგი | Магдебург | ಮ್ಯಾಗ್ದೆಬರ್ಗ್ | 마그데부르크 | Magdeburg | Магдебург | Magdeburg | Магдебeрг | Magdeburgum | Magdeburg | Magdebürgu | Magdeburg | Magdeburgh | Magdeburgas | Magdeburga | Магдэбург | Magdeburg | Магдебург | माक्देबुर्ग | Magdeburg | Magdeburg | Magdeburg | Magdeburg | Magdeburg | Meideborg | मेगडेबर्ग | Magdeburg | Magdeburg | Magdeborg | Магдебург | Magdeborgh | مگڈیبرگ | Magdeburgo | Magdeburgo | Magdeburg | Magdeburg | Маґдебурґ | Magdeburg | Magdeburg | Magdeburg | මැඩබර්ග් | Magdeburg | Magdeburg | Magdeburgu | Магдебург | Magdeburg | Magdeburg | Magdeburg | Magdeburg | மாக்டெபர்க் | మగ్డెబర్గ్ | มัคเดอบวร์ค | Magdeburg | Magdeburg | Magdeburg | ماجدیبورج | Magdeburg | Magdeburgo | Magdeburg | Magdeburg | Magdeburg | Magdeburg | 马格德堡 | მაგდებურგი | מאגדעבורג | Magdeburg | 麥德堡 | Magdeburg | 马格德堡 | 马格德堡 | 马格德堡 | 馬格德堡 | 馬德堡 | 馬德堡 | 马格德堡 | 马格德堡 | 馬德堡
Q60472,Theodor Busse,1897,1986,فرانکفورت | Франкфурт | Франкфурт-на-Одере | فرانكفورت | Φρανκφούρτη | 프랑크푸르트 | Франкфурт | فرینکفرٹ | Frankfurt | Frankfurt (Oder) | Frankfurt len Oder | Frankfurt (Oder) | Frankfurt (Oder) | Frankfurt (Oder) | 奥得河畔法兰克福 | ოდერიშ ფრანკფურტი | פראנקפורט אן דער אדער | 奧德河畔法蘭克福 | 奥得河畔法兰克福 | 奧得河畔法蘭克福 | Frankfurt (Oder) | Frankfurt (Oder) | Frankfurt (Oder) | Frankfurt (Oder) | Frankfurt (Oder) | Frankfurt (Oder) | Frankfurt (Oder) | Frankfurt (Oder) | Frankfurt (Oder) | فرانكفورت على أودر | Frankfurt (Oder) | Frankfurt-na-Oder | Одерҙағы Франкфурт | Frankfurt an da Oder | Франкфурт-на-Одэры | Франкфурт-на-Одры | Франкфурт на Одер | Frankfurt (Oder) | Frankfurt de l'Oder | Одер-тӀера-Франкфурт | Francuforte su l'Oder | Frankfurt nad Odrou | Frankfurt an der Oder | Frankfurt (Oder) | Frankfurt (Oder) | Frankfurt (Oder) | Frankfurt (Oder) | Frankobrod-Odra | Frankfurt (Oder) | Frankfurt (Oder) | Frankfurto ĉe Odro | Fráncfort del Óder | Frankfurt Oderi ääres | Frankfurt Oder | Frankfurt (Oder) | Francfort-sur-l'Oder | Frankfurt (Oder) | Frankfurt (Oder) | Frankfurt (Oder) | Frankfurt oan de Oder | Frankfurt (Oder) | Frankfurt (Oder) | Frankfurt (Oder) | Frankfurt (Oder) | Frankfurt (Oder) | פרנקפורט על האודר | Frankfurt na Odri | Frankobrod nad Wódru | Frankfurt (Oder) | Օդերի Ֆրանկֆուրտ | Frankfurt (Oder) | Frankfurt an der Oder | Frankfurt (Oder) | Frankfurt (Oder) | Frankfurt (Oder) | Francoforte sull'Oder | フランクフルト・アン・デア・オーダー | Frankfurt an der Oder | ოდერის ფრანკფურტი | Frankfurt (Oder) | Frankfurt (Oder) | Francofortum ad Oderam | Frankfurt (Oder) | Frankfurt (Oder) | Frankfurt (Oder) | Frankfurt (Oder) | Frankfurtas prie Oderio | Frankfurte pie Oderas | Frankfurt (Oder) | Frankfurt (Oder) | Франкфурт на Одра | Frankfurt an der Oder | Frankfurt (Oder) | Frankfurt (Oder) | Frankfort an de Oder | Frankfurt (Oder) | Frankfort aan de Oder | Frankfurt an der Oder | Frankfurt (Oder) | Frankfurt (Oder) | Frankfurt (Oder) | Frankfurt nad Odrą | Frankfurt (Oder) | Frankfurt an der Oder | Frankfurt an der Oder | Frankfurt (Oder) | Francuforte subra s'Oder | Frankfurt (Oder) | Frankfurt (Oder) | Frankfurt nad Odrou | Frankfurt ob Odri | Франкфурт на Одри | Frankfurt (Oder) | Frankfurt an der Oder | Frankfurt (Oder) | Frankfurt (Oder) | Francfort del Oder | Франкфурт-ам-Одер | Франкфурт-на-Одері | Frankfurt (Oder) | Francoforte de l'Oder | Frankfurt (Oder)
Q60531,Wolfgang Schmieder,1901,1990,Bydgoszcz | 比得哥什 | 比得哥什 | בידגושץ' | Bromberg | Быдгощ | Bydgoszcz | بيدغوشتش | بيدجوشتش | Bydgoszcz | Bıdqoş | Быдгашч | Быдгашч | Бидгошч | বিদগশ্চ | Bydgoszcz | Bydgoszcz | Быдгощ | Bydgoszcz | Bıdgoşç | Bıdgoşç | Bydhošť | Bëdgòszcza | Bydgoszcz | Bydgoszcz | Bydgoszcz | Bydgoszcz | Bydgoszcz | Μπίντγκοστς | Bydgoszcz | Bydgoszcz | Bydgoszcz | Bydgoszcz | Bydgoszcz | Bydgoszcz | Bydgoszcz | بیدگوشچ | Bydgoszcz | Bydgoszcz | Bromberch | Bydgoszcz | Bydgoszcz | Bydgoszcz | બાયડિગોસ્ક | Bydgoszcz | Pí-tet-kô-sṳ̍p | ब्यङगोस | Bydgoszcz | Bydgoszcz | Bydgoszcz | Բըդգոշչ | Bydgoszcz | Bydgoszcz | Bydgoszcz | ブィドゴシュチュ | Bydgoszcz | ბიდგოშჩი | Bydgoszcz | ಬೈಡ್ಗೋಸ್ | 비드고슈치 | Быдгощ | Bydgostia | Bydgoszcz | Bydgoščius | Bidgošča | Быдгощ | Bydgoszcz | Бидгошч | Быдгощ | बिदुगोश्ट | Bydgoszcz | Быдгощ ош | Bydgoszcz | Bydgoszcz | Bydgoszcz | Bydgoszcz | Brombarg | Bydgoszcz | Bydgoszcz | Bydgoszcz | Быдгощ | Bydgoszcz | Bydgoszcz | Bydgoszcz | Bydgoszcz | Bydgoszcz | Bydgoszcz | Bydgoszcz | බයිජෝස්ක් | Bydgoszcz | Bydgoszcz | Bydgoszcz | Бидгошч | Bydgoszcz | Bydgoszcz | பிட்கோசிஸ் | బ్యడ్గోస్ | Bydgoszcz | Бидгошч | บึดกอชตช์ | ma tomo Piko | Bydgoszcz | Быдгочч | Быдгошӵ | Бидгощ | بائدگوسزسز | Bidgoshch | Bydgoszcz | Bidgošč | Bydgoszcz | Bydgoszcz | Bydgoszcz | 比得哥什 | ბიდგოშჩი | בידגאש | 比得哥斯 | 比得哥什 | 比得哥什
Q60467,Hideo Itokawa,1912,1999,Tōkyō | Tokyo | tokios. | ტოკიო | ទីក្រុងតូខ្យូ | 도꾜 | ٹوکیو | Tokium | Tokyo | ໂຕກຽວ | Tokijas | Tokija | Tokyo | Токио | Tokjo | Tóquio | Tokyo | Tòquio | Токио | Togjo | توکيو | Tóquio | Tokio | Tokio | Tokyo | Tokio | Tochiu | Tokėjės | ටෝකියෝ | தோக்கியோ | టోక్యో | Токио | โตเกียว | Tokyo | ma tomo Tokijo | Tokyo | Tokyo | 东京 | 東京 | 东京 | 东京 | 東京 | Dŭng-gĭng | Tokyo | ಟೊಕಿಯೊ | टोकियो | Tang-kiaⁿ | ߕߏߞߑߦߏ߫ | Imperial Tokyo | ٹوکیو | 东京 | Tōkyō | Tokyo | Tokyo | Tokyo | 東京 | Tokyo | Tokio | Tokio | ടോക്കിയോ | Tokyo | טוקיו | Tokio | Tokio | Tokyo | Tokyo | توکيو | Tokyo | Tokyo | Tokio | Tokyo | Tokyo | طوكيو | 東京 | 东京 | 도쿄 | 東京 | Tokiu | Токіа | Токіё | Токио | Tóquio | Токио | Tòquio | টোকিও | Tokió | Տոկիո | Tokio | Tokio | Tokio | Токіо | Thành phố Tokyo | 東京 | Tokio | 東京 | Tokio | Tokio | ቶክዮ | Tokio | Tōkyō | Tokio | Tokio | Токио | تۆکیۆ | Tokyo | Tokio | Τόκυο | Tokyo | Tokyo | Tokio | Tokio | توکیو | Tóiceo | Tokyo | Tokio | ટોક્યો | Tûng-kîn | टोक्यो | Tokyo | Tokyo | Tokyo | Tokyo
Q49351,Robert Robinson,1886,1975,"Rufford | Rufford | Rufford | Rufford | Rufford | Rufford | Rufford | রাফোর্ড | Rufford (parokya sa Hiniusang Gingharian, Nottinghamshire) | રફોર્ડ | ラッフォード | ರಫೋರ್ಡ್ | 러퍼드 | Rufford (Nottinghamshire) | Rufordas | Раффорд | Rufford (parish i Storbritannien, Nottinghamshire) | ருப்பிபோர்ட் | బార్టన్ మిల్స్ | روفورڈ | 路夫福特 | 路夫福特"
Q53012,Guido Brignone,1886,1959,Milán | Milano | Milano | Milan | Milan | Milan | מילאנו | Mailand | Miláno | മിലാൻ | Milano | Milan | Milan | Milano | Milan | Milan | میلان | Milan | Milan | Milán | Milan | Milan | Milan | Milan | Milan | Milan | Milan | Milan | Milan | Միլան | Milan | Milan | Milan | Milan | Milan | Milan | Milan | Milan | Milan | Milan | Milan | Milan | Милан | Milan | Milan | Milan | Milan | Milan | Milan | Мілан | Milan | Milan | Milan | 米蘭 | 米蘭 | Milán | Milán | Milán | Milán | Milán | 米兰 | Milano | Milano | Milano | Milano | ミラノ | Milano | Milano | Milano | Mailand | Mailand | Mailand | Mailand | Милан | Милан | Милан | Milano | మిలన్ | میلان | Milano | Milano | Milano | Milano | Milano | Milano | Milano | Milano | Milano | Milano | Milano | Milano | Milano | Milano | Milano | Milano | Milano | Milano | Milano | Milano | Milano | Milano | Milà | Милан | Milánó | 米蘭 | Mediolanum | میلان | میلان | Мілан | Мілян | Милано | Милано | Milaan | Милан | Milão | Milano | Милано | Milano | Milano | মিলান | Милан | მილანი | Милан | Милан | Милан | მილანი | 米兰 | 米蘭 | Milano | Milan | ಮಿಲನ್ | ميلانو | ميلانو | Milano | Milano | Milano | Milano | Milano | Milano | Milano | Milaan | Milaan | Milaan | Milaan | Mirano | Mailand | Mailand | Милан | ሚላኖ | Megelan | ميلانو | میلان | Милан | མི་ལཱན། | Milanu | Milan | Μιλάνο | Milàn | Milaan | Milã | Μεδιόλανον | મિલાન | Milaan | Mí-làn | मिलानो | Միլանօ | Mílanó | 밀라노 | Милан | Mîlano | Милан | Милан | ມິລານ | Milanas | Milāna | 米蘭 | Милан | मिलान | မီလန်မြို့ | मिलान | मिलान | ߡߌߟߊ߲߫ | ਮਿਲਾਨ | Mediolan | میلان | میلان | Milão | Milaun | Meláne | Милано | मिलानो | Милан | Milanu | Milanu | Mėlans | Milanu | මිලානය | Milano | Mi-lan 米蘭 | மிலன் | Милан | มิลาน | ma tomo Milano | Miłan | 米蘭 | מילאן | 米蘭 | Milaan
Q53018,Marco Ferreri,1928,1997,Milán | Milano | Milano | Milan | Milan | Milan | מילאנו | Mailand | Miláno | മിലാൻ | Milano | Milan | Milan | Milano | Milan | Milan | میلان | Milan | Milan | Milán | Milan | Milan | Milan | Milan | Milan | Milan | Milan | Milan | Milan | Միլան | Milan | Milan | Milan | Milan | Milan | Milan | Milan | Milan | Milan | Milan | Milan | Milan | Милан | Milan | Milan | Milan | Milan | Milan | Milan | Мілан | Milan | Milan | Milan | 米蘭 | 米蘭 | Milán | Milán | Milán | Milán | Milán | 米兰 | Milano | Milano | Milano | Milano | ミラノ | Milano | Milano | Milano | Mailand | Mailand | Mailand | Mailand | Милан | Милан | Милан | Milano | మిలన్ | میلان | Milano | Milano | Milano | Milano | Milano | Milano | Milano | Milano | Milano | Milano | Milano | Milano | Milano | Milano | Milano | Milano | Milano | Milano | Milano | Milano | Milano | Milà | Милан | Milánó | 米蘭 | Mediolanum | میلان | میلان | Мілан | Мілян | Милано | Милано | Milaan | Милан | Milão | Milano | Милано | Milano | Milano | মিলান | Милан | მილანი | Милан | Милан | Милан | მილანი | 米兰 | 米蘭 | Milano | Milan | ಮಿಲನ್ | ميلانو | ميلانو | Milano | Milano | Milano | Milano | Milano | Milano | Milano | Milano | Milaan | Milaan | Milaan | Milaan | Mirano | Mailand | Mailand | Милан | ሚላኖ | Megelan | ميلانو | میلان | Милан | མི་ལཱན། | Milanu | Milan | Μιλάνο | Milàn | Milaan | Milã | Μεδιόλανον | મિલાન | Milaan | Mí-làn | मिलानो | Միլանօ | Mílanó | 밀라노 | Милан | Mîlano | Милан | Милан | ມິລານ | Milanas | Milāna | 米蘭 | Милан | मिलान | မီလန်မြို့ | मिलान | मिलान | ߡߌߟߊ߲߫ | ਮਿਲਾਨ | Mediolan | میلان | میلان | Milão | Milaun | Meláne | Милано | मिलानो | Милан | Milanu | Milanu | Mėlans | Milanu | මිලානය | Milano | Mi-lan 米蘭 | மிலன் | Милан | มิลาน | ma tomo Milano | Miłan | 米蘭 | מילאן | 米蘭 | Milaan
Q53034,Dino Risi,1916,2008,Milán | Milano | Milano | Milan | Milan | Milan | מילאנו | Mailand | Miláno | മിലാൻ | Milano | Milan | Milan | Milano | Milan | Milan | میلان | Milan | Milan | Milán | Milan | Milan | Milan | Milan | Milan | Milan | Milan | Milan | Milan | Միլան | Milan | Milan | Milan | Milan | Milan | Milan | Milan | Milan | Milan | Milan | Milan | Milan | Милан | Milan | Milan | Milan | Milan | Milan | Milan | Мілан | Milan | Milan | Milan | 米蘭 | 米蘭 | Milán | Milán | Milán | Milán | Milán | 米兰 | Milano | Milano | Milano | Milano | ミラノ | Milano | Milano | Mailand | Mailand | Mailand | Mailand | Милан | Милан | Милан | Milano | మిలన్ | میلان | Milano | Milano | Milano | Milano | Milano | Milano | Milano | Milano | Milano | Milano | Milano | Milano | Milano | Milano | Milano | Milano | Milano | Milano | Milano | Milano | Milano | Milano | Milà | Милан | Milánó | 米蘭 | Mediolanum | میلان | میلان | Мілан | Мілян | Милано | Милано | Milaan | Милан | Milão | Milano | Милано | Milano | Milano | মিলান | Милан | მილანი | Милан | Милан | Милан | მილანი | 米兰 | 米蘭 | Milano | Milan | ಮಿಲನ್ | ميلانو | ميلانو | Milano | Milano | Milano | Milano | Milano | Milano | Milano | Milano | Milaan | Milaan | Milaan | Milaan | Mirano | Mailand | Mailand | Милан | ሚላኖ | Megelan | ميلانو | میلان | Милан | མི་ལཱན། | Milanu | Milan | Μιλάνο | Milàn | Milaan | Milã | Μεδιόλανον | મિલાન | Milaan | Mí-làn | मिलानो | Միլանօ | Mílanó | 밀라노 | Милан | Mîlano | Милан | Милан | ມິລານ | Milanas | Milāna | 米蘭 | Милан | मिलान | မီလန်မြို့ | मिलान | मिलान | ߡߌߟߊ߲߫ | ਮਿਲਾਨ | Mediolan | میلان | میلان | Milão | Milaun | Meláne | Милано | मिलानो | Милан | Milanu | Milanu | Mėlans | Milanu | මිලානය | Milano | Mi-lan 米蘭 | மிலன் | Милан | มิลาน | ma tomo Milano | Miłan | 米蘭 | מילאן | 米蘭 | Milaan
Q57805,Friedrich Paschen,1865,1947,Scwerȳn | شفيرين | شفيرين | Schwerin | Şverin | شورین | Шверын | Швэрын | Шверин | শোয়ারিন | Шверин | Kreisfreie Stadt Schwerin | شڤێرین | Шверин | Şwerin | Σβερίν | شورین | Schwerin | Schwerin | શ્વેરિન | Schwerin | श्वेरिन | Շվերին | シュヴェリーン | შვერინი | Шверин | ಶ್ವರೀನ್ | 슈베린 | Schwerin | Шверин | Suerinum | Schwerin | Schwerin | Šverinas | Šverīne | Швэрин | Шверин | श्वेरिन | Schwerin | Schwerin | Swerin | श्वेरीन | Schwerin | Шверин | Schwerin | Шверін | Schwerin | ස්වෙරින් | Shverini | Шверин | Шверин | Schwerin | Schwerin | ச்வரின் | ష్వేరిన్ | ชเวรีน | Schwerin | Шверин | Шверін | شیویرن | Schwerin | Šverin | Schwerin | 什未林 | შვერინი | שווערין | Schwerin | 舒維蓮 | 什未林 | 什未林 | 什未林 | 詩威林 | Schwerin | Schwerin | Шверин | Schwerin | Schwerin | Schwerin | Schwerin | Schwerin | Schwerin | Schwerin | Schwerin | Schwerin | Schwerin | Schwerin | Schwerin | Schwerin | Zwěrin | Schwerin | Schwerin | Schwerin | Schwerin | Schwerin | Schwerin | Schwerin | Schwerin | Schwerin | Schwerin | Schwerin | Schwerin | Schwerin | Schwerin | שוורין | Schwerin | Zwěrin | Schwerin | Schwerin | Schwerin | Schwerin | Schwerin | Schwerin | Schwerin | Schwerin | Schwerin | Schwerin | Schwerin | Schwerin | Schwerin | Schwerin | Schwerin | Schwerin | Schwerin | Schwerin | Schwerin | Schwerin | Schwerin | Schwerin | Schwerin | Schwerin | Schwerin | Schwerin | Schwerin | Schwerin | Schwerin | Schwerin | Schwerin | Schwerin | Schwerin | Schwerin | Schwerin | Schwerin | Schwerin | Schwerin | Schwerin | Schwerin | Schwerin | Schwerin
Q53050,Francesco Rosi,1922,2015,Napoli | Napoli | Neapel | Neapel | Neapol | Naples | നാപ്പൊളി | Nápoles | Naples | Неаполь | Neapelj | Nápoly | Neapolis | Nápoles | Napoli | Napoli | ナポリ | Неапаль | Нэапаль | Неапол | Napoles | Νεάπολις | נאפולי | Նեապոլ | Неапол | Napels | Неаполь | Nápoles | Neapole | 那不勒斯 | Наполи | Неаполь | Nāpori | Неаполь | नापोली | Napli | ناپولی | Napule | Neapel | Napels | नेपल्स | Napoules | Nàpols | Naples | Napoule | Napols | Nàpoli | نیپلز | ناپل | Naples | Napule | Неаполь | नापोली | Неаполь | Nàpoli | Nàpuli | Naples | Neapuolės | නේපල්ස් | نیپلس | Napoli | Na-pu-li 拿波里 | நாபொலி | Неапол | Неапол | Neapol | Neapol | ma tomo Napoli | Наполи | Неаполь | Naplés | ناپولی | Nàpułi | Napol' | Noapels | 那不勒斯 | Naples | ნეაპოლი | נאפאלי | Naples | 拿坡利 | Napels | 那不勒斯 | 那不勒斯 | 拿坡里 | 拿坡里 | 拿坡里 | 那不勒斯 | 那不勒斯 | 拿坡里 | Napulj | Напуљ | เนเปิลส์ | Napoli | Neapol | Napoles | Napoli | Napoli | Napoli | Napoli | Napoli | Napoli | Napoli | Napoli | Napoli | Napoli | Napoli | Napoli | Napoli | Napoli | Napoli | Napoli | Napoli | Napoli | Napoli | Napoli | Napoli | Napoli | Napoli | Napoli | Napoli | Napoli | Napoli | Napoli | Napoli | Napoli | Napoli | Napoli | Napoli | Napoli | Napoli | Napoli | Neapol | Неаполь | Neapol | Naples | Napels | 那不勒斯 | Napolo | નેપલ્સ | ನೇಪಲ್ಸ್ | नेपल्स | నేపుల్స్ | Неаполь | Napels | ናፖሊ | Nápols | نابولي | نابولى | Neapol | ناپول | Napoles | নাপোলি | Napulj | Nàpols | Неаполь | ناپۆلی | Napuli | Neapol | Неаполь | Νάπολη | Nâpol | Nápoli | ناپل | Naple | Neapel | Nápoles | Neapel | Nâ-put-le̍t-sṳ̂ | नापोलि | Napulj | Neapel | Նէափոլ | Neapole | Napólí | ნეაპოლი | Neapol | Napuli | Неаполь | Неаполь | 나폴리 | Napolî | Napolî | Неаполь | Neapel | Неаполь | Napels | Napoli | Nápoli | Neapolis
Q53009,Bernardo Bertolucci,1941,2018,Parma | Parma | Parma | Parme | Parmo | Parma | Парма | Parma | Parma | Parma | Parma | Парма | Parma | Parma | Parma | Parma | Parma | Parma | Parma | Parma | Parma | Parma | Parma | Parma | Parma | Parma | Parma | Parma | Parma | Parma | Parma | Parma | Parma | Parma | Parma | Parma | Parma | Parma | Parma | Parma | Parma | Parma | Parma | Parma | Parma | Parma | Parma | Parma | Parma | Parma | Parma | Parma | Parma | Parma | Parma | Parma | Parma | Parma | Parma | Parma | Parma | Parma | Parma | Parma | Parma | Parma | Parma | Parma | Парма | Parma | Parma | Parma | Parma | Parma | Parma | Parma | Parma | Parma | Parma | Parma | 帕尔马 | 帕尔马 | بارما | パルマ | بارما | Парма | پارما | პარმა | Парма | Парма | Parma | Парма | پارما | Парма | פארמה | Պարմա | 帕馬 | 帕馬 | Parm | Πάρμα | پارما | Парма | ফার্মা | Парма | Pärma | Parme | પાર્મા | परमा | ಪಾರ್ಮ | 파르마 | Парма | पार्मा | Пармæ | پارما | पार्मा | පර්මා | பார்மா | పార్మా | ปาร์มา | 帕尔马 (意大利) | 巴馬 (意大利) | 帕尔马 | 巴馬
Q53068,Claudio Monteverdi,1567,1643,Cremona | Cremona | Cremona | Cremona | Cremona | Cremona | Cremona | Cremona | Cremona | Cremona | کرمونا | Cremona | Кремона | Кремона | كريمونا | クレモナ | Крэмона | Кремона | Cremona | Crémone | Cremona | קרמונה | Կրեմոնա | Кремонæ | Cremona | Cremona | Cremona | Cremona | Кремона | Cremona | Cremona | Cremona | Cremona | Cremona | Cremona | Cremona | Cremona | Cremona | Cremona | Cremona | Cremona | Cremona | Cremona | Cremona | Cremona | Cremona | Cremona | Cremona | Cremona | Cremona | Cremona | Cremona | Cremona | Cremona | Cremona | Cremona | Cremona | Cremona | Cremona | Cremona | Cremona | Cremona | Cremona | Cremona | Cremona | Cremona | Cremona | Cremona | Cremona | Cremona | Cremona | Cremona | Cremona | Cremona | Cremona | Cremona | Cremona | Cremona | 克雷莫纳 | كَرِمونة | Kremona | کرمونا | Крэмона | ক্রেমোনা | Кремона | Κρεμόνα | Cremùna | Kremono | Cremone | ક્રેમોના | क्रेमोना | კრემონა | Кремона | ಕ್ರೆಮೋನ | 크레모나 | Cremonn-a | Cremona | Cremùna | Kremona | Kremona | क्रेमोना | Crémone | Cremon-a | क्रेमोना | ක්රිමෝනා | கிரேமோனா | క్రేమొన | Кремуно | เครโมนา | Кремона | کریمونا | Crémone | 克雷莫纳 | ECremona | 克里莫納 | 克雷莫纳 | 克雷莫纳 | 克雷莫納
Q53031,Gillo Pontecorvo,1919,2006,Pisa | Pîse | Pisa | Пизæ | Pisa | Pisa | پیسا | Pisa | Pisa | Pisa | Pisa | Пиза | पीसा | Pisa | Pisa | Pisa | Pisa | පිසා | Pisa | Piza | Пиза | Pisa | Pisa | பிசா | పిసా | Пиза | ปิซา | Pisa | Pisa | Пиза | Pisa | Pisa | Піза | پیسا | Piza | Piza | Pisa | Pisa | Pisa | Pisa | Pisa | 比萨 | Pisa | პიზა | פּיזע | 比薩 | 比萨 | 比萨 | 比萨 | 比薩 | 比薩 | Pisa | പിസ | פיזה | Pisa | Pisa | Pisa | Piza | Pisa | 피사 | Pisa | Pisa | Pisa | Pisa | Pisa | Pisa | Pisa | Pisa | Pisa | পিসা | Pisa | Pisa | Pisa | Pisa | Pisa | Pisa | ፒዛ | Pisa | بيزا | بيزا | Pisa | Piza | پیزا | Пиза | Pisa | Pisa | Піза | Піза | Пиза | पीसा | Pisa | Pisa | Пиза | Pisa | Piza | Piza | Pisa | Pisa | Pisa | Piza | Πίζα | Pisa | Pizo | Pisa | Pisa | پیزا | Pisa (býur) | Pise | Pisa | Pisa | Pisa | Pisa | પીસા | पीसा | Pisa | Pisa | Պիզա | Բիզա | Pisa | Pisa | Pisa | Pisa | ピサ | Pisa | პიზა | Pisa | Пиза | ಪಿಸಾ | Pisa | Pīsae | Pisa | Pisa | Pisa | Pisa | Pisa | ພິຊາ | Piza | Piza | Пиза | Pisa | Пиза | Пиза | पिसा | Pisa | Pisa | Pisa | Pisa | Pisa
Q57855,Georg Friedrich Grotefend,1775,1853,Hann. Münden | Hann. Münden | موندن | موندن | Hann. Münden | هان. موندن | Hann. Münden | Мюндэн | Ган. Мюндэн | Хан. Мюнден | Hann. Münden | Hann. Münden | Муьнден | Hann. Münden | Hann. Münden | Hannoversch Münden | Hann. Münden | Hann. Münden | Hann. Münden | Hann. Münden | Hann. Münden | Hann. Münden | Hann. Münden | Hann. Münden | Hannoversch Münden | Hann. Münden | Hann. Münden | Hannoversch Munden | هان. موندن | Hann. Münden | Hann. Münden | Hann. Münden | Hann. Münden | Hann. Münden | Hann. Münden | Hann. Münden | Hann. Münden | Hann. Münden | האן-מינדן | Hann. Münden | Hannoversch Münden | Հան Մյունդեն | Hann. Münden | Hann. Münden | Hann. Münden | Hann. Münden | Hann. Münden | Hann. Münden | ハン・ミュンデン | ჰანოვერშ-მიუნდენი | Hann. Münden | Ганн. Мюнден | گانن. ميۋندەن | گانن. ميۋندەن | Ганн. Мюнден | Ганн. Мюнден | Gann. Myunden | Gann. Myunden | 한뮌덴 | Hann. Münden | Ганн. Мюнден | Mundia Hannoverana | Hann. Münden | Hann. Münden | Hann. Münden | Hann. Münden | Ганн. Мюндэн | Hann. Münden | Hann. Münden | Хан. Минден | Hann. Münden | Hann. Münden | Hann. Münden | Hann. Münden | Hann. Münden | Hann. Münden | Hannoversch Münden | Hann. Münden | Hann. Münden | Hann. Münden | Hann. Münden | Hann. Münden | Hann. Münden | Hann. Münden | Hann. Münden | Hann. Münden | Ганн. Мюнден | Hann. Münden | Hann. Münden | Hann. Münden | Hann. Münden | Hann. Münden | Hannoversch Münden | Хан. Минден | Хан. Минден | Han. Minden | Hann. Münden | Hann. Münden | Ҳонн. Мунден | Hann. Münden | Мюнден | Hann. Münden | Ганноверш-Мюнден | Hann. Münden | Hann. Münden | Hann. Münden | Hann. Münden | Hann. Münden | Hann. Münden | Hann. Münden | Hann. Münden | 漢明登 | 漢明登 | 漢明登
Q57063,Philipp Lenard,1862,1947,Bratislava | Bratislava | Bratisława | Братислава | Братислава | Bratislava | Bratislava | Bratislawa | Bratislava | Bratislava | Μπρατισλάβα | Bratislavo | Bratislava | Bratislava | Bratislava | براتیسلاوا | Bratislava | Bratislava | Bratislava | Bratislava | an Bhratasláiv | Bratislava | Bratislava | Bratislava | Bratislava | બ્રાટિસ્લાવા | Bratislava | Bratislava | Bratislava | ברטיסלאבה | ब्रातिस्लावा | Bratislava | Bratislava | Bratisława | Bratislava | Բրատիսլավա | Bratislava | Bratislava | Bratislava | Bratislava | Bratislava | Bratislava | ბრატისლავა | Bratislava | Bratislava | Братислава | Братислава | ಬ್ರಾಟಿಸ್ಲಾವಾ | 브라티슬라바 | Братислава | Bratîslava | Братислава | Bratislava | Братислава | Bratislavia | Bratislava | Bratislava | Братислава | Bratislava | Bratislava | Bratislava | Bratislava | Bratislava | براتیسلاوا | Bratislava | Bratislava | Братислава | Bratislava | Братислава | Bratislava | Bratislava | Братислава | Братислав | ब्रातिस्लाव्हा | Bratislava | Bratislava | Братислава ош | براتیسلاوا | Bratislava | Bu̍t-la-tī-su-la-bâ | Bratislava | Preßburg | ब्रातिस्लाभा | Bratislava | Bratislava | Bratislava | Bratislava | Bratisluavu | Братиславæ | ਬ੍ਰਾਤਿਸਲਾਵਾ | Bratislava | Bratislava | Bratislava | براتسلاوا | براتیسلاوا | Bratislava | Bratislava | Bratislava | Bratislava | Bratislava | Bratislava | Bratislava | Bratislava | Bratislava | ബ്രാട്ടിസ്ലാവ | Bratislava | Bratislava | Bratysława | Pressburg | Pressburg | Pressburg | Pressburg | ブラチスラヴァ | Bratislava | Bratislava | Bratislava | Bratislava | Bratislava | Bratislava | Bratislava | Pozsony | Братислава | Bratislava | Братислава | Bratislava | Братиславэ | Bratislava | ብራቲስላቫ | Bratislava | براتيسلافا | ܒܪܛܝܣܠܐܒܐ | براتيسلاڤا | براتيسلافا | Bratislava | Братислава | Bratislava | Bratislava | Братислава | Bratislava | Bratislava | Браціслава | Браціслава | Bratislawah | Братислава | ব্রাতিস্লাভা | བ་ར་ཏིསི་ལ་བ། | Bratislava | Bratislava | Bratislava | Bratislava | Братислава | براتسیلاڤا | Братїслава | Bratislava | Братислава | Bratislava | Bratislava | Bratislava | براٽيسلاوا | Bratislava | Bratislava | Bratislava | බ්රැටිස්ලාවා | Bratislava | Bratislava | Bratislava | Bratislava | Bratislava | Bratisllava | Братислава | Bratislava | Bratislava | Bratysława | பிராத்திஸ்லாவா | బ్రాటిస్లావా | Братислава | Братислава | บราติสลาวา | Bratislawa | Bratislava | Bratislava | Bratislava | Bratislava | Братислава | Bratislava | Братислава | براتىسلاۋا | براٹیسلاوا | Bratislava | Bratislav | Bratislava | Bratislava | Bratislava | Bratislava | Bratislava | Baratislawa | 布拉迪斯拉发 | ბრატისლავა | בראטיסלאווא | Bratislava | 布拉迪斯拉發 | 布拉迪斯拉发 | 布拉迪斯拉发 | 布拉迪斯拉发 | 布拉提斯拉瓦 | 布拉迪斯拉發 | 布拉迪斯拉發 | 布拉提斯拉瓦 | i-Bratislava | bratislavas | Bratislava
Q57713,Winifred Wagner,1897,1980,"Hastings | Hastings | Hastings | Hastings | Hastings | Hastings | Hastings | Hastings | Χέιστινγκς | Hastings | Hastings | Hastings | Hastings | Hastings | Hastings | હેસ્ટિંગ્સ | Hastings | Hastings | ಹೇಸ್ಟಿಂಗ್ಸ್ | 헤이스팅스 | Heistingsas | Heistingsa | Хејстингс | Hastings | Hastings | Hastings | Hastings | Hastings | Хејстингс | Hastings | 黑斯廷斯 | Гастингс | Hastings | Hastings | Hastings | Hastings | Гастінгс | Hastings | Гастынгс | Hastings | Hastings | Hastings | הייסטינגס | Hastings | Hastings | ヘイスティングス | Hastings | Hastings | Hastings | Hastings | Hastings | Hastings | Hastings | Hastings | Hastings | Hastings | Hastings | 黑斯廷斯 | 黑斯廷斯 | Гастынгс | هیستینگز | 希斯汀 | Хейстингс | هيستينغز | هيستينجز | Hastinqs | هیستینقز | নহেস্টিং | Հասթինգս | ჰასტინგსი | Hastinga | Hastings, Sussex Tlāpcopa | Hastings (Eng-lân) | Hastings, Sussex | ஹேஸ்டிங்ஸ் | హస్టింగ్స్ | Һейстиңс | ہیسٹینگز | 海斯廷斯 | 黑斯廷斯 | 希士庭"
Q57727,Hans-Jürgen Stumpff,1889,1968,Kołobrzeg | كووبجك | كووبجك | Kołobrzeg | Kolobjeq | کووبژک | Калабжэг | Колобжег | Kołobrzeg | Колобжег | Kołobrzeg | Kolobřeh | Kòlbrzég | Kołobrzeg | Kołobrzeg | Kołobrzeg | Κοουόμπζεγκ | Kołobrzeg | Kołobrzeg | Kołobrzeg | Kołobrzeg | Kołobrzeg | Kołobrzeg | Kołobrzeg | کووبژک | Kołobrzeg | Kołobrzeg | Kołobrzeg | Kołobrzeg | קולברג | Kołobrzeg | Kołobrzeg | Կոլոբժեգ | Kołobrzeg | Kołobrzeg | Kołobrzeg | コウォブジェク | Kołobrzeg | 코워브제크 | Kolobžegas | Kolobžega | Колобжэг | Kołobrzeg | Колобжег | Kołobrzeg | Kołobrzeg | Kołobrzeg | Kolbarg | Kołobrzeg | Kołobrzeg | Kołobrzeg | Колобжег | Kołobrzeg | Kołobrzeg | Kołobrzeg | Колобжег | Kołobrzeg | Kołobrzeg | Kołobrzeg | Колобжег | Колобжег | Kolobžeg | Kołobrzeg | Kołobrzyg | Колобжег | Kolobƶeg | กอวอบแชก | ma tomo Kolope | Kołobrzeg | Колобжег | Колобжег | Kołobrzeg | Kołobrzeg | 科沃布热格 | 科沃布热格 | 科沃布热格 | 科沃布熱格 | 科沃布熱格 | 科沃布热格 | 科沃布熱格 | Kołobrzeg | Colberga
Q57225,Johann Christoph Friedrich Bach,1732,1795,Lipsia | Leipzig | Leipzig | ലീപ്സിഗ് | Leipzig | Leipzig | Lipcse | Лейпциг | Lipsko | Lipsko | Leipzig | Lipsk | Leipzig | Leipzig | Leypsiq | Лейпцыг | Ляйпцыг | Լայպցիգ | Лајпциг | Лейпциг | Leipzig | ላይፕጽግ | Leipzig | لايبزيغ | لايبتزج | Leipzig | لایپزیق | Лейпциг | Leipzig | Leipzig | Лайпциг | লাইপ্ৎসিশ | Leipzig | Leipzig | Leipzig | Лейпциг | Leipzig | لایپزیگ | Lipsia | Leyptsig | Leyptsig | Лейпциг | Leipzig | Leipzig | Leipzig | Leipzig | Leipzig | Lipsk | Λειψία | Leipzig | Leipzig | Leipzig | Leipzig | Leipzig | Leipzig | Leipzig | لایپزیگ | Leipzig | Leipzig | Leipzig | Leipzig | Leipzig | Leipzig | Leipzig | Leipzig | Leipzig | Leipzig | Leipzig | લેઇપઝિગ | Leipzig | Leipzig | Lipekika | לייפציג | लिपजिग | Leipzig | Lipsk | Լայփցիկ | Leipzig | Leipzig | Leipzig | Leipzig | Leipzig | ライプツィヒ | Leipzig | ლაიფციგი | Leipzig | Leipzig | Лейпциг | ಲೈಪ್ಜಿಗ್ | 라이프치히 | 라이프찌히 | Leipzig | Лейпциг | Lipsia | Leipzig | Leipzig | Leipzig | Leipzig | Leipzig | Lipsia | Leipcigas | Leipciga | 萊比錫 | Лэйпциг | Leipzig | Leipzig | Лайпциг | लाइपझिश | Leipzig | Leipzig | လိုက်ပဆစ်မြို့ | لایپتسیش | Leipzig | Leipzig | Lipsia | Leipzig | Leipzig | Leipzig | लेइपजिग | Leipzig | Leipzig | ߟߋߌߔߑߖ߭ߌߜ߭ | Leipzig | Leipzig | Лейпциг | ਲਾਈਪਸਿਸ਼ | Leipzig | Leipzig | Leipzig | Lipsia | لیپزش | Leipzig | Leipzig | Leipzig | Leipzig | Leipzig | Ліпско | Lipsia | Lipsia | Leipzig | ليپزگ | Leipzig | ලේයිප්සිග් | Leipzig | Lajpcigu | Лајпциг | Лајпциг | Leipzig | Leipzig | Leipzig | Lajpcik | லைப்சிக் | లేఇప్జిగ్ | Лейпзиг | ไลพ์ซิช | Leipzig | Leipzig | Лейпциг | Leipzig | Leipzig | Léypzig | لائپزش | Leipzig | Leipzig | Läipcig | Leipzig | Leipzig | Leipzig | Leipzig | Leipzig | Leipzig | 莱比锡 | ლაიფციგი | לייפציג | 萊比錫 | 莱比锡 | 莱比锡 | 莱比锡 | 萊比錫 | 萊比錫 | Leipzig
Q57604,Hildegard Knef,1925,2002,Ulm | ഉൽമ് | Ulm | אולם | Ulm | Ulm | ウルム | Ulm | أولم | Ulm | Ulm | 乌尔姆 | Ульм | Ульм | Ульм | 乌尔姆 | 乌尔姆 | 烏爾姆 | اولم | Ulm | Ulm | Ulm | Ulm | Ulm | Ulm | Ulm | Ulm | Ulm | Ulm | Ульм | Ulm | Улм | Ulm | Ulm | Ulm | Ulm | Ulm | Ulm | Ulm | Ulm | Ulm | Ulm | Ulm | Ulm | Ulm | Ulm | Ulm | Ulm | Ulm | Ulm | Ulm | Ulm | Ulm | Ulm | Ulm | Ulm | Ulm | Ulm | Ulm | Ulm | Ulm | Ulm | Ulm | Ulm | Ulm | Ulm | Ulm | Ulm | Ulm | Ulm | Ulm | Ulm | Ulm | Ulm | Ουλμ | Ulm | Ulm | Ulm | Ulm | Ulm | Ulm | Ulm | Ulm | Ulm | Ulm | Ulm | Ulm | Ulm | Ulm | Ulm | Ulm | Ulm | Ulm | Ulm | Ulm | Ulm | اولم | ऊल्म | اولم | Ульм | Ульм | Улм | উল্ম | Ulm (kapital sa distrito) | ئولم | Ульм | Ulma | ઉલ્મ | ऊल्म | Ուլմ | ულმი | Ульм | ಉಲ್ಮ್ | 울름 | Ульм | Ulma | Ulma | اولم | Ulmas | Ulma | Ульм | Улм | उल्म | Ульм | الم | Ulm | Ульм | උයිම් | Ульм | Ulm | Ulm | Ulm | உல்ம் | ఉల్మ్ | Улм | อุล์ม | اولم | 乌尔姆 | אולם | 烏姆
Q58306,Assunção dos Anjos,1946,2022,Luanda | ലുവാൻഡ | 罗安达 | Luanda | Luanda | Luanda | Луанда | Luanda | Luanda | Luanda | Luanda | Luanda | Luanda | Луанда | Луанда | ꯂꯨꯑꯥꯟꯗꯥ | लुआंडा | Луанда | Luanda | Luanda | Luanda | လုအန်ဒါမြို့ | لوآندا | Luanda | Luanda | Luanda | Luanda | ߟߎߥߊ߲ߘߊ߫ | Luanda | Luanda | Luanda | Luwaandaa | Луандæ | ਲੁਆਂਦਾ | Luanda | Luanda | Luanda | لونڈا | لوآندا | Luanda | Luanda | Luanda | Luanda | Луанда | ᱞᱩᱣᱟᱱᱰᱟ | Luanda | Luanda | لوانڊا | Luanda | Luanda | ලුවන්ඩා | Луанда | Luanda | Luanda | Luanda | Luanda | Luanda | Luanda | Luanda | Luanda | Luanda | Luanda | Луанда | Luanda | லுவாண்டா | లువాండా | Luanda | Луанда | Луанда | ลูอันดา | Luanda | Luanda | Luanda | Luanda | Luanda | Луанда | لۇئاندا | لواندا | Luanda | Luanda | Luand | Luanda | Luanda | 罗安达 | ლუანდა | לואנדע | Luanda | Luanda | 罗安达 | 罗安达 | 魯安達 | 羅安達 | 羅安達 | 罗安达 | 罗安达 | 魯安達 | i-Luanda | Luanda | Luanda | ルアンダ | Луанда | Luanda | ლუანდა | Луанда | Луанда | Luanda | Luanda | Luanda | Λουάντα | Luanda | Luanda | Luanda | Luanda | Луанда | Luanda | Луанда | Luanda | Luanda | Lwanda | Луанда | Luanda | ሏንዳ | Luanda | لواندا | لواندا | لواندا | Luanda | Luanda | Luanda | لوآندا | Луанда | Luanda | Luanda | লুয়ান্ডা | ལའུན་ཌ། | Luanda | Luanda | Луанда | لواندا | Luanda | Luanda | Luanda | Luanda | Luanda | Luanda | Luando | Luanda | Luanda | Luanda | لوآندا | Luanda | Luanda | Luanda | Luanda | Luanda | Luanda | Luanda | Luanda | લુઆન્ડા | Luanda | Luanda | לואנדה | लुआण्डा | Luanda | Luanda | Luanda | Louanda | Luanda | Լուանդա | Luanda | Luanda | Luanda | Luanda | Luanda | Lúanda | Luanda | Luanda | Luwandaa | Луанда | Луанда | ಲುವಾಂಡ | 루안다 | Luanda | Luanda | Луанда | Luanda | Luanda | Luanda | Luanda | Lwanda | Luanda | Luanda | Luanda | Луанда | Luanda | Луанда | Luanda
Q57592,Magnus Hirschfeld,1868,1935,Kołobrzeg | كووبجك | كووبجك | Kołobrzeg | Kolobjeq | کووبژک | Калабжэг | Колобжег | Kołobrzeg | Колобжег | Kołobrzeg | Kolobřeh | Kòlbrzég | Kołobrzeg | Kołobrzeg | Kołobrzeg | Κοουόμπζεγκ | Kołobrzeg | Kołobrzeg | Kołobrzeg | Kołobrzeg | Kołobrzeg | Kołobrzeg | Kołobrzeg | کووبژک | Kołobrzeg | Kołobrzeg | Kołobrzeg | Kołobrzeg | קולברג | Kołobrzeg | Kołobrzeg | Կոլոբժեգ | Kołobrzeg | Kołobrzeg | Kołobrzeg | コウォブジェク | Kołobrzeg | 코워브제크 | Kolobžegas | Kolobžega | Колобжэг | Kołobrzeg | Колобжег | Kołobrzeg | Kołobrzeg | Kołobrzeg | Kolbarg | Kołobrzeg | Kołobrzeg | Kołobrzeg | Колобжег | Kołobrzeg | Kołobrzeg | Kołobrzeg | Колобжег | Kołobrzeg | Kołobrzeg | Kołobrzeg | Колобжег | Колобжег | Kolobžeg | Kołobrzeg | Kołobrzyg | Колобжег | Kolobƶeg | กอวอบแชก | ma tomo Kolope | Kołobrzeg | Колобжег | Колобжег | Kołobrzeg | Kołobrzeg | 科沃布热格 | 科沃布热格 | 科沃布热格 | 科沃布熱格 | 科沃布熱格 | 科沃布热格 | 科沃布熱格 | Kołobrzeg | Colberga
Q45970,Czesław Miłosz,1911,2004,Šiauliai | Šiauliai | شاولیای | Šiauliai | Šiauliai | Šiauliai | Šiauliai | Šiauliai | Šiauliai | સાયોલિયાઈ | שיאוליאי | सिऑलइऐ | Šiauliai | Šiauliai | Šiauliai | Շյաուլյայ | Šiauliai | Šiauliai | Šiauliai | Šiauliai | Šiauliai | シャウレイ | შიაულიაი | Šiauliai | ಸಿಆಲಇಐ | 샤울랴이 | Šiauliai | urbs Siauliensis | Šiauliai | Šauli | Šauļi | Шяуляй | Шяуляй | Šiauliai | Шјауљај | Шяуляй | Шяуляй | सायोलियायी | Siauliai | Šiauliai | Šiauliai | Šiauliai | Šiauliai | Šiauliai | Šiauliai | Шяуляй | Szawle | Šiauliai | شیاؤلیائی | Šiauliai | Šiauliai | Шяуляй | Šiauliai | Šiaulē | Šiauliai | සියඋලයි | Šiauliai | Šiauliai | Шјауљај | Шјауљај | Šjauljaj | Šiauliai | Šiauliai | சியோலியாய் | సియాలయియే | เช็วเลย์ | Siauliai | Шәүләй | Шяуляй | شئولئی | Shyaulyay | Šiauliai | Šäuläi | Šiauliai | Šiauliai | Šiauliai | 希奥利艾 | შიაულიაი | שאָװל | 斯奧利艾 | 希奥利艾 | 希奥利艾 | 希奥利艾 | 希奧利艾 | 希奧利艾 | 希奥利艾 | 希奧利艾 | Шацяней | Šeteniai | Szetejnie | Šeteniai | Šeteniai | Σέτενιαϊ | Šeteniai | Šeteniai | Šeteniai | Šeteniai | Šeteniai | Šeteniai | Շետենիայի | Šeteniai | 셰테냐이 | Šeteniai | Šeteniai | Šeteniai | Šeteniai | Szetejnie | Шетеняй | Šetenē | Šeteniai | Šeteniai | Шетенәй | Шетенйе | 舍特尼艾 | Šiauliai | Šiauliai | Šiauliai | Šiauliai | شياولياي | شياولياى | Šiauliai | Šiauliai | Shawllay | Şyaulyay | Шаўлі | Шаўлі | Шяуляй | সোলে | Šiauliai | Šiauliai | Шяуляй | Šiauliai (kapital sa lalawigan) | Šiauliai | Šiauliai | Шавєль | Šiauliai | Šiauliai | Šiauliai | Šiauliai | Σιαουλιάι | Ŝjaulaj | Šiauliai
Q45997,Paul Johnson,1928,2023,Manchester | Manchester | Manchester | മാഞ്ചസ്റ്റർ | Manchester | مانشستر | مانشستر | Manchester | Манчестер | Manchester | Manchester | Manchester | منچستر | Manchester | Manchester | Manchester | Manchester | Manchester | Manchester | Manchester | Manchester | Manchester | Манчестер | Манчестер | Manchester | Манчестер | مانچسٹر | Manchester | 曼彻斯特 | 曼彻斯特 | 曼彻斯特 | 曼徹斯特 | Manĉestro | منچستر | マンチェスター | Manchester | Manchester | Манчестър | Manchester | Manchester | ማንችስተር | Manchester | Mameceaster | Mançester | منچستر | Манчестер | Manchester | Манчэстэр | Манчэстэр | ম্যানচেস্টার | Manchester | Manchester | مەنچستر | Manceinion | Manchester | Μάντσεστερ | Manchester | Mánchester | Manchester | Manchester | Manchester | Manchester | Manchain | Manchester | Manchester | માન્ચેસ્ટર | Manchuin | Manchester | Manchester | מנצ'סטר | मैन्चेस्टर | Manchester | Մանչեսթեր | Manchester (Anglaterra) | Manchester | Manchester | მანჩესტერი | Манчестер | មែនឈេសទ័រ | ಮ್ಯಾಂಚೆಸ್ಟರ್ | Manchester | 맨체스터 | مانچِسٹَر | Manchester | Manchester | Манчестер | Mancunium | Manchester | Mančesteris | Mančestra | म्यानचेस्टर | Манчэстэр | Manchester | Манчестер | Манчестер | ꯃꯥꯟꯆꯦꯁ꯭ꯇꯔ | मँचेस्टर | Manchester | منچيستر | Manchester | မန်ချက်စတာမြို့ | Manchester | Mesjester | म्यानचेस्टर | Manchester | Manchêtre | Manchester | Манчестер | ਮਾਨਚੈਸਟਰ | Manchester | مانچسٹر | Manchester | මැන්චෙස්ටර් | Mançester | Манчестер | Manchester | Manchester | மான்செஸ்டர் | మాంచెస్టర్ | Манчестер | แมนเชสเตอร์ | Manchester | Mançester | Mançester | Манчестер | Manchester | Manchéstér | Mančester | 曼彻斯特 | მანჩესთერი | מאנטשעסטער | 曼徹斯特 | Manchester | 曼徹斯特 | 曼徹斯特
Q46248,Terry Pratchett,1948,2015,Beaconsfield | Beaconsfield | Beaconsfield | بيكونسفيلد | Beaconsfield | Beaconsfield | Beaconsfield | Beaconsfield | Beaconsfield | Beaconsfield | ביקונספילד | Beaconsfield | ビーコンズフィールド | Beaconsfield | Beaconsfield | Beaconsfield | Beaconsfield | 比肯斯菲尔德 | Beaconsfield | Beaconsfield | Beaconsfield | Beaconsfield | Beaconsfield | Біконсфілд | Beaconsfield | بيكونسفيلد | Beaconsfield | بیکنزفیلد | Бікансфілд | Бікансфілд | Бекънсфийлд | বেকনসফিল্ড | Beaconsfield | Μπίκονσφιλντ | بکونزفیلد | બીકોન્સફિલ્ડ | Բիկոնսֆիլդ | Beaconsfield | ಬೀಕನ್ಸ್ಫೀಲ್ಡ್ | 비콘스필드 | Beaconsfield | Bikonsfildas | Биконсфилд | Beaconsfield (Buckinghamshire) | Beaconsfield | Beaconsfield | Беконсфилд | Beaconsfield | பீகான்ஸபிஎல்ட் | బికాన్స్ ఫీల్డ్ | بیاکونسفیلڈ | 比肯斯菲尔特 | 比肯斯菲爾特 | Beaconsfield | Beaconsfield
Q46132,Alvin Lee,1944,2013,Nottingham | Nottingham | Nottingham | Nottingham | Nottingham | Nottingham | Nottingham | Nottingham | Nottingham | Nottingham | Nottingham | Nottingham | Nottingham | Nottingham | Nottingham | Nottingham | Nottingham | Nottingham | Nottingham | Nottingham | Nottingham | 诺丁汉 | 諾丁漢 | ኖቲንግሃም | Snotingahām | نوتنجهام | Nottinqem | ناتینقهام | Нотингам | নটিংহ্যাম | Nottingham (kapital sa kondado) | نۆتینگھام | Νότιγχαμ | નોટિંગહામ | נוטינגהאם | नॉटिंघम | ნოტინგემი | Nottingem | ನಾಟಿಂಗ್ಹ್ಯಾಮ್ | 노팅엄 | Nottinghamia | Nottingham | Notingemas | Notingema | Ноттингэм | Нотингем | Ноттингем | ꯅꯣꯠꯇꯤꯡꯘꯝ | नॉटिंगहॅम | ناتینگهام | नटिङ्घम | Ноттингем | ਨੌਟਿੰਘਮ | نوٹنگہم | ناٽنگھم | නොටිංහැම් | Нотингем | நோட்டிங்காம் | నాటింగ్హామ్ | Ноттингҳам | นอตทิงแฮม | Ноттиңем | Nottiñäm | Nottingxam | ناٹنگھم | Nottingem | 诺丁汉 | נאטינגהאם | 諾定咸 | 诺丁汉 | 诺丁汉 | 諾定咸 | നോട്ടിങ്ഹാം | Nottingham | Nottingham | Ноттингем | Nottingham | Nottingham | ناتینگهام | Nottingham | نوتنغهام | Нотынгем | Нотынггэм | Նոթինգհեմ | Nottingham | Ноттінгем | Nottingham | Nottingham | Nottingham | Nottingham | Nottingham | Nottingham | Nottingham | Nottingham | Nottingham | Nottingham | Nottingham | Nottingham | Nottingham | 諾丁漢 | ノッティンガム | Nottingham | Nottingham | Nottingham | Nottingham | Nottingham | Nottingham | Nottingham | Nottingham | Nottingham | Nottingham | Nottingham | Nottingham | Nottingham | Nottingham | Nottingham | Nottingham | Nottingham | Nottingham | Nottingham | Nottingham | Nottingham | Nottingham | Nottingham | Nottingham | Nottingham | Nottingham | Nottingham | Nottingham | Nottingham | Nottingham | Nottingham | Nottingham | Nottingham | Nottingham | Nottingham | Nottingham
Q61300,Carl Gegenbaur,1826,1903,Вюрцбург | ورزبرگ | Wurtzburgo | Wurtzburgo | Вӯрцбурґ | වර්ස්බර්ග් | Вирцбург | வர்ஸ்பர்க் | ఉర్జ్బర్గ్ | เวือทซ์บวร์ค | Вүрцбург | وزبرگ | 维尔茨堡 | 烏茲堡 | 维尔茨堡 | 维尔茨堡 | 维尔茨堡 | 符茲堡 | 維爾茨堡 | 維爾茨堡 | 维尔茨堡 | 维尔茨堡 | 符茲堡 | Würzburg | Würzburg | Вюрцбург | Würzburg | Würzburg | Würzburg | Wurzburgo | Würzburg | Würzburg | Վյուրցբուրգ | Würzburg | Вюрцбург | Würzburg | Вирцбург | Würzburg | Würzburg | Würzburg | Вюрцбург | Würzburg | Вюрцбург | Würzburg | Würzburg | Würzburg | Würzburg | Würzburg | Würzburg | Würzburg | Würzburg | Würzburg | Würzburg | Würzburg | Würzburg | Würzburg | Würzburg | Würzburg | Würzburg | Würzburg | Würzburg | Würzburg | Würzburg | Würzburg | Würzburg | Würzburg | Würzburg | Würzburg | Würzburg | Würzburg | Würzburg | Würzburg | Würzburg | Würzburg | Würzburg | Würzburg | Würzburg | Würzburg | Würzburg | Würzburg | Würzburg | Würzburg | Würzburg | Würzburg | Würzburg | Würzburg | Würzburg | Würzburg | Würzburg | Würzburg | Würzburg | Würzburg | Wurtzbourg | Würzburg (kapital sa distrito nga gobyerno) | וירצבורג | فورتسبورغ | فورتسبورج | Wurzburgu | Vürtsburq | وورتسبورق | Wiazburg | Вюрцбург | Вюрцбург | উর্জবুর্গ | Вуьрцбург | ورزبورگ | Вюрцбург | Βύρτσμπουργκ | Vircburgo | وورتسبورگ | Würzbörj | વુર્ઝબર્ગ | वुर्जबर्ग | ヴュルツブルク | ვიურცბურგი | ವುರ್ಜ್ ಬರ್ಗ್ | 뷔르츠부르크 | Wûrzburg | Вюрцбург | Herbipolis | Würzburg | Viurcburgas | Vircburga | व्युर्झबुर्ग | Wurzburg | Wurzburg | Würzborg
Q55807,William Baffin,1584,1622,Londen | 倫敦 | Lonn | Lunnainn | Londye | ಲಂಡನ್ | 𐌻𐌰𐌿𐌽𐌳𐌰𐌿𐌽 | London | લંડન | Lunnin | Landan | Lùn-tûn | Lākana | लंदन | London | Лондон | Landan | london | Лондон | Lɔndrɩ | London | London | Лондон | ទីក្រុងឡុង | ಲಂಡನ್ | Лондон | Лондон | لَندَن | Лондон | Loundres | Londra | Лондон | Лондон | Lundra | Londoni | ລອນດອນ | لندن | लन्दन | लण्डन | Лондон | Лондон | Rānana | Лондон | Лондон | लंडन | Лондон | Londra | လန်ဒန်မြို့ | Лондон ош | Lûn-tun | 倫敦 | Londen | लण्डन | लण्डन | ߟߐ߲ߘߐ߲߬ | Tooh Dineʼé Bikin Haalʼá | Landan | ଲଣ୍ଡନ | Лондон | ਲੰਦਨ | لندن | Λονδίνο | لندن | lundun | Lunrun | Лондон | Londra | लन्डन् | Лондон | ᱞᱚᱱᱰᱚᱱ | لنڊن | Londons | Lunḍun | လၼ်ႇတၼ်ႇ | ලන්ඩන් | لندن | Lonetona | Lontoo | Londër | Лондон | ꠟꠘ꠆ꠒꠘ ꠘꠉꠞ | Lůndůn | Lon-tun | இலண்டன் | లండన్ | Лондон | Лондон | Lonitoni | ma tomo Lantan | Landen | Лондон | Лондон | Łondra | Londn | Londar | 伦敦 | ლონდონი | לאנדאן | Lọndọnu | Lunzdunh | Londra | Londrez | לונדון | Londres | Londýn | Londýn | London | London | ലണ്ടൻ | London | ロンドン | Londres | London | London | لندن | Londyn | لندن | لندن | লন্ডন | Лондон | London | London | London | لندن | London | London | Londonas | London | London | London | Лондон | London | Лондон | لندن | London | London | Londen | 倫敦 | Londres | Londres | Лондан | Londinium | 伦敦 | 倫敦 | London | London | London | London | London | London | Лёндан | London | London | London | London | London | London | London | London | London | London | London | London | London | London | London | London | London | London | London | London | London | London | London | London | London | London | London | ლონდონი | London | London | London | London | London | London | London | London | London | London | London | London | London | London | London | London | London | London | London | London | London | Londen | ⵍⵓⵏⴷⵓⵏ | 倫敦 | 伦敦 | 伦敦 | ILondon | London | London | London | London | London | London | London | London | London | London | London | London | London | London | London | 倫敦 | Londres | 런던 | Londona | Londra | Londe | Londres | Londono | Londain | Londres | Լոնտոն | Londres | ลอนดอน | 倫敦 | Лондон | Лондон | Лондон | 倫敦 | 伦敦 | 倫敦 | Londe | Londe | Лондон | Лондон | لندن | Лондон | Londres | Londres | Londres | Lunnon | Lonn | Londre | Londre | Londra | Londra | Londra | Londra | Londra | Londra | Londra | Londra | Լոնդոն | Luân Đôn | Londres | Londres | Londres | Londres | Londres | Londres | لندن | Llundain | لندن | Лондон | Лондон | Londen | ለንደን | London | Lunden | लंदन | ܠܘܢܕܘܢ | لونضون | লণ্ডন | Лондон | लण्डन | Лондон | Londen | लंदन | ལོན་ཊོན། | Landan | Лондон | Lùng-dŭng | ᎫᎴ ᏗᏍᎪᏂᎯᏱ | لەندەن | London | Лондонъ | London | Londra | लण्डन | ލަންޑަން | Λονδίνο | Lòndra | London | Londri | Lontoo | Lodoni
Q55761,Irena Kwiatkowska,1912,2011,Varsovia | Варшава | Warszawa | Varsovia | Varşava | ورشو | Варшава | Warsawa | Warsaw | Warso | Warsaw | Warszawa | ওয়ারশ | ཝར་སོ། | Varsovia | Varšava | Варшава | Varsòvia | Warszawa | Huà-să | Warszawa | Warszawa | وارشۆ | Varsavia | Varşava | Varşava | Warszawa | Варшава | Варшава | Warszawa | Warszawa | Warşowa | Waršawa | Warsaw | Βαρσοβία | Varsàvia | Varsovio | Varssavi | Varsovia | Varsóvia | Warsaw | Varsova | Warszawa | Warszawa | Varsovie | Warschau | Varsavie | Warsjau | Vársá | Varşava | Varsovia | Varsavia | Warszawa | Varsovie | Warschau | Varšava | Varšava | Warsaw | വാഴ്സ | ורשה | ワルシャワ | Warschau | ਵਾਰਸਾ | Варшава | 华沙 | Varsó | Վարշավա | وارسو | Warsaw | Варшава | وارسا | Варшава | Варшава | وارسو | Warsaw | Warsaw | Warsaw | ورشو | Варшава | Варшава | Warschau | Warschau | Warschau | Warschau | Warschau | Warschau | Warschau | Warschau | Варшава | Warsawa | Варшавэ | Warskou | ዋርሶው | Varsovia | Warsaw | ܘܐܪܣܘ | وارسو | Warsaw | Varsovia | Varsóvia | Warsaw | વૉરસો | Warszawa | Warszawa | Fà-sâ | वारसॉ | Warsaw | Varšava | Waršawa | Vasovi | Վարշաւա | Varsovia | Warsawa | Warszawa | Warszawa | Warsaw | Warszawa | Varsjá | Warsaa | Warsawa | ვარშავა | Varshava | Waṛsu | Варшавэ | Farsoovii | Warszawa | Варшава | Варшава | Warszawa | ವಾರ್ಸಾ | 바르샤바 | 와르샤와 | Варшава | Warşova | Варшава | Warszawa | Варшава | Varsovia | Varsovia | Warszawa | Warszawa | Varsavvia | Varsavia | Warsaw | ورشو | Varšuva | Varšova | Varšava | 華沙 | वारसॉ | Варшава | Varsôvia | Варшаве | Pakangakite | Warsawa | Варшава | Варшав | Варшовия | वर्झावा | Варшава | Warsaw | Varsavja | Warszawa | ဝါဆောမြို့ | Варшава ош | ورشو | Warsaw | Varsovia | Warszawa | Varsavia | Warszawa | वार्सा | वार्सः | Warszawa | Varsava | Varsovie | Warszawa | Tóigohí | Warsaw | Varsòvia | Varšavu | Warszawa | ୱାରସ | Варшавæ | Barsobya | Varsovia | Varsovie | Woarschau | Worsaaw | Varsavia | وارسا | وارسا | Varsóvia | Varsóvia | Warszawa | Varsovia | Warsaw | Warszawa | Varșovia | Варшава | Varshava | Warszawa | वार्सा | Варшава | ᱣᱟᱨᱥᱳ | Varsavia | Varsavia | وارسا | Warszawa | Warsaw | Varšova | Varšava | වර්සව් | Varšava | Varsova | Warsaw | Varshava | Варшава | Варшава | Warsaw | Warschau | Warsawa | Warszawa | Warshawa | ꠅꠣꠞꠍꠅ ꠘꠉꠞ | Warszawa | Huwasa 華沙 | வார்சா | వార్సా | Varsóvia | Варшава | Варшава | วอร์ซอ | ዋርሳው | Warşawa | Warsaw | Varšava | Warsaw | ma tomo Wasawa | Woso | Varşova | Варшава | Warszawa | Warszawa | Patava | Варшава | Warshawa | Varshava | Warszawa | Varsavia | Varšav | Warszawa | Warszawa | Varssavi | Warsovya | Warsaw | 瓦萨瓦 | Warszawa | ვარშავა | ווארשע | Warsaw | 華沙 | Warschau | 华沙 | 华沙 | 華沙 | 華沙 | 華沙 | 华沙 | 华沙 | 華沙 | IWarshawa | وارسو | varcavas
Q55789,Jan Twardowski,1915,2006,Varsovia | Варшава | Warszawa | Varsovia | Varşava | ورشو | Варшава | Warsawa | Warsaw | Warso | Warsaw | Warszawa | ওয়ারশ | ཝར་སོ། | Varsovia | Varšava | Варшава | Varsòvia | Warszawa | Huà-să | Warszawa | Warszawa | وارشۆ | Varsavia | Varşava | Varşava | Warszawa | Варшава | Варшава | Warszawa | Warszawa | Warşowa | Waršawa | Warsaw | Βαρσοβία | Varsàvia | Varsovio | Varssavi | Varsovia | Varsóvia | Warsaw | Varsova | Warszawa | Warszawa | Varsovie | Warschau | Varsavie | Warsjau | Vársá | Varşava | Varsovia | Varsavia | Warszawa | Varsovie | Warschau | Varšava | Varšava | Warsaw | വാഴ്സ | ורשה | ワルシャワ | Warschau | ਵਾਰਸਾ | Варшава | 华沙 | Varsó | Վարշավա | وارسو | Warsaw | Варшава | وارسا | Варшава | Варшава | وارسو | Warsaw | Warsaw | Warsaw | ورشو | Варшава | Варшава | Warschau | Warschau | Warschau | Warschau | Warschau | Warschau | Warschau | Warschau | Варшава | Warsawa | Варшавэ | Warskou | ዋርሶው | Varsovia | Warsaw | ܘܐܪܣܘ | وارسو | Warsaw | Varsovia | Varsóvia | Warsaw | વૉરસો | Warszawa | Warszawa | Fà-sâ | वारसॉ | Warsaw | Varšava | Waršawa | Vasovi | Վարշաւա | Varsovia | Warsawa | Warszawa | Warszawa | Warsaw | Warszawa | Varsjá | Warsaa | Warsawa | ვარშავა | Varshava | Waṛsu | Варшавэ | Farsoovii | Warszawa | Варшава | Варшава | Warszawa | ವಾರ್ಸಾ | 바르샤바 | 와르샤와 | Варшава | Warşova | Варшава | Warszawa | Варшава | Varsovia | Varsovia | Warszawa | Warszawa | Varsavvia | Varsavia | Warsaw | ورشو | Varšuva | Varšova | Varšava | 華沙 | वारसॉ | Варшава | Varsôvia | Варшаве | Pakangakite | Warsawa | Варшава | Варшав | Варшовия | वर्झावा | Варшава | Warsaw | Varsavja | Warszawa | ဝါဆောမြို့ | Варшава ош | ورشو | Warsaw | Varsovia | Warszawa | Varsavia | Warszawa | वार्सा | वार्सः | Warszawa | Varsava | Varsovie | Warszawa | Tóigohí | Warsaw | Varsòvia | Varšavu | Warszawa | ୱାରସ | Варшавæ | Barsobya | Varsovia | Varsovie | Woarschau | Worsaaw | Varsavia | وارسا | وارسا | Varsóvia | Varsóvia | Warszawa | Varsovia | Warsaw | Warszawa | Varșovia | Варшава | Varshava | Warszawa | वार्सा | Варшава | ᱣᱟᱨᱥᱳ | Varsavia | Varsavia | وارسا | Warszawa | Warsaw | Varšova | Varšava | වර්සව් | Varšava | Varsova | Warsaw | Varshava | Варшава | Варшава | Warsaw | Warschau | Warsawa | Warszawa | Warshawa | ꠅꠣꠞꠍꠅ ꠘꠉꠞ | Warszawa | Huwasa 華沙 | வார்சா | వార్సా | Varsóvia | Варшава | Варшава | วอร์ซอ | ዋርሳው | Warşawa | Warsaw | Varšava | Warsaw | ma tomo Wasawa | Woso | Varşova | Варшава | Warszawa | Warszawa | Patava | Варшава | Warshawa | Varshava | Warszawa | Varsavia | Varšav | Warszawa | Warszawa | Varssavi | Warsovya | Warsaw | 瓦萨瓦 | Warszawa | ვარშავა | ווארשע | Warsaw | 華沙 | Warschau | 华沙 | 华沙 | 華沙 | 華沙 | 華沙 | 华沙 | 华沙 | 華沙 | IWarshawa | وارسو | varcavas
Q55797,Mariele Ventre,1939,1995,Bologna | Bononia | Bologna | בולוניה | Bolonha | Bologne | Bologna | Bolonha | ボローニャ | Bologna | Bologna | Bologna | Bologna | Bologna | Bologna | Bologna | Bologna | Bologna | Bologna | Bologna | Bologna | Μπολόνια | Bologna | Bologna | Bologna | Bologna | Bologna | Bologna | Bologna | Bologna | Bologna | Bologna | Bologna | Bologna | Bologna | Bologna | Bologna | Bologna | Bologna | Bologna | Bologna | Bologna | Bologna | Bologna | Bologna | Bologna | Bologna | Bologna | Bologna | Bologna | Bologna | Bologna | Bologna | Bologna | Болонья | Bologna | Bologna | Bologna | Bologna | Bologna | Bologna | Bologna | Bologna | Bologna | Bologna | Bologna | Bologna | Bologna | Bologna | Bologna | Bologna | Bologna | Bologna | Bologna | Bologna | Bologna | Балоння | Балёньня | Болоня | Bolonia | Болоња | Болонья | Болоња | Bolonija | Boloņa | โบโลญญา | Болонья | ቦሎኛ | Bolonia | بولونيا | بولونيا | Boloña | Boloniya | بولونیا | বোলোনিয়া | Bolonya | Болонья | Bolonia | بۆلۆنیا | Bulogna | Болонья | Bolonya | Bulåggna | Bolonjo | Bolonia | Boloña | بولونیا | Bologne | Boloña | Mbolóña | બોલોગ્ના | बोलोना | Բոլոնիա | Պոլոնիա | Bolonia | ბოლონია | Болонья | Болонья | ಬೊಲೋನಾ | 볼로냐 | Bolonya | Болонья | Болонья шаары | Bologna | Poronga | बोलोन्या | Bolonja | ဘိုလိုညာ | بولونیا | Bolonha | Болонья | Bolonne | Bolonia | Bològna | بولونا | Bologne | Болонья | बोलोन्या | Bulogna | බොලොග්නා | Bologna | Bologna | Bolonja | பொலோஞா | బోలోన్య | Болоня | Болоня | Болонья | بلونیا | Bolonya | Bułogna | 博洛尼亚 | ბოლონია | 博洛尼亞 | 博洛尼亞 | 博洛尼亚 | 博洛尼亚 | 波隆那 | 博洛尼亞 | 波隆那
Q50187,César Franck,1822,1890,Liegi | Leodium | Liège | Lüttich | Lüttich | Lüttich | Luik | Liège | Luik | Льеж | Льеж | Лиеж | লিয়েজ | Liège | Lutych | Льеж | Liège | Liège | Λιέγη | Liège | Liège | Lieĝo | Luik | લીજ | לייז' | लीज | Liège | Liège | Լիեժ | Liège | ಲೀಜ್ | 리에주 | Luuk | Ljēža | Лиеж | लीज | Liège | Liège | Liège | Liège | Льеж | Liège | Liège | லியேஜ் | Liège | Льєж | Liège | Luuk | Liège | Liège | Liège | Lieja | 列日 | Liège | Liège | لييج | Liège | Lidje | Lidje | Lidje | Lièja | Liegi | Léck | リエージュ | Lieja | Lēodic | لييج | Liexa | Lyej | Льеж | Liège | Liège | Льеж | Liège | Lieja | لیژ | Lüttich | Liexa | Լիեժ | Liège | Liège | Liège | ლიეჟი | Льеж | Lück (Stadt) | Льеж | Liegi | Lježas | Liège | Liège | Liège | လိဂျမြို့ | Liège | Liège | Льеж | Liège | لیج | Sùguru | Liège | Liège | Liège | ලේයිගේ | Liège | Liège | Liège | Liège | Лијеж | Liège | Liège | లీజ్ | ลีแยฌ | Льеж | لییجی | Lyej | Liege | L'jež | 列日 | ליעזש | 列日 | Luuk (gemeênte) | 列日 | 列日 | 列日 | 列日 | 列日 | 列日 | 列日 | 列日
Q50656,Zacharie Astruc,1833,1907,انجيه | آنژو | Анжэ | Анжэ | Анже | অঁজে | Añje | Anje | Анже | Angers | Ανζέ | آنژه | એન્જર્સ | אנז'ה | एन्जर्स | Անժե | ანჟე | ಅಂಗೆರ್ಸ್ | 앙제 | Andecavis | Angers | Anžė | Anžē | Анжэ | अँजी | Анже | آنژو | ߊ߲ߗ߭ߍߙߛ | Angieus | Анже | اینگرز | Ανζέ | ඇන්ගර්ස් | ஆஞ்சர்ஸ் | ఏంజర్స్ | อ็องเฌ | آنژہ | 昂热 | 晏耶 | 昂傑 | 昂熱 | 昂热 | 昂热 | Angers | Angers | Angers | Angers | Angers | Анже | Анже | 昂热 | 昂热 | 昂热 | 昂熱 | 昂熱 | Angers | Angers | アンジェ | Анже | Angers | Angers | Angers | Angers | Angers | Angers | Angers | Angers | Angers | Angers | Angers | Angers | Angers | Angers | Angers | Angers | Angers | Angers | Angers | Angers | Angers | Angers | Angers | Angers | Angers | Angers | Angers | Angers | Angers | Angers | Angers | Angers | Angers | Angers | Angers | Angers | Angers | Angers | Angers | Angers | Angers | Angers | Angers | Angers | Angers | Angers | Angers | Angers | Angers | Angers | Angers | Angers | Angers | Angers | Angers | Angers | Angers | Angers | Angers | Angers | Angers | Angers | Angers | Angers | Angers | Angers | Angers | Angers | Angers | Angers | Angers | Angers | Angers | Angers | Angers | Angers | Angers | Angers | Angers | Angers | Angers | Angers | Angers | Angers | Angers | Angers | Angers | Angers | Angers | Angers | Angers | Angers | Angers | Angers | Angers | Angers | Angers | Angers | Anje | Anje | Anje | Anje | Анже | Анже | Анже | አንዤ | أنجيه
Q55939,Harry Johnston,1919,1973,Manchester | Manchester | Manchester | മാഞ്ചസ്റ്റർ | Manchester | مانشستر | مانشستر | Manchester | Манчестер | Manchester | Manchester | Manchester | منچستر | Manchester | Manchester | Manchester | Manchester | Manchester | Manchester | Manchester | Manchester | Manchester | Манчестер | Манчестер | Manchester | Манчестер | مانچسٹر | Manchester | 曼彻斯特 | 曼彻斯特 | 曼彻斯特 | 曼徹斯特 | Manĉestro | منچستر | マンチェスター | Manchester | Manchester | Манчестър | Manchester | Manchester | ማንችስተር | Manchester | Mameceaster | Mançester | منچستر | Манчестер | Manchester | Манчэстэр | Манчэстэр | ম্যানচেস্টার | Manchester | Manchester | مەنچستر | Manceinion | Manchester | Μάντσεστερ | Manchester | Mánchester | Manchester | Manchester | Manchester | Manchester | Manchain | Manchester | Manchester | માન્ચેસ્ટર | Manchuin | Manchester | Manchester | מנצ'סטר | मैन्चेस्टर | Manchester | Մանչեսթեր | Manchester (Anglaterra) | Manchester | Manchester | მანჩესტერი | Манчестер | មែនឈេសទ័រ | ಮ್ಯಾಂಚೆಸ್ಟರ್ | Manchester | 맨체스터 | مانچِسٹَر | Manchester | Manchester | Манчестер | Mancunium | Manchester | Mančesteris | Mančestra | म्यानचेस्टर | Манчэстэр | Manchester | Манчестер | Манчестер | ꯃꯥꯟꯆꯦꯁ꯭ꯇꯔ | मँचेस्टर | Manchester | منچيستر | Manchester | မန်ချက်စတာမြို့ | Manchester | Mesjester | म्यानचेस्टर | Manchester | Manchêtre | Manchester | Манчестер | ਮਾਨਚੈਸਟਰ | Manchester | مانچسٹر | Manchester | මැන්චෙස්ටර් | Mançester | Манчестер | Manchester | Manchester | மான்செஸ்டர் | మాంచెస్టర్ | Манчестер | แมนเชสเตอร์ | Manchester | Mançester | Mançester | Манчестер | Manchester | Manchéstér | Mančester | 曼彻斯特 | მანჩესთერი | מאנטשעסטער | 曼徹斯特 | Manchester | 曼徹斯特 | 曼徹斯特
Q67034,Max Berg,1870,1947,Stettino | Szczecin | Stettin | Szczecin | Štětín | Szczecin | Szczecin | Szczecin | Szczecin | Szczecin | Szczecin | Szczecin | シュチェチン | 什切青 | Szczecin | Szczecin | Stettin | Stettin | Stettin | Stettin | Stettin | Stettin | Stettin | Stettin | Stettin | Stettin | Stettin | Szczecin | ሽጨቺን | شتشيتشين | شتتين | Szczecin | Szczecin | Şetsin | شچچین | Szczecin | Шчэцін | Шчэцін | Шчечин | স্টাজিন | Szczecin | Szczecin | Щецин | شچێچین | Şçetsin | Şçetsin | Szczecëno | Szczecin | Szczecin | Szczecin | Στσέτσιν | Szczecin | Szczecin | Szczecin | Szczecin | Szczecin | شچچین | Szczecin | Szczecin | શ્ટેચિન | Szczecin | Sṳ̍p-chhiet-chhiâng | שצ'צ'ין | श्टेटीन | Szczecin | Šćećin | Շչեցին | Szczecin | Szczecin | Szczecin | Szczecin | Szczecin | შჩეცინი | Щецин | Szczecin | ಸ್ಟೆಟ್ಟಿನ್ | 슈체친 | Stettinum | Szczecin | Stetin | Ščecinas | Ščecina | Щечин | Щецин | Szczecin | Шчеќин | Шчецин | Шчецин | श्टेचिन | Szczecin | Szczecin | Щецин ош | Szczecin | Szczecin | Szczecin | Szczecin | Szczecin | Estettin | Szczecin | Щецин | ششیچن | شچېچېن | Estetino | Estetino | Szczecin | Szczecin | Щецин | Щецин | Szczecin | Szczecin | Szczecin | Шчећин | සෙසින් | Štetín | Szczecin | Szczecin | Шчећин | Szczecin | Szczecin | Sztetin | ஸ்செசின் | స్జేచిన్ | Szczecin | Штеттин | ชแชตชิน | Szczecin | ma tomo Sesin | Szczecin | Щецин | Шӵечин | Shchétsin | Щецин | شٹیچین | Shchetsin | Stetin | Ščecin | Szczecin | Szczecin | Szczecin | 什切青 | შჩეცინი | שטעטין | 舒車前 | 什切青 | 什切青 | 什切青
Q67149,Karl Morgenstern,1770,1852,Magdeburgo | Magdeburg | മാഗ്ഡെബുർഗ് | Magdeburg | Магдебург | Dźěwin | Магдэбург | Magdeburk | دورتموند | Magdeburg | Magdeburg | Magdeburg | Магдебург | Магдебург | Магдебург | Մագդեբուրգ | Magdebuag | Магдебург | Magdeburg | Maagdenburg | ማክደቡርክ | Magdeburgo | Mihtiġburg | مغدبورغ | ماجدبورج | Magdeburgu | Maqdeburq | Магдебург | Magdeburg | Магдэбург | ম্যাগডেবার্গ | Magdeburg | Magdeburg | Магдебург | Landeshauptstadt Magdeburg | ماگدێبورگ | Магдебург | Magdeburg | Magdeburg | Magdeburg | Magdeburg | Μαγδεμβούργο | Magdeburgo | Magdeburgo | Magdeburg | Magdeburg | ماگدبورگ | Magdeburg | Magdeburg | Magdeburg | Magdebourg | Magdebörj | Magdeburg | Magdeburg | Magdeburgo | 𐌼𐌰𐌲𐌰𐌸𐍃𐌱𐌰𐌿𐍂𐌲𐍃 | મેગડેબર્ગ | Magdeburg | Magdeburg | Makekepuka | מגדבורג | मागदेबुर्ग | Magdeburg | Magdeburg | Magdeburg | Magdeburg | Magdeburg | Magdeburg | Magdeburg | マクデブルク | Kebon Raja Magdeburg | მაგდებურგი | Магдебург | ಮ್ಯಾಗ್ದೆಬರ್ಗ್ | 마그데부르크 | Magdeburg | Магдебург | Magdeburg | Магдебeрг | Magdeburgum | Magdeburg | Magdebürgu | Magdeburg | Magdeburgh | Magdeburgas | Magdeburga | Магдэбург | Magdeburg | Магдебург | माक्देबुर्ग | Magdeburg | Magdeburg | Magdeburg | Magdeburg | Magdeburg | Meideborg | मेगडेबर्ग | Magdeburg | Magdeburg | Magdeborg | Магдебург | Magdeborgh | مگڈیبرگ | Magdeburgo | Magdeburgo | Magdeburg | Magdeburg | Маґдебурґ | Magdeburg | Magdeburg | Magdeburg | මැඩබර්ග් | Magdeburg | Magdeburg | Magdeburgu | Магдебург | Magdeburg | Magdeburg | Magdeburg | Magdeburg | மாக்டெபர்க் | మగ్డెబర్గ్ | มัคเดอบวร์ค | Magdeburg | Magdeburg | Magdeburg | ماجدیبورج | Magdeburg | Magdeburgo | Magdeburg | Magdeburg | Magdeburg | Magdeburg | 马格德堡 | მაგდებურგი | מאגדעבורג | Magdeburg | 麥德堡 | Magdeburg | 马格德堡 | 马格德堡 | 马格德堡 | 馬格德堡 | 馬德堡 | 馬德堡 | 马格德堡 | 马格德堡 | 馬德堡
Q66904,Carl Gravenhorst,1777,1857,Brunswick | Braunschweig | Brunswick | Brunswick | Brunswick | Braunschweig | Braunschweig | Брауншвейг | Braunschweig | Braunschweig | Broenswiek | Braunschweig | براونشوایگ | Braunšveigas | Brunszwik | Brunswick | Brunswick | Brunsvicum | Brunswick | Brunsvigo | 不伦瑞克 | Brunswick | 不伦瑞克 | Brunswyk | Braunschweig | براونشفايغ | براونشفايج | Braunschweig | Braunşveyq | براونشوایق | Braunschweig | Браўншвайг | Браўншвайг | Брауншвайг | ব্রঞ্চউইগ | Brunsvic | Брауншвейг | Braunschweig (kapital sa distrito) | براونشڤایگ | Braunschweig | Braunschweig | Braunschweig | Braunschweig | Braunschweig | Μπράουνσβαϊγκ | Braunschweig | Brunswick | Braunschweig | Braunschweig | Braunschweig | Brunswyk | Braunschweig | Braunschweig | બ્રૌન્ચવેગ | Braunschweig | Braunschweig | בראונשווייג | ब्रंजविक | Braunschweig | Brunšwik | Braunschweig | Բրաունշվայգ | Braunschweig | Braunschweig | Braunschweig | Braunschweig | Brúnsvík | ブラウンシュヴァイク | Braunschweig | ბრაუნშვაიგი | Брауншвейг | ಬ್ರಾನ್ಜ್ವಿಕ್ | 브라운슈바이크 | Braunschweig | Брауншвейг | Braunschweig | Braunšveiga | Брауншвэйг | Braunschweig | Брауншвајг | Брауншвайг | ब्राउनश्वाइग | Braunschweig | Brunswick | Braunschweig | Bronswiek | Braunschweig | Brunswick | Брауншвейг | Brunsvique | Brunsvique | Braunschweig | Braunschweig | Braunschweig | බ්රෝන්ෂ්විග් | Braunschweig | Braunschweig | Braunshvajgi | Брауншвајг | Braunschweig | Braunschweig | Braunschweig | பிரான்ஷ்விக் | బ్రౌన్ స్వైగ్ | Брауншвейг | เบราน์ชไวค์ | Брауншвейг | Braunschweig | Braunshwéyg | Брауншвейг | برانشویگ | Braunschweig | Braunschweig | Braunschweig | Braunschweig | Braunschweig | 不伦瑞克 | ברוינשווייג | 布倫瑞克 | 不伦瑞克 | 不倫瑞克 | 賓士域 | 布倫瑞克
Q67124,Johann Anton Weinmann,1782,1858,Würzburg | Würzburg | Вюрцбург | Würzburg | Würzburg | Würzburg | Wurzburgo | Würzburg | Würzburg | Վյուրցբուրգ | Würzburg | Вюрцбург | Würzburg | Вирцбург | Würzburg | Würzburg | Würzburg | Вюрцбург | Würzburg | Вюрцбург | Würzburg | Würzburg | Würzburg | Würzburg | Würzburg | Würzburg | Würzburg | Würzburg | Würzburg | Würzburg | Würzburg | Würzburg | Würzburg | Würzburg | Würzburg | Würzburg | Würzburg | Würzburg | Würzburg | Würzburg | Würzburg | Würzburg | Würzburg | Würzburg | Würzburg | Würzburg | Würzburg | Würzburg | Würzburg | Würzburg | Würzburg | Würzburg | Würzburg | Würzburg | Würzburg | Würzburg | Würzburg | Würzburg | Würzburg | Würzburg | Würzburg | Würzburg | Würzburg | Würzburg | Würzburg | Würzburg | Würzburg | Würzburg | Würzburg | Wurtzbourg | Würzburg (kapital sa distrito nga gobyerno) | וירצבורג | فورتسبورغ | فورتسبورج | Wurzburgu | Vürtsburq | وورتسبورق | Wiazburg | Вюрцбург | Вюрцбург | উর্জবুর্গ | Вуьрцбург | ورزبورگ | Вюрцбург | Βύρτσμπουργκ | Vircburgo | وورتسبورگ | Würzbörj | વુર્ઝબર્ગ | वुर्जबर्ग | ヴュルツブルク | ვიურცბურგი | ವುರ್ಜ್ ಬರ್ಗ್ | 뷔르츠부르크 | Wûrzburg | Вюрцбург | Herbipolis | Würzburg | Viurcburgas | Vircburga | व्युर्झबुर्ग | Wurzburg | Wurzburg | Würzborg | Вюрцбург | ورزبرگ | Wurtzburgo | Wurtzburgo | Вӯрцбурґ | වර්ස්බර්ග් | Вирцбург | வர்ஸ்பர்க் | ఉర్జ్బర్గ్ | เวือทซ์บวร์ค | Вүрцбург | وزبرگ | 维尔茨堡 | 烏茲堡 | 维尔茨堡 | 维尔茨堡 | 维尔茨堡 | 符茲堡 | 維爾茨堡 | 維爾茨堡 | 维尔茨堡 | 维尔茨堡 | 符茲堡
Q66950,Rolf Dieter Brinkmann,1940,1975,Vechta | Vechta | Vechta | Vechta | Фехта | Vechta | فشتا | فشتا | Vechta | فشتا | Фехта | Фехта | Vechta | Фехта | Vechta | Vechta | Vechta | Vechta | Vechta | Vechta | Vechta | Vechta | Vechta | Vechta | فشتا | Vechta | Vechta | Vechta | Vechta | Vechta | Vechta | フェヒタ | Фехта | Vechta | Фехта | Vechta | Фэхта | Vechta | Vechta | Vechte | Vechta | Vechta | Vechta | Vechta | Vechta | Vechta | Vechta | Фехта | Vechta | Vechta | Фехта | Vechta | Фехта | Vechta | Vechta | Vechta | Vechta | 费希塔 | 費希塔
Q58651,Hugo Sperrle,1885,1953,"ลูทวิชส์บวร์ค | Ludwigsburg | Лүдвигсбург | Ludwigsburg | Людвігсбург | لڈوگسبرگ | Ludwigsburg | Ludwigsburg | Ludwigsburg | Ludwigsburg | Ludwigsburg | Ludwigsburg | Ludwigsburg | Ludwigsburg | 路德维希堡 | 路德维希堡 | 路德維希堡 | Ludwigsburg | Ludwigsburg | Ludwigsburg | Ludwigsburg | Ludwigsburg | Louisbourg | Людвигсбург | Ludwigsburg | Ludwigsburg | Ludwigsburg | Ludwigsburg | Ludwigsburg | Ludwigsburg | Ludwigsburg | لودفيغسبورغ | لودفيجسبورج | Ludwigsburg | Lüdviqsburq | لودویقزوبورق | Людвигсбург | Ludwigsburg | Ludwigsburg | Людвігсбург | Людвігсбург | Лудвигсбург | Ludwigsburg | Ludwigsburg | Луьдвигсбург | Ludwigsburg (kapital sa distrito) | لودڤیگسبۆرگ | Ludwigsburg | Ludwigsburg | Ludwigsburg | Ludwigsburg | Ludwigsburg | Λούντβιγκσμπουργκ | Ludwigsburg | Ludwigsburg | Ludwigsburg | Ludwigsburg | Ludwigsburg | Ludwigsburg | لودویگزوبورگ | Ludwigsburg | Ludwigsburg | Ludwigsburg | Ludwigsburg | Ludwigsburg | Ludwigsburg | Ludwigsburg | Ludisburg | לודוויגסבורג | Ludwigsburg | Լյուդվիգսբուրգ | Ludwigsburg | Ludwigsburg | Ludwigsburg | Ludwigsburg | Ludwigsburg | Ludwigsburg | ルートヴィヒスブルク | ლუდვიგსბურგი | Ludwigsburg | 루트비히스부르크 | Ludwigsburg | Ludovicoburgum | Ludwigsburg | Ludwigsburg | Ludwigsburg | Ludwigsburg | Ludwigsburg | Liudvigsburgas | Ludvigsburga | Ludwigsburg | Ludwigsburg | Лудвигсбург | Ludwigsburg | Ludwigsburg | Ludwigsburg | Ludwigsburg | Ludwigsburg | लुड्विग्सबर्ग | Ludwigsburg | Ludwigsburg | Ludwigsburg | Ludwigsburg | Ludwigsburg | Ludwigsburgo | Ludwigsburgo | Ludwigsburg | Ludwigsburg | Ludwigsburg | Ludwigsburg | Ludwigsburg | Ludwigsburg, Baden-Württemberg, Nemčija | Лудвигсбург | Ludwigsburg | Ludwigsburg | Ludwigsburg | Ludwigsburg | லட்விக்ஸ்பெர்க்"
Q58832,Johann Karl Wilhelm Illiger,1775,1813,Brunswick | Braunschweig | Brunswick | Brunswick | Brunswick | Braunschweig | Braunschweig | Брауншвейг | Braunschweig | Braunschweig | Broenswiek | Braunschweig | براونشوایگ | Braunšveigas | Brunszwik | Brunswick | Brunswick | Brunsvicum | Brunswick | Brunsvigo | 不伦瑞克 | Brunswick | 不伦瑞克 | Brunswyk | Braunschweig | براونشفايغ | براونشفايج | Braunschweig | Braunşveyq | براونشوایق | Braunschweig | Браўншвайг | Браўншвайг | Брауншвайг | ব্রঞ্চউইগ | Brunsvic | Брауншвейг | Braunschweig (kapital sa distrito) | براونشڤایگ | Braunschweig | Braunschweig | Braunschweig | Braunschweig | Braunschweig | Μπράουνσβαϊγκ | Braunschweig | Brunswick | Braunschweig | Braunschweig | Braunschweig | Brunswyk | Braunschweig | Braunschweig | બ્રૌન્ચવેગ | Braunschweig | Braunschweig | בראונשווייג | ब्रंजविक | Braunschweig | Brunšwik | Braunschweig | Բրաունշվայգ | Braunschweig | Braunschweig | Braunschweig | Braunschweig | Brúnsvík | ブラウンシュヴァイク | Braunschweig | ბრაუნშვაიგი | Брауншвейг | ಬ್ರಾನ್ಜ್ವಿಕ್ | 브라운슈바이크 | Braunschweig | Брауншвейг | Braunschweig | Braunšveiga | Брауншвэйг | Braunschweig | Брауншвајг | Брауншвайг | ब्राउनश्वाइग | Braunschweig | Brunswick | Braunschweig | Bronswiek | Braunschweig | Brunswick | Брауншвейг | Brunsvique | Brunsvique | Braunschweig | Braunschweig | Braunschweig | බ්රෝන්ෂ්විග් | Braunschweig | Braunschweig | Braunshvajgi | Брауншвајг | Braunschweig | Braunschweig | Braunschweig | பிரான்ஷ்விக் | బ్రౌన్ స్వైగ్ | Брауншвейг | เบราน์ชไวค์ | Брауншвейг | Braunschweig | Braunshwéyg | Брауншвейг | برانشویگ | Braunschweig | Braunschweig | Braunschweig | Braunschweig | Braunschweig | 不伦瑞克 | ברוינשווייג | 布倫瑞克 | 不伦瑞克 | 不倫瑞克 | 賓士域 | 布倫瑞克
Q61191,Otl Aicher,1922,1991,Ulm | Ulm | Ulm | Ulm | Ulm | Ulm | Ulm | Ulm | Ulm | Ulm | Ulm | Ulm | Ulm | Ulm | Ulm | Ulm | Ulm | Ulm | Ulm | Ulm | Ουλμ | Ulm | Ulm | Ulm | Ulm | Ulm | Ulm | Ulm | Ulm | Ulm | Ulm | Ulm | Ulm | Ulm | Ulm | Ulm | Ulm | Ulm | Ulm | Ulm | Ulm | Ulm | اولم | ऊल्म | اولم | Ульм | Ульм | Улм | উল্ম | Ulm (kapital sa distrito) | ئولم | Ульм | Ulma | ઉલ્મ | ऊल्म | Ուլմ | ულმი | Ульм | ಉಲ್ಮ್ | 울름 | Ульм | Ulma | Ulma | اولم | Ulmas | Ulma | Ульм | Улм | उल्म | Ульм | الم | Ulm | Ульм | උයිම් | Ульм | Ulm | Ulm | Ulm | உல்ம் | ఉల్మ్ | Улм | อุล์ม | اولم | 乌尔姆 | אולם | 烏姆 | Ulm | ഉൽമ് | Ulm | אולם | Ulm | Ulm | ウルム | Ulm | أولم | Ulm | Ulm | 乌尔姆 | Ульм | Ульм | Ульм | 乌尔姆 | 乌尔姆 | 烏爾姆 | اولم | Ulm | Ulm | Ulm | Ulm | Ulm | Ulm | Ulm | Ulm | Ulm | Ulm | Ульм | Ulm | Улм | Ulm | Ulm | Ulm | Ulm | Ulm | Ulm | Ulm | Ulm | Ulm | Ulm | Ulm | Ulm | Ulm | Ulm | Ulm | Ulm | Ulm | Ulm | Ulm | Ulm | Ulm | Ulm
Q61163,Josef Pieper,1904,1997,"Elte | Elte | Elte | Elte (Rheine) | Elte (Rheine) | Elte, North Rhine-Westphalia | Elte (Rheine) | Elte | Elte | Эльте"
Q57574,Henning von Tresckow,1901,1944,Magdeburgo | Magdeburg | മാഗ്ഡെബുർഗ് | Magdeburg | Магдебург | Dźěwin | Магдэбург | Magdeburk | دورتموند | Magdeburg | Magdeburg | Magdeburg | Магдебург | Магдебург | Магдебург | Մագդեբուրգ | Magdebuag | Магдебург | Magdeburg | Maagdenburg | ማክደቡርክ | Magdeburgo | Mihtiġburg | مغدبورغ | ماجدبورج | Magdeburgu | Maqdeburq | Магдебург | Magdeburg | Магдэбург | ম্যাগডেবার্গ | Magdeburg | Magdeburg | Магдебург | Landeshauptstadt Magdeburg | ماگدێبورگ | Магдебург | Magdeburg | Magdeburg | Magdeburg | Magdeburg | Μαγδεμβούργο | Magdeburgo | Magdeburgo | Magdeburg | Magdeburg | ماگدبورگ | Magdeburg | Magdeburg | Magdeburg | Magdebourg | Magdebörj | Magdeburg | Magdeburg | Magdeburgo | 𐌼𐌰𐌲𐌰𐌸𐍃𐌱𐌰𐌿𐍂𐌲𐍃 | મેગડેબર્ગ | Magdeburg | Magdeburg | Makekepuka | מגדבורג | मागदेबुर्ग | Magdeburg | Magdeburg | Magdeburg | Magdeburg | Magdeburg | Magdeburg | Magdeburg | マクデブルク | Kebon Raja Magdeburg | მაგდებურგი | Магдебург | ಮ್ಯಾಗ್ದೆಬರ್ಗ್ | 마그데부르크 | Magdeburg | Магдебург | Magdeburg | Магдебeрг | Magdeburgum | Magdeburg | Magdebürgu | Magdeburg | Magdeburgh | Magdeburgas | Magdeburga | Магдэбург | Magdeburg | Магдебург | माक्देबुर्ग | Magdeburg | Magdeburg | Magdeburg | Magdeburg | Magdeburg | Meideborg | मेगडेबर्ग | Magdeburg | Magdeburg | Magdeborg | Магдебург | Magdeborgh | مگڈیبرگ | Magdeburgo | Magdeburgo | Magdeburg | Magdeburg | Маґдебурґ | Magdeburg | Magdeburg | Magdeburg | මැඩබර්ග් | Magdeburg | Magdeburg | Magdeburgu | Магдебург | Magdeburg | Magdeburg | Magdeburg | Magdeburg | மாக்டெபர்க் | మగ్డెబర్గ్ | มัคเดอบวร์ค | Magdeburg | Magdeburg | Magdeburg | ماجدیبورج | Magdeburg | Magdeburgo | Magdeburg | Magdeburg | Magdeburg | Magdeburg | 马格德堡 | მაგდებურგი | מאגדעבורג | Magdeburg | 麥德堡 | Magdeburg | 马格德堡 | 马格德堡 | 马格德堡 | 馬格德堡 | 馬德堡 | 馬德堡 | 马格德堡 | 马格德堡 | 馬德堡
Q57587,Franz von Hipper,1863,1932,Weilheim in Oberbayern | Weilheim | Weilheim | Вайльхайм | 魏尔海姆 | Weilheim in Oberbayern | Weilheim in Oberbayern | فايلهايم إن أوبربايرن | فايلهايم ان اوبربايرن | Weilheim in Oberbayern | وایلهایم در اوبربایرن | Weilheim in Oberbayern | Вайльгайм-ін-Обербаерн | Вайльгайм-ін-Обэрбаерн | Вайлхайм | Weilheim in Oberbayern | Weilheim in Oberbayern | Вайльхайм-ин-Обербайерн | Weilheim in Oberbayern | Weilheim in Oberbayern | Weilheim in Oberbayern | Weilheim in Oberbayern | Weilheim in Oberbayern | Weilheim in Oberbayern | Βάιλχαϊμ | Weilheim in Oberbayern | Weilheim in Oberbayern | Weilheim in Oberbayern | Weilheim in Oberbayern | Weilheim in Oberbayern | Weilheim in Oberbayern | وایلهایم در اوبربایرن | Weilheim in Oberbayern | Weilheim in Oberbayern | Weilheim in Oberbayern | Weilheim in Oberbayern | Weilheim in Oberbayern | Weilheim in Oberbayern | Weilheim in Oberbayern | Weilheim in Oberbayern | ויילהיים אין אובר באיירן | Weilheim in Oberbayern | Weilheim in Oberbayern | Վայլհայմ | Weilheim in Oberbayern | Weilheim in Oberbayern | Weilheim in Oberbayern | Weilheim in Oberbayern | Weilheim in Oberbayern | Weilheim in Alta Baviera | ヴァイルハイム・イン・オーバーバイエルン | Weilheim in Oberbayern | Weilheim in Oberbayern | Жогорку Бавариядагы Вайльхайм | Weilheim in Oberbayern | Weilheim in Oberbayern | Weilheim in Oberbayern | Weilheim in Oberbayern | Weilheim in Oberbayern | Weilheim in Oberbayern | Weilheim in Oberbayern | Вајлхајм во Горна Баварија | Weilheim in Oberbayern | Weilheim in Oberbayern | Weilheim in Oberbayern | Weilheim in Oberbayern | Weilheim in Oberbayern | Weilheim in Oberbayern | Weilheim in Oberbayern | Weilheim in Oberbayern | Weilheim in Oberbayern | Weilheim in Oberbayern | Weilheim in Oberbayern | Weilheim in Oberbayern | Weilheim in Oberbayern | Weilheim in Oberbayern | Weilheim in Oberbayern | Weilheim in Oberbayern | Weilheim in Oberbayern | Weilheim in Oberbayern | Weilheim in Oberbayern | Weilheim in Oberbayern | Weilheim in Oberbayern | Weilheim in Oberbayern | Вајлхајм у Горњој Баварској | Вајлхајм у Горњој Баварској | Vajlhajm u Gornjoj Bavarskoj | Weilheim in Oberbayern | Weilheim in Oberbayern | Weilheim in Oberbayern | Вайльхайм-ин-Обербайерн | Weilheim in Oberbayern | Вайльгайм-і.ОБ | Weilheim in Oberbayern | Weilheim in Oberbayern | Weilheim in Oberbayern | Weilheim in Oberbayern | Weilheim in Oberbayern | Weilheim in Oberbayern | Weilheim in Oberbayern | Weilheim in Oberbayern | 维尔海姆 | 維爾海姆 | Weilheim in Oberbayern
Q57554,Georg Christoph Lichtenberg,1742,1799,Ober-Ramstadt | Ober-Ramstadt | Ober-Ramstadt | Ober-Ramstadt | Ober-Ramstadt | Ober-Ramstadt | Ober-Ramstadt | Ober-Ramstadt | Ober-Ramstadt | Ober-Ramstadt | Ober-Ramstadt | Ober-Ramstadt | Ober-Ramstadt | Ober-Ramstadt | Ober-Ramstadt | Ober-Ramstadt | Ober-Ramstadt | Ober-Ramstadt | Ober-Ramstadt | Ober-Ramstadt | Ober-Ramstadt | Ober-Ramstadt | Ober-Ramstadt | Ober-Ramstadt | Ober-Ramstadt | Ober-Ramstadt | Ober-Ramstadt | Ober-Ramstadt | Ober-Ramstadt | Ober-Ramstadt | Ober-Ramstadt | Ober-Ramstadt | Ober-Ramstadt | Ober-Ramstadt | Ober-Ramstadt | Ober-Ramstadt | Ober-Ramstadt | Ober-Ramstadt | Ober-Ramstadt | Ober-Ramstadt | Ober-Ramstadt | Ober-Ramstadt | Ober-Ramstadt | Ober-Ramstadt | Ober-Ramstadt | Ober-Ramstadt | Ober-Ramstadt | Ober-Ramstadt | Ober-Ramstadt | Ober-Ramstadt | Ober-Ramstadt | Ober-Ramstadt | Ober-Ramstadt | Ober-Ramstadt | Ober-Ramstadt | Ober-Ramstadt | Ober-Ramstadt | Ober-Ramstadt | Ober-Ramstadt | Ober-Ramstadt | Ober-Ramstadt | Ober-Ramstadt | Ober-Ramstadt | Ober-Ramstadt | Ober-Ramstadt | Ober-Ramstadt | Ober-Ramstadt | Ober-Ramstadt | Ober-Ramstadt | Ober-Ramstadt | Ober-Ramstadt | Ober-Ramstadt | أوبر-رامشتات | اوبر رامشتات | Ober-Ramştadt | اوبر-راماشتات | Обер-Рамштадт | Όμπερ-Ράμστατ | اوبر-راماشتات | Ober-Ramstadt | オーバー＝ラムシュタット | Обер-Рамштадт | وبەر-رامشتادت | Обер-Рамштадт | Ober-Ramştadt | Ober-Ramstadt | Обер-Рамштадт | Ober-Ramstadt | Обер-Рамштадт | Ober-Ramstadt | Обер-Рамштат | Обер-Рамштат | Ober-Ramštat | Ober-Ramstadt | Обер-Рамштадт | Ober-Ramstadt | Обер-Рамштадт | Ober-Ramstadt | Ober-Ramstadt | 上拉姆施塔特 | 上拉姆施塔特 | 上拉姆施塔特 | 上拉姆施塔特 | 上拉姆施塔特
Q60652,Vasile Dîba,1954,2024,چوريلوڤكا | Jurilovca | Журиловка | Jurilovca | Jurilovca | Jurilovca | Jurilovca | Jurilovca | Jurilovca | Jurilovca | Jurilovca | Jurilovca | Jurilovca | Jurilovca | Журиловка | Jurilovca | Журиловка | Журиловка | Журіловка | Jurilovca
Q61755,Paul Drude,1863,1906,Brunsvigo | 不伦瑞克 | Brunswick | 不伦瑞克 | Brunswyk | Braunschweig | براونشفايغ | براونشفايج | Braunschweig | Braunşveyq | براونشوایق | Braunschweig | Браўншвайг | Браўншвайг | Брауншвайг | ব্রঞ্চউইগ | Brunsvic | Брауншвейг | Braunschweig (kapital sa distrito) | براونشڤایگ | Braunschweig | Braunschweig | Braunschweig | Braunschweig | Braunschweig | Μπράουνσβαϊγκ | Braunschweig | Brunswick | Braunschweig | Braunschweig | Braunschweig | Brunswyk | Braunschweig | Braunschweig | બ્રૌન્ચવેગ | Braunschweig | Braunschweig | בראונשווייג | ब्रंजविक | Braunschweig | Brunšwik | Braunschweig | Բրաունշվայգ | Braunschweig | Braunschweig | Braunschweig | Braunschweig | Brúnsvík | ブラウンシュヴァイク | Braunschweig | ბრაუნშვაიგი | Брауншвейг | ಬ್ರಾನ್ಜ್ವಿಕ್ | 브라운슈바이크 | Braunschweig | Брауншвейг | Braunschweig | Braunšveiga | Брауншвэйг | Braunschweig | Брауншвајг | Брауншвайг | ब्राउनश्वाइग | Braunschweig | Brunswick | Braunschweig | Bronswiek | Braunschweig | Brunswick | Брауншвейг | Brunsvique | Brunsvique | Braunschweig | Braunschweig | Braunschweig | බ්රෝන්ෂ්විග් | Braunschweig | Braunschweig | Braunshvajgi | Брауншвајг | Braunschweig | Braunschweig | Braunschweig | பிரான்ஷ்விக் | బ్రౌన్ స్వైగ్ | Брауншвейг | เบราน์ชไวค์ | Брауншвейг | Braunschweig | Braunshwéyg | Брауншвейг | برانشویگ | Braunschweig | Braunschweig | Braunschweig | Braunschweig | Braunschweig | 不伦瑞克 | ברוינשווייג | 布倫瑞克 | 不伦瑞克 | 不倫瑞克 | 賓士域 | 布倫瑞克 | Brunswick | Braunschweig | Brunswick | Brunswick | Brunswick | Braunschweig | Braunschweig | Брауншвейг | Braunschweig | Braunschweig | Broenswiek | Braunschweig | براونشوایگ | Braunšveigas | Brunszwik | Brunswick | Brunswick | Brunsvicum | Brunswick
Q61743,Carl Adam Petri,1926,2010,Lipsia | Leipzig | Leipzig | ലീപ്സിഗ് | Leipzig | Leipzig | Lipcse | Лейпциг | Lipsko | Lipsko | Leipzig | Lipsk | Leipzig | Leipzig | Leypsiq | Лейпцыг | Ляйпцыг | Լայպցիգ | Лајпциг | Лейпциг | Leipzig | ላይፕጽግ | Leipzig | لايبزيغ | لايبتزج | Leipzig | لایپزیق | Лейпциг | Leipzig | Leipzig | Лайпциг | লাইপ্ৎসিশ | Leipzig | Leipzig | Leipzig | Лейпциг | Leipzig | لایپزیگ | Lipsia | Leyptsig | Leyptsig | Лейпциг | Leipzig | Leipzig | Leipzig | Leipzig | Leipzig | Lipsk | Λειψία | Leipzig | Leipzig | Leipzig | Leipzig | Leipzig | Leipzig | Leipzig | لایپزیگ | Leipzig | Leipzig | Leipzig | Leipzig | Leipzig | Leipzig | Leipzig | Leipzig | Leipzig | Leipzig | Leipzig | લેઇપઝિગ | Leipzig | Leipzig | Lipekika | לייפציג | लिपजिग | Leipzig | Lipsk | Լայփցիկ | Leipzig | Leipzig | Leipzig | Leipzig | Leipzig | ライプツィヒ | Leipzig | ლაიფციგი | Leipzig | Leipzig | Лейпциг | ಲೈಪ್ಜಿಗ್ | 라이프치히 | 라이프찌히 | Leipzig | Лейпциг | Lipsia | Leipzig | Leipzig | Leipzig | Leipzig | Leipzig | Lipsia | Leipcigas | Leipciga | 萊比錫 | Лэйпциг | Leipzig | Leipzig | Лайпциг | लाइपझिश | Leipzig | Leipzig | လိုက်ပဆစ်မြို့ | لایپتسیش | Leipzig | Leipzig | Lipsia | Leipzig | Leipzig | Leipzig | लेइपजिग | Leipzig | Leipzig | ߟߋߌߔߑߖ߭ߌߜ߭ | Leipzig | Leipzig | Лейпциг | ਲਾਈਪਸਿਸ਼ | Leipzig | Leipzig | Leipzig | Lipsia | لیپزش | Leipzig | Leipzig | Leipzig | Leipzig | Leipzig | Ліпско | Lipsia | Lipsia | Leipzig | ليپزگ | Leipzig | ලේයිප්සිග් | Leipzig | Lajpcigu | Лајпциг | Лајпциг | Leipzig | Leipzig | Leipzig | Lajpcik | லைப்சிக் | లేఇప్జిగ్ | Лейпзиг | ไลพ์ซิช | Leipzig | Leipzig | Лейпциг | Leipzig | Leipzig | Léypzig | لائپزش | Leipzig | Leipzig | Läipcig | Leipzig | Leipzig | Leipzig | Leipzig | Leipzig | Leipzig | 莱比锡 | ლაიფციგი | לייפציג | 萊比錫 | 莱比锡 | 莱比锡 | 莱比锡 | 萊比錫 | 萊比錫 | Leipzig
Q61748,Arthur Moritz Schoenflies,1853,1928,غورجوف ويلكوبولسكي | جورجوف ويلكوبولسكى | Gorzów Wielkopolski | Qojuv-Velkopolski | Гожув-Велкопольск | Гожаў Велькапольскі | Гораў Велікапольскі | Гожов Велкополски | গরজও উইলকোপোলস্কি | Gorzów Wielkopolski | Гожув-Велькопольски | Gorzów Wielkopolski | Gojuv Velkopolski | Gorzów Wielkopolski | Lãdzberch | Gorzów Wielkopolski | Gorzów Wielkopolski | Gorzów Wielkopolski | Γκόζουφ Βιελκοπόλσκι | Gorzów Wielkopolski | Gorzów Wielkopolski | Gorzów Wielkopolski | Gorzów Wielkopolski | Gorzów Wielkopolski | Gorzów Wielkopolski | Gorzów Wielkopolski | گورژوف ویلکوپولسکی | Gorzów Wielkopolski | Gorzów Wielkopolski | Gorzów Wielkopolski | Gorzów Wielkopolski | ગોર્ઝૉવ વૈલ્કોપોલ્સ્કી | Gorzów Wielkopolski | Thai Pô-làn Thi-khî Kô-yî-fû | גוז'וב ויילקופולסקי | गोरज़ोव वीएलकोपोलस्की | Gorzów Wielkopolski | Gorzów Wielkopolski | Գորժուվ-Վելկապոլսկացի | Gorzów Wielkopolski | Gorzów Wielkopolski | ゴジュフ・ヴィエルコポルスキ | Gorzów Wielkopolski | ಗೊರ್ಜೊ ವೋಲ್ಕೊಪೊಲ್ಸ್ಕಿ | 고주프비엘코폴스키 | Landsbergum | Gorzów Wielkopolski | Gožuvas | Gožova Velkopolska | Гожув Вјелкополски | गॉर्झोव वैकोपोलस्की | Gorzów Wielkopolski | Gorzów Wielkopolski | Гожув-Велькопольски | Gorzów Wielkopolski | Gorzów Wielkopolski | Gorzów Wielkopolski | Gorzów Wielkopolski | Gorzów Wielkopolski | Gorzów Wielkopolski | Gorzów Wielkopolski | Гожув-Велькопольски | Gorzów Wielkopolski | Gorzów Wielkopolski | Gorzów Wielkopolski | Gorzów Wielkopolski | Gorzów Wielkopolski | Гожув-Велькопольски | Gorzów Wielkopolski | Gorzów Wielkopolski | ගොරොසොව් වෙල්කොපොල්ස්කි | Gorzów Wielkopolski | Gorzów Wielkopolski | Gorzów Wielkopolski | Гожов Вјелкополски | Гожов Вјелкополски | Gožov Vjelkopolski | Gorzów Wielkopolski | Gorzůw Wjelgopolski | கார்ஸோ வியாள்சகோபோல்ஸ்கி | గోర్జోవ్ వీల్కోపోల్స్కి | Gorzów Wielkopolski | กอชุฟวีแยลกอปอลสกี | ma tomo Kosu pi ma Posuka suli | Gorzów Wielkopolski | Гожув-Велкопольски | Гожув Велькопольски | Гожув-Велькопольський | گورژوو ویئلوپولسکی | Gorzów Wielkopolski | Gožuv-Vel'kopol'ski | Gorzów Wielkopolski | Gorzów Wielkopolski | 大波兰地区戈茹夫 | გოჟუვ-ველიკოპოლსკი | 大波蘭戈祖夫 | 大波蘭地區戈茹夫 | 大波兰地区戈茹夫 | 大波兰地区戈茹夫 | 大波蘭地區戈茹夫 | 大波蘭地區戈茹夫 | 大波兰地区戈茹夫 | 大波蘭地區戈茹夫
Q61697,Heinrich Wilhelm Dove,1803,1879,Legnica | لغنيتسا | لجنيتسا | Legnica | لقنیتسا | Лягніца | Лягніца | Легница | লেগনিকা | Legnica | Легница | Legnica | Lehnice | Legnica | Legnica | Legnica | Legnica | Legnica | Legnica | Λεγκνίτσα | Legnica | Legnica | Legnica | Legnica | Legnica | Legnica | Legnica | لگنیتسا | Legnica | Legnica | Legnica | Liegnitz | લેગ્નિકા | Legnica | לגניצה | लेग्निका | Lěhnica | Legnica | Լեգնիցա | Legnica | Legnica | レグニツァ | Legnica | ლეგნიცა | ಲೆಗ್ನಿಕಾ | 레그니차 | Liegnitz | Lignitium | Legnica | Legņica | Лэгница | Легниц хот | लेंगणीका | Legnica | Legnica | Legnica | Legnica | Legnica | Legnica | Liegnitz | Legnica | Legnica | Legnica | Легницæ | Legnica | Legnica | Legnica | Legnica | Легница | Legnica | Legnica | ලේග්නිකා | Legnica | Legnica | Легњица | Legnica | Ligńica | லெஜினிகா | లెగ్నిక | ลักนิเซีย | ma tomo Lenkisa | Legnica | Легнитса | Легниця | لیجنیکا | Legnica | Legnica | 莱格尼察 | ლეგნიცა | 萊格尼察 | 萊格尼察 | 莱格尼察 | 莱格尼察 | 萊格尼察 | 萊格尼察 | 莱格尼察 | 萊格尼察 | Liegnz
Q61828,Ernst Steinitz,1871,1928,Siemianowice Śląskie | شمیانوویتسه شلانسکیه | Семянавіцы Слёнске | Шемяновице Шльонске | Siemianowice Śląskie | Семяновице-Слёнске | Siemianowice Śląskie | Siemianowice Śląskie | Siemianowice Śląskie | Siemianowice Śląskie | Σιεμιανοβίτσε Σλόνσκιε | Siemianowice Śląskie | Siemianowice Śląskie | Siemianowice Śląskie | Siemianowice Śląskie | Siemianowice Śląskie | شمیانوویتسه شلانسکیه | Siemianowice Śląskie | Siemianowice Śląskie | Siemianowice Śląskie | Siemianowice Śląskie | Siemianowice Śląskie | Siemianowice Śląskie | Siemianowice Śląskie | Siemianowice Śląskie | シェミャノヴィツェ・シロンスキェ | Siemianowice Śląskie | 시에미아노비체실롱스키에 | Siemianowice Śląskie | Silezijos Semianovicai | Semjanovice Slonske | Siemianowice Śląskie | Siemianowice Śląskie | Siemianowice Śląskie | Siemianowice Śląskie | Siemianowice Śląskie | Siemianowice Śląskie | Siemianowice Śląskie | Siemianowice Śląskie | Семяновице-Слёнске | Siemianowice Śląskie | Siemianowice Śląskie | Сјемјановице Слонскје | Siemianowice Śląskie | Siemianowice Śląskie | Śymjanowicy | Siemianowice Śląskie | Чемәновитсе-Члөнске | Семяновиці-Шльонські | Siemianowice Śląskie | Siemianowice Śląskie | 希隆斯克地區謝米亞諾維采 | 希隆斯克地区谢米亚诺维采 | 希隆斯克地区谢米亚诺维采 | 希隆斯克地區謝米亞諾維采 | 希隆斯克地區謝米亞諾維采 | 希隆斯克地区谢米亚诺维采 | 希隆斯克地區謝米亞諾維采
Q61749,Peter Andreas Hansen,1795,1874,Tønder | Tondern | Tønder | Tønder | Tønder | تندر | Тендер | Тендер | Tønder | Tønder | Tønder | Tønder | Tønder | Tønder | Tønder | Tønder | Tønder | Tønder | Tønder | Tønder | Tønder | Tønder | Tønder | Tønder | Tønder | Tønder | Tønder | Tønder | Тенер | Тённер | تندر | Tønder (kapital sa munisipyo sa Dinamarka) | تندر، دانمارک | טונדר | 퇴네르 | Тённэр | 岑讷 | 岑讷 | 岑讷 | 岑訥
Q51515,John Chadwick,1920,1998,Londra | Londrez | לונדון | Londres | Londýn | Londýn | London | London | ലണ്ടൻ | London | ロンドン | Londres | London | London | لندن | Londyn | لندن | لندن | লন্ডন | Лондон | London | London | London | لندن | London | London | Londonas | London | London | London | Лондон | London | Лондон | لندن | London | London | Londen | 倫敦 | Londres | Londres | Лондан | Londinium | 伦敦 | 倫敦 | London | London | London | London | London | London | Лёндан | London | London | London | London | London | London | London | London | London | London | London | London | London | London | London | London | London | London | London | London | London | London | London | London | London | London | London | ლონდონი | London | London | London | London | London | London | London | London | London | London | London | London | London | London | London | London | London | London | London | London | London | Londen | 倫敦 | Lonn | Lunnainn | Londye | ಲಂಡನ್ | 𐌻𐌰𐌿𐌽𐌳𐌰𐌿𐌽 | London | લંડન | Lunnin | Landan | Lùn-tûn | Lākana | लंदन | London | Лондон | Landan | london | Лондон | Lɔndrɩ | London | London | Лондон | ទីក្រុងឡុង | ಲಂಡನ್ | Лондон | Лондон | لَندَن | Лондон | Loundres | Londra | Лондон | Лондон | Lundra | Londoni | ລອນດອນ | لندن | लन्दन | लण्डन | Лондон | Лондон | Rānana | Лондон | Лондон | लंडन | Лондон | Londra | လန်ဒန်မြို့ | Лондон ош | Lûn-tun | 倫敦 | Londen | लण्डन | लण्डन | ߟߐ߲ߘߐ߲߬ | Tooh Dineʼé Bikin Haalʼá | Landan | ଲଣ୍ଡନ | Лондон | ਲੰਦਨ | لندن | Λονδίνο | لندن | lundun | Lunrun | Лондон | Londra | लन्डन् | Лондон | ᱞᱚᱱᱰᱚᱱ | لنڊن | Londons | Lunḍun | လၼ်ႇတၼ်ႇ | ලන්ඩන් | لندن | Lonetona | Lontoo | Londër | Лондон | ꠟꠘ꠆ꠒꠘ ꠘꠉꠞ | Lůndůn | Lon-tun | இலண்டன் | లండన్ | Лондон | Лондон | Lonitoni | ma tomo Lantan | Landen | Лондон | Лондон | Łondra | Londn | Londar | 伦敦 | ლონდონი | לאנדאן | Lọndọnu | Lunzdunh | London | London | London | London | London | London | London | London | London | London | London | London | London | London | London | 倫敦 | Londres | 런던 | Londona | Londra | Londe | Londres | Londono | Londain | Londres | Լոնտոն | Londres | ลอนดอน | 倫敦 | Лондон | Лондон | Лондон | 倫敦 | 伦敦 | 倫敦 | Londe | Londe | Лондон | Лондон | لندن | Лондон | Londres | Londres | Londres | Lunnon | Lonn | Londre | Londre | Londra | Londra | Londra | Londra | Londra | Londra | Londra | Londra | Լոնդոն | Luân Đôn | Londres | Londres | Londres | Londres | Londres | Londres | لندن | Llundain | لندن | Лондон | Лондон | Londen | ለንደን | London | Lunden | लंदन | ܠܘܢܕܘܢ | لونضون | লণ্ডন | Лондон | लण्डन | Лондон | Londen | लंदन | ལོན་ཊོན། | Landan | Лондон | Lùng-dŭng | ᎫᎴ ᏗᏍᎪᏂᎯᏱ | لەندەن | London | Лондонъ | London | Londra | लण्डन | ލަންޑަން | Λονδίνο | Lòndra | London | Londri | Lontoo | Lodoni | Londen | ⵍⵓⵏⴷⵓⵏ | 倫敦 | 伦敦 | 伦敦 | ILondon
Q51137,Carlo Scarpa,1906,1978,威尼斯 | 威尼斯 | 威尼斯 | 威尼斯 | 威尼斯 | وینس | Уанаҿа | Venesië | ቬኒስ | Venetia | البندقية | ڤينيزيا | فينيسيا | Venesiya | ونیز | Vénesia | Venedig | ཝེ་ནེ་ཟི་ཡ། | Venecija | ڤێنیز | Venedik | Venedik | Wenecjô | Венеци | Fenis | Venedig | Venedik | Venêzia | Venecio | Venécia | Venesia | Vènisa | Venedig | Vignesie | Feneesje | An Veinéis | Venésia | Ἐνετία | Venedig | Yn Veneesh | Vî-nì-sṳ̂ | Վենետիկ | Venetia | Venesia | Feneyjar | Venesia | Vinetsiya | Vinisya | Feeniizi | Venesia | 베네치아 | Benesya | Venedîk | Wênîs | Венеция | Венеция | Venetiae | Venedeg | Venies | Venessia | Unieja | Venèzia | ເວນີສ | 威尼斯 | भेनिस | Вэнэция | Венеций | Wēneti | Венец | ꯚꯦꯅꯤꯁ | व्हेनिस | Venezja | ဗင်းနစ်မြို့ | Венеция ош | ونیز | Venies | भेनिस | V'nise | Venècia | Венеци | ਵੈਨਿਸ | Venise | Venessia | وېنيس | Vnescha | Венеція | वेनिस | Венеция | Vinezzia | Venetsia | Benetke | Venetsia | Venetsia | Венеција | Vénésia | Wynecyjo | Wi-nis 威尼斯 | வெனிசு | Венетсия | Venetsiya | ma tomo Wenesija | Venedik | Венеция | Венеция | Wénitsiye | Venesiya | Venecii | Venetië | 威尼斯 | IVenice | ვენეცია | ווענעציע | Venetië | Venice | Venecia | Venezia | Venedig | ונציה | Benátky | Venise | Venedig | Venice | വെനീസ് | Venedig | ヴェネツィア | Venezia | Venezia | Venezia | Venezia | Venezia | Venezia | Venezia | Venezia | Venezia | Venezia | Venezia | Venezia | Venezia | Venezia | Venezia | Venezia | Venezia | Venezia | Venezia | Venezia | Venezia | Venezia | Venezia | Venezia | Venezia | Venezia | Venezia | Veneza | Veneza | Benátky | Wenecja | Venetsia | Венеция | Venècia | Венеция | ვენეცია | Венеция | Венеция | Velence | Венеція | 威尼斯 | 威尼斯 | 威尼斯 | Venetië | Вэнэцыя | Venice | Venice | Venice | Venice | Venice | Venice | Veneetsia | Venecija | Venecija | Венецыя | Венеция | Венеци | Վենետիկ | Венеција | Venecija | Venesya | වැනීසිය | Venecia | เวนิส | 威尼斯 | Venecia | Venecia | Venecia | Βενετία | Venèsia | وینس | Venecia | Venis | Veneția | ونیز | Venēcija | ভেনিস | વેનિસ | वेनिस | ವೆನಿಸ್ | भेनिस | వెనిస్ | 威尼斯
Q65638,Reinhold Platz,1886,1966,Chotěbuz | Cottbus | Cottbus | Cottbus | Cottbus | Cottbus | Cottbus | Cottbus | Cottbus | Cottbus | Cottbus | Cottbus | Cottbus | Cottbus | Cottbus | Cottbus | Cottbus | Cottbus | Cottbus | Cottbus | Cottbus | Cottbus | Cottbus | Cottbus | Cottbus | Cottbus | Cottbus | Cottbus | Cottbus | Cottbus | Cottbus | Cottbus | Cottbus | Cottbus | Cottbus | Cottbus | Cottbus | Cottbus | Cottbus | Cottbus | Cottbus | Cottbus | Cottbus | Cottbus | Cottbus | Cottbus | Cottbus | Cottbus | Cottbus | Cottbus | Cottbus | Cottbus | Cottbus | Cottbus | Cottbus | Cottbus | Cottbus | Cottbus | Cottbus | Cottbus | Cottbus | Cottbus | Cottbus | Cottbus | Cottbus | Cottbus | Cottbus | Cottbus | Cottbus | 科特布斯 | كوتبوس | كوتبوس | کوتبوس | Котбус | Cottbus | Котбус | Котбус | Котбус | Котбус | Kreisfreie Stadt Cottbus | Cottbus | Chóśebuz | Κότμπους | کتبوس | Cottbus | Cottbus | Cottbus | קוטבוס | Choćebuz | Cottbus | Կոտբուս | コトブス | Cottbus | კოტბუსი | Коттбус | 콧부스 | Cottbus | Cotbusium | Cottbus | Cottbus | Kotbusas | Kotbusa | Котбус | Cottbus | Chóśebuz | Котбус | Chociebuż | کوٹبس | Котбус | Cottbus/Chośebuz | Chotebuz | Котбус | Котбус | Cottbus | ค็อทบุส | Cottbus | Котбус | Cottbus | Котбус | Cottbus | Cottbus | 科特布斯 | კოტბუსი | 科特布斯 | 科特布斯 | Cottbus | Kotbus
Q65707,Horst P. Horst,1906,1999,Weißenfels | Weißenfels | Weißenfels | Weißenfels | Вайсенфельс | Вајсенфелс | Weißenfels | Weißenfels | Weißenfels | Вайсенфельс | Weißenfels | Weißenfels | Weißenfels | فايسنفلس | فايسنفلس | Weißenfels | Vaysenfels | وایسنفلس | Вайсенфельс | Weißenfels | Вайсэнфельс | Вайсэнфэльс | Вайсенфелс | Weißenfels | Weißenfels | Вайсенфельс | Weißenfels | Weißenfels | Weißenfels | Weißenfels | Weißenfels | Weißenfels | Weissenfels | Βάισενφελς | Weißenfels | Weißenfels | Weißenfels | Weißenfels | Weißenfels | وایسنفلز | Weißenfels | Weißenfels | Weißenfels | Weißenfels | Weißenfels | Weißenfels | Weißenfels | Weißenfels | וייסנפלס | Weißenfels | Weißenfels | Վայսենֆելս | Weißenfels | Weißenfels | Weißenfels | Weißenfels | Weißenfels | ヴァイセンフェルス | ვაისენფელსი | Weißenfels | 바이센펠스 | Weißenfels | Вайсенфельс | Leucopetra | Weißenfels | Weißenfels | Weißenfels | Weißenfels | Vaisenfelsas | Вайсэнфэльс | Weißenfels | Weißenfels | Weißenfels | Weißenfels | Weißenfels | Weißenfels | Weißenfels | Weißenfels | Weißenfels | Weißenfels | Weißenfels | Weißenfels | Weißenfels | Weißenfels | Weißenfels | Weißenfels | Weißenfels | Weißenfels | Weißenfels | Weißenfels | Weißenfels | Вајсенфелс | Weißenfels | Weissenfels | Weißenfels | Weißenfels | Вайсенфельс | Weißenfels | Вайсенфельс | Weißenfels | Weißenfels | Weißenfels | Weißenfels | Weißenfels | Weißenfels | Weißenfels | 魏森费尔斯 | 魏森費爾斯 | Weißenfels
Q55165,Krzysztof Kieślowski,1941,1996,Warsaw | વૉરસો | Warszawa | Warszawa | Fà-sâ | वारसॉ | Warsaw | Varšava | Waršawa | Vasovi | Վարշաւա | Varsovia | Warsawa | Warszawa | Warszawa | Warsaw | Warszawa | Varsjá | Warsaa | Warsawa | ვარშავა | Varshava | Waṛsu | Варшавэ | Farsoovii | Warszawa | Варшава | Варшава | Warszawa | ವಾರ್ಸಾ | 바르샤바 | 와르샤와 | Варшава | Warşova | Варшава | Warszawa | Варшава | Varsovia | Varsovia | Warszawa | Warszawa | Varsavvia | Varsavia | Warsaw | ورشو | Varšuva | Varšova | Varšava | 華沙 | वारसॉ | Варшава | Varsôvia | Варшаве | Pakangakite | Warsawa | Варшава | Варшав | Варшовия | वर्झावा | Варшава | Warsaw | Varsavja | Warszawa | ဝါဆောမြို့ | Варшава ош | ورشو | Warsaw | Varsovia | Warszawa | Varsavia | Warszawa | वार्सा | वार्सः | Warszawa | Varsava | Varsovie | Warszawa | Tóigohí | Warsaw | Varsòvia | Varšavu | Warszawa | ୱାରସ | Варшавæ | Barsobya | Varsovia | Varsovie | Woarschau | Worsaaw | Varsavia | وارسا | وارسا | Varsóvia | Varsóvia | Warszawa | Varsovia | Warsaw | Warszawa | Varșovia | Варшава | Varsovia | Varsavia | Warszawa | Varsovie | Warschau | Varšava | Varšava | Warsaw | വാഴ്സ | ורשה | ワルシャワ | Warschau | ਵਾਰਸਾ | Варшава | 华沙 | Varsó | Վարշավա | وارسو | Warsaw | Варшава | وارسا | Варшава | Варшава | وارسو | Warsaw | Warsaw | Warsaw | ورشو | Варшава | Варшава | Warschau | Warschau | Warschau | Warschau | Warschau | Warschau | Warschau | Warschau | Варшава | Warsawa | Варшавэ | Warskou | ዋርሶው | Varsovia | Warsaw | ܘܐܪܣܘ | وارسو | Varsovia | Варшава | Warszawa | Varsovia | Varşava | ورشو | Варшава | Warsawa | Warsaw | Warso | Warsaw | Warszawa | ওয়ারশ | ཝར་སོ། | Varsovia | Varšava | Варшава | Varsòvia | Warszawa | Huà-să | Warszawa | Warszawa | وارشۆ | Varsavia | Varşava | Varşava | Warszawa | Варшава | Варшава | Warszawa | Warszawa | Warşowa | Waršawa | Warsaw | Βαρσοβία | Varsàvia | Varsovio | Varssavi | Varsovia | Varsóvia | Warsaw | Varsova | Warszawa | Warszawa | Varsovie | Warschau | Varsavie | Warsjau | Vársá | Varşava | Warsaw | Varsovia | Varsóvia | Varshava | Warszawa | वार्सा | Варшава | ᱣᱟᱨᱥᱳ | Varsavia | Varsavia | وارسا | Warszawa | Warsaw | Varšova | Varšava | වර්සව් | Varšava | Varsova | Warsaw | Varshava | Варшава | Варшава | Warsaw | Warschau | Warsawa | Warszawa | Warshawa | ꠅꠣꠞꠍꠅ ꠘꠉꠞ | Warszawa | Huwasa 華沙 | வார்சா | వార్సా | Varsóvia | Варшава | Варшава | วอร์ซอ | ዋርሳው | Warşawa | Warsaw | Varšava | Warsaw | ma tomo Wasawa | Woso | Varşova | Варшава | Warszawa | Warszawa | Patava | Варшава | Warshawa | Varshava | Warszawa | Varsavia | Varšav | Warszawa | Warszawa | Varssavi | Warsovya | Warsaw | 瓦萨瓦 | Warszawa | ვარშავა | ווארשע | Warsaw | 華沙 | Warschau | 华沙 | 华沙 | 華沙 | 華沙 | 華沙 | 华沙 | 华沙 | 華沙 | IWarshawa | وارسو | varcavas
Q61374,Wolfhart Pannenberg,1928,2014,Stettino | Szczecin | Stettin | Szczecin | Štětín | Szczecin | Szczecin | Szczecin | Szczecin | Szczecin | Szczecin | Szczecin | シュチェチン | 什切青 | Szczecin | Szczecin | Stettin | Stettin | Stettin | Stettin | Stettin | Stettin | Stettin | Stettin | Stettin | Stettin | Stettin | Szczecin | ሽጨቺን | شتشيتشين | شتتين | Szczecin | Szczecin | Şetsin | شچچین | Szczecin | Шчэцін | Шчэцін | Шчечин | স্টাজিন | Szczecin | Szczecin | Щецин | شچێچین | Şçetsin | Şçetsin | Szczecëno | Szczecin | Szczecin | Szczecin | Στσέτσιν | Szczecin | Szczecin | Szczecin | Szczecin | Szczecin | شچچین | Szczecin | Szczecin | શ્ટેચિન | Szczecin | Sṳ̍p-chhiet-chhiâng | שצ'צ'ין | श्टेटीन | Szczecin | Šćećin | Շչեցին | Szczecin | Szczecin | Szczecin | Szczecin | Szczecin | შჩეცინი | Щецин | Szczecin | ಸ್ಟೆಟ್ಟಿನ್ | 슈체친 | Stettinum | Szczecin | Stetin | Ščecinas | Ščecina | Щечин | Щецин | Szczecin | Шчеќин | Шчецин | Шчецин | श्टेचिन | Szczecin | Szczecin | Щецин ош | Szczecin | Szczecin | Szczecin | Szczecin | Szczecin | Estettin | Szczecin | Щецин | ششیچن | شچېچېن | Estetino | Estetino | Szczecin | Szczecin | Щецин | Щецин | Szczecin | Szczecin | Szczecin | Шчећин | සෙසින් | Štetín | Szczecin | Szczecin | Шчећин | Szczecin | Szczecin | Sztetin | ஸ்செசின் | స్జేచిన్ | Szczecin | Штеттин | ชแชตชิน | Szczecin | ma tomo Sesin | Szczecin | Щецин | Шӵечин | Shchétsin | Щецин | شٹیچین | Shchetsin | Stetin | Ščecin | Szczecin | Szczecin | Szczecin | 什切青 | შჩეცინი | שטעטין | 舒車前 | 什切青 | 什切青 | 什切青
Q61411,Paul Mattick,1904,1981,Słupsk | Słupsk | Słupsk | سووبسك | سووبسك | Słupsk | Slupsk | Слупск | Слупск | Слупск | Слупск | স্লা্পস্ক | Słupsk | Słupsk | Слупск | Słupsk | Słupsk | Stôłpsk | Słupsk | Słupsk | Słupsk | Słupsk | Σουούπσκ | Słupsk | Słupsk | Słupsk | Słupsk | Słupsk | سووپسک | Słupsk | Słupsk | Słupsk | સ્લુપ્સ્ક | Słupsk | Słupsk | שטולפ | सलउपस्क | Słupsk | Słupsk | Սլուպսկ | Słupsk | Słupsk | スウプスク | Słupsk | სლუპსკი | ಸ್ಲುಫ್ಸ್ಕ್ | 스웁스크 | Stolpe | Słupsk | Slupskas | Slupska | Слупск | Слупск | स्लाप्स | Słupsk | Słupsk | Słupsk | Słupsk | Stolp | Słupsk | Słupsk | Słupsk | Слупск | Słupsk | Słupsk | Слупск | Слупск | Słupsk | ස්ලප්ස්ක් | Słupsk | Słupsk | Слупск | Słupsk | Słupsk | சலமஸ்க் | సలుపఁస్క్ | สวุปสก์ | Słupsk | Слупск | Слупск | Слупськ | سلوپسک | Slupsk | Słupsk | Słupsk | 斯武普斯克 | 斯烏普斯克 | 斯武普斯克 | 斯武普斯克 | 斯武普斯克 | 斯武普斯克 | 斯武普斯克 | 斯武普斯克 | 斯武普斯克 | Słupsk
Q54803,Bernard Grasset,1881,1955,Chambéry | Chambéry | Chambéry | 샹베리 | Camberiacum | Chambéry | Chambéry | Chambéry | Chambéry | Chambéry | Chambéry | Šamberi | Šamberī | Chambéry | Chambéry | Шамбери | Chambéry | Chambéry | شامبری | Chambéry | Chambéry | Chambéry | Chambéry | Chambéry | Chambéry | Chambéry | Chambéry | Chamberí | Шамбери | Chambéry | Chambéry | Chambéry | Chambéry | Chambéry | Chambéry | Chambéry | Chambéry | Chambéry | Chambéry | Chambéry | Chambéry | Chambéry | Chambéry | Chambéry | Chambéry | Chambéry | Шамбери | Шамбери | Šamberi | Chambéry | Chambéry | Chambéry | ช็องเบรี | Chambéry | Шамбери | Шамбері | شامبیری | Chambéry | Chambéry | Chambéry | Chambéry | Chambéry | Chambéry | Chambéry | Chambéry | Chambéry | 尚贝里 | 尚貝里 | 尚贝里 | 尚贝里 | 尚贝里 | 香貝里 | 香貝里 | 尚贝里 | 香貝里 | Chambéry | Шамбери | Chambéry | Chambéry | شامبيري | شامبيرى | Chambéry | Şamberi | شامبری | Chambéry | Шамберы | Шамбэры | Шамбери | Chambéry | শঁবেরি | Chambéry | Chambèri | ШамбегӀи | Chambéry | Chambéry | Chambéry | Шамбери | Chambéry | Chambéry | Chambéry | Chambéry | Chambéry | Σαμπερί | Chambéry | Chambéry | Chambéry | Chambéry | Chambéry | Chambéry | Chambéry | شامبری | Chambéry | Chambéry | Chambéry | Chambéry | Chambèri | Chambéry | Chambéry | Chambéry | Chambéry | Chambéry | Chambéry | שאמברי | Chambéry | Chambéry | Շամբերի | Chambéry | Chambéry | Chambéry | Chambéry | Chambéry | Chambéry | シャンベリ | Chambéry
Q67455,Hans Källner,1898,1945,Katowice | Katowice | 卡托维兹 | კატოვიცე | קאטאוויץ | 卡托維治 | 卡托维兹 | 卡托维兹 | Katowice | کاتوویتس | Katowice | Katowice | Katowice | Katowice | Katowice | Katowice | Katowice | Katowice / Kattowitz | કેટોવાઇસ | Katowice | Khà-thok-vì-chṳ | קטוביץ | कटोविस | Katowice | Katowice | Katowice | Կատովիցե | Կատովիցե | Katowice | Katowice | Katowice | Katowice | Katowice | Katowice | tcadrkatovitse | Katowice | კატოვიცე | Катовице | Katowice | ಕತೋವೀಸ್ಸ | 카토비체 | Katovîts | Катовице | Katovicum | Katowice | Katowice | Katowice | Katovicai | Katovice | Katowice | Катовице | Katowice | Katowice | Катовице | Катовице | कातोवित्सा | Katowice | کاتوۏيتسى | Katowice | Катовице ош | Katowice | Katowice | Katowice | Katowice | Kattowitz | Kattewiets | क्याटोभिस | Katowice | Katowice | Katowice | Katowice | Катовице | Kattowitz | Katowice | کاتووچ | Katowice | Katowice | Katovice | Katowice | Katowice | Katowice | Katowice | ڪاتوويتس | Katowice | Katowice | කටෝවිස් | Katowice | Katowice | Katowice | Katowice | Katowicy | கெட்டோவிட்ஸ் | కాటొవీస్ | Katowice | Котувитс | กาตอวิตแซ | ma tomo Katowise | Katowice | Katowice | Катовитсе | Катовице | Катовиці | کاتوویتس | Katowice | Katowice | Katovice | Katowice | Katowice | Katowice | Katovice | Katowice | Katowice | Katovice | Katovice | Катовице | Katovice | カトヴィツェ | Катовице | 卡托维兹 | 卡托維茲 | Katowice | Katowice | Katowice | Katowice | Katowice | Катовице | Katowice | ካቶቪጸ | Katowice | Katowice | كاتوفيتسه | كاطوڤيتسه | كاتوفيتسه | Katowice | Katovitse | کاتوویتس | Катовице | Катавіцы | Катавіцы | Katowit | Катовице | কাতোভিসে | Katowice | Katowice | Katowice | Катовице | کاتۆڤیتسە | Katovitse | Katovitse | Katowice | Катовица | Katowice | Katowice | Kattowitz | Katowice | ކެޓޮވިސް | Κατοβίτσε | Katowice | Katowice | Katowice | Katowice | Katowice | Katowice
Q67428,Karl Ludwig Kahlbaum,1828,1899,Drezdenko | Drezdenko | Drezdenko | Drezdenko | Дрезденко | Drezdenko | Дрэздэнка | Drezdenko | Дрезденко | Drezdenko (kapital sa munisipyo) | Drezdenko | Dërżéń | Drezdenko | Drezdenko | Drezdenko | Ντρεζντένκο | Drezdenko | Drezdenko | Drezdenko | درزدنکو | Drezdenko | Դրիզենկո | Drezdenko | Drezdenko | ドレズデンコ | Drezdenko | 드레즈덴코 | Drezdenkas | Drezdenko | Drezdenko | Drezdenko | Drezdenko | Drezdenko | Drezdenko | Drezdenko | Drezdenko | Drezdenko | Дрезденко | Drezdenko | Drezdynko | Дрезденко | Дрезденко | Drezdenko | 德雷兹登科 | 德雷兹登科 | 德雷茲登科 | 德雷茲登科
Q67306,Otto Friedrich Bollnow,1903,1991,Stettino | Szczecin | Stettin | Szczecin | Štětín | Szczecin | Szczecin | Szczecin | Szczecin | Szczecin | Szczecin | Szczecin | シュチェチン | 什切青 | Szczecin | Szczecin | Stettin | Stettin | Stettin | Stettin | Stettin | Stettin | Stettin | Stettin | Stettin | Stettin | Stettin | Szczecin | ሽጨቺን | شتشيتشين | شتتين | Szczecin | Szczecin | Şetsin | شچچین | Szczecin | Шчэцін | Шчэцін | Шчечин | স্টাজিন | Szczecin | Szczecin | Щецин | شچێچین | Şçetsin | Şçetsin | Szczecëno | Szczecin | Szczecin | Szczecin | Στσέτσιν | Szczecin | Szczecin | Szczecin | Szczecin | Szczecin | شچچین | Szczecin | Szczecin | શ્ટેચિન | Szczecin | Sṳ̍p-chhiet-chhiâng | שצ'צ'ין | श्टेटीन | Szczecin | Šćećin | Շչեցին | Szczecin | Szczecin | Szczecin | Szczecin | Szczecin | შჩეცინი | Щецин | Szczecin | ಸ್ಟೆಟ್ಟಿನ್ | 슈체친 | Stettinum | Szczecin | Stetin | Ščecinas | Ščecina | Щечин | Щецин | Szczecin | Шчеќин | Шчецин | Шчецин | श्टेचिन | Szczecin | Szczecin | Щецин ош | Szczecin | Szczecin | Szczecin | Szczecin | Szczecin | Estettin | Szczecin | Щецин | ششیچن | شچېچېن | Estetino | Estetino | Szczecin | Szczecin | Щецин | Щецин | Szczecin | Szczecin | Szczecin | Шчећин | සෙසින් | Štetín | Szczecin | Szczecin | Шчећин | Szczecin | Szczecin | Sztetin | ஸ்செசின் | స్జేచిన్ | Szczecin | Штеттин | ชแชตชิน | Szczecin | ma tomo Sesin | Szczecin | Щецин | Шӵечин | Shchétsin | Щецин | شٹیچین | Shchetsin | Stetin | Ščecin | Szczecin | Szczecin | Szczecin | 什切青 | შჩეცინი | שטעטין | 舒車前 | 什切青 | 什切青 | 什切青
Q62694,Heinz Jost,1904,1964,Homberg (Efze) | Homberg (Efze) | Homberg (Efze) | Homberg (Efze) | Homberg (Efze) | Homberg (Efze) | Хомберг (Эфце) | Homberg (Efze) | Homberg (Efze) | Homberg (Efze) | Homberg (Efze) | Homberg (Efze) | Homberg (Efze) | Homberg (Efze) | Homberg (Efze) | 埃夫策河畔洪贝格 | 埃夫策河畔洪贝格 | 埃夫策河畔洪貝格 | 埃夫策河畔洪貝格 | Homberg (Efze) | Homberg (Efze) | Homberg (Efze) | Homberg (Efze) | Homberg (Efze) | Homberg (Efze) | Homberg (Efze) | Homberg (Efze) | Homberg (Efze) | همبرگ | Гомберг | ホムベルク | Хомберг | Хомберг | Хомберг | Homberg (Efze) | Homberg (Efze) | هومبرغ | هومبرج | Homberg (Efze) | Homberg (Efze) | Хомберг | Homberg (Efze) | Homberg (Efze) | Хомберг (Эфце) | Homberg (Efze) | Homberg (Efze) | Homberg (Efze) | Homberg (Efze) | Homberg (Efze) | Homberg (Efze) | Homberg (Efze) | Homberg (Efze) | Homberg (Efze) | Homberg (Efze) | Homberg (Efze) | Homberg (Efze) | Homberg (Efze) | Homberg (Efze) | Homberg (Efze) | Homberg (Efze) | Homberg (Efze) | Homberg (Efze) | Homberg (Efze) | Homberg (Efze) | Homberg (Efze) | הומברג | Homberg (Efze) | Homberg (Efze) | Homberg (Efze) | Homberg (Efze) | Homberg (Efze) | Homberg (Efze) | Homberg (Efze) | Homberg (Efze) | Homberg (Efze) | Homberg (Efze) | Homberg (Efze) | Homberg (Efze) | Homberg (Efze) | Homberg (Efze) | Homberg (Efze) | Homberg (Efze) | Homberg (Efze) | Homberg (Efze) | Homberg (Efze) | Homberg (Efze) | Homberg (Efze) | Homberg (Efze) | Homberg (Efze) | Homberg (Efze) | Homberg (Efze) | Homberg (Efze) | Homberg (Efze) | Homberg (Efze) | Homberg (Efze) | Homberg (Efze) | Homberg (Efze) | Homberg (Efze) | Homberg (Efze) | Homberg (Efze)
Q63596,Carl Gustaf Hellqvist,1851,1890,Kungsör | Kungsör | Kungsör | Kungsör | Kungsör | Kungsör | Кунгсьор | Kungsör | Kungsör (kapital sa munisipyo) | Kungsör | Kungsör | Kungsör | کونگزور | Kungsör | Kungsör | Kungsör | קונגסור | Kungsör | Kungsör | Kungsör | Kungseras | Kungsör | Kungsör | Kungsör | Kungsör | Kungsör | Kungsör | Кунгсёр | Кунгсер | 孔瑟尔 | 孔瑟尔 | 孔瑟尔 | 孔瑟爾
Q63630,Odo Marquard,1928,2015,Słupsk | Słupsk | Słupsk | سووبسك | سووبسك | Słupsk | Slupsk | Слупск | Слупск | Слупск | Слупск | স্লা্পস্ক | Słupsk | Słupsk | Слупск | Słupsk | Słupsk | Stôłpsk | Słupsk | Słupsk | Słupsk | Słupsk | Σουούπσκ | Słupsk | Słupsk | Słupsk | Słupsk | Słupsk | سووپسک | Słupsk | Słupsk | Słupsk | સ્લુપ્સ્ક | Słupsk | Słupsk | שטולפ | सलउपस्क | Słupsk | Słupsk | Սլուպսկ | Słupsk | Słupsk | スウプスク | Słupsk | სლუპსკი | ಸ್ಲುಫ್ಸ್ಕ್ | 스웁스크 | Stolpe | Słupsk | Slupskas | Slupska | Слупск | Слупск | स्लाप्स | Słupsk | Słupsk | Słupsk | Słupsk | Stolp | Słupsk | Słupsk | Słupsk | Слупск | Słupsk | Słupsk | Слупск | Слупск | Słupsk | ස්ලප්ස්ක් | Słupsk | Słupsk | Слупск | Słupsk | Słupsk | சலமஸ்க் | సలుపఁస్క్ | สวุปสก์ | Słupsk | Слупск | Слупск | Слупськ | سلوپسک | Slupsk | Słupsk | Słupsk | 斯武普斯克 | 斯烏普斯克 | 斯武普斯克 | 斯武普斯克 | 斯武普斯克 | 斯武普斯克 | 斯武普斯克 | 斯武普斯克 | 斯武普斯克 | Słupsk
Q62379,Ferdinand Zirkel,1838,1912,Bonn | Bonn | বন | Bonn | بون | Bonn | Bonn | Bonn | Bonn | 본 | Boni | Bona | בון | Bonn | Bona | Bonn | ボン | Bonn | Бонн | Бон | Бонн | Бонн | Бон | Бон | Бон | பான் | بون | Bonn | بون | Bonno | Bonn | Bonn | بن | Бонн | Bonna | 波恩 | Bonna | Bonn | Bonn | Bonn | Bonn | Bonn | Bonn | Bonn | Bonn | Bonn | Bonn | Bonn | Bonn | Bonn | Bonn | Bonn | Bonn | Bonn | Bonn | Bonn | Bonn | Bonn | Bonn | Bonn | Bonn | Bonn | Bonn | Bonn | Bonn | Bonn | Bonn | Bonn | Bonn | Bonn | Bonn | Bonn | Bonn | Bonn | Bonn | Bonn | Bonn | Bonn | Bonn | Bonn | Bonn | Bonn | Bonn | Bonn | Bonn | Bonn | Bonn | Bonn | Bonn | Bonn | Bonn | Bonn | Bonn | Bonn | Bonn | Bonn | Bonn | Bonn | Bonn | Bonn | Bonn | Bonn | Bonn | Bonn | Bonn | Bonn | Bonn | Bonn | Bonn | Bonn | Bonn | Bonn | Bonn | Bonn | Bonn | Bonn | Bonn | Bonn | Bonn | Bonn | Bonn | Bonn | Bonn | Bonn | Bonn | Bonn | Bonn | Bonn | Bonn | Bonn | Bonn | Bonn | Bonn | Bonn | Bonn | Bonn | 波恩 | Bonn | ബോൺ | ቦን | Bonceaster | بون (المانيا) | Бонн | བྷོ་ཨིན། | بۆن، ئەڵمانیا | Бонн | Βόννη | Bonn | بؤن | 𐌱𐌰𐌿𐌽𐌽 | બોન | बॉन | Բոնն | ბონი | Бонн | ಬಾನ್ನ್ | Бонн | Bonn | Бонн | Бон | Бонн | बॉन | बोन | Бонн | ਬੌਨ | بون | بون | Bonn | බොන | Бонн | Bonn | Bonn | Bonn | బొన్ | Бонн | บ็อน | Бонн | 波恩 | באן | 波恩 | 波恩 | 波昂
Q62418,Kurt Goldstein,1878,1965,Katovice | Katowice | Katowice | Katovice | Katovice | Катовице | Katovice | カトヴィツェ | Катовице | 卡托维兹 | 卡托維茲 | Katowice | Katowice | Katowice | Katowice | Katowice | Катовице | Katowice | ካቶቪጸ | Katowice | Katowice | كاتوفيتسه | كاطوڤيتسه | كاتوفيتسه | Katowice | Katovitse | کاتوویتس | Катовице | Катавіцы | Катавіцы | Katowit | Катовице | কাতোভিসে | Katowice | Katowice | Katowice | Катовице | کاتۆڤیتسە | Katovitse | Katovitse | Katowice | Катовица | Katowice | Katowice | Kattowitz | Katowice | ކެޓޮވިސް | Κατοβίτσε | Katowice | Katowice | Katowice | Katowice | Katowice | Katowice | کاتوویتس | Katowice | Katowice | Katowice | Katowice | Katowice | Katowice | Katowice | Katowice / Kattowitz | કેટોવાઇસ | Katowice | Khà-thok-vì-chṳ | קטוביץ | कटोविस | Katowice | Katowice | Katowice | Կատովիցե | Կատովիցե | Katowice | Katowice | Katowice | Katowice | Katowice | Katowice | tcadrkatovitse | Katowice | კატოვიცე | Катовице | Katowice | ಕತೋವೀಸ್ಸ | 카토비체 | Katovîts | Катовице | Katovicum | Katowice | Katowice | Katowice | Katovicai | Katovice | Katowice | Катовице | Katowice | Katowice | Катовице | Катовице | कातोवित्सा | Katowice | کاتوۏيتسى | Katowice | Катовице ош | Katowice | Katowice | Katowice | Katowice | Kattowitz | Kattewiets | क्याटोभिस | Katowice | Katowice | Katowice | Katowice | Катовице | Kattowitz | Katowice | کاتووچ | Katowice | Katowice | Katovice | Katowice | Katowice | Katowice | Katowice | ڪاتوويتس | Katowice | Katowice | කටෝවිස් | Katowice | Katowice | Katowice | Katowice | Katowicy | கெட்டோவிட்ஸ் | కాటొవీస్ | Katowice | Котувитс | กาตอวิตแซ | ma tomo Katowise | Katowice | Katowice | Катовитсе | Катовице | Катовиці | کاتوویتس | Katowice | Katowice | Katovice | Katowice | Katowice | Katowice | Katowice | Katowice | 卡托维兹 | კატოვიცე | קאטאוויץ | 卡托維治 | 卡托维兹 | 卡托维兹 | Katowice
Q62402,Paul Julius Möbius,1853,1907,Lipsia | Leipzig | Leipzig | ലീപ്സിഗ് | Leipzig | Leipzig | Lipcse | Лейпциг | Lipsko | Lipsko | Leipzig | Lipsk | Leipzig | Leipzig | Leypsiq | Лейпцыг | Ляйпцыг | Լայպցիգ | Лајпциг | Лейпциг | Leipzig | ላይፕጽግ | Leipzig | لايبزيغ | لايبتزج | Leipzig | لایپزیق | Лейпциг | Leipzig | Leipzig | Лайпциг | লাইপ্ৎসিশ | Leipzig | Leipzig | Leipzig | Лейпциг | Leipzig | لایپزیگ | Lipsia | Leyptsig | Leyptsig | Лейпциг | Leipzig | Leipzig | Leipzig | Leipzig | Leipzig | Lipsk | Λειψία | Leipzig | Leipzig | Leipzig | Leipzig | Leipzig | Leipzig | Leipzig | لایپزیگ | Leipzig | Leipzig | Leipzig | Leipzig | Leipzig | Leipzig | Leipzig | Leipzig | Leipzig | Leipzig | Leipzig | લેઇપઝિગ | Leipzig | Leipzig | Lipekika | לייפציג | लिपजिग | Leipzig | Lipsk | Լայփցիկ | Leipzig | Leipzig | Leipzig | Leipzig | Leipzig | ライプツィヒ | Leipzig | ლაიფციგი | Leipzig | Leipzig | Лейпциг | ಲೈಪ್ಜಿಗ್ | 라이프치히 | 라이프찌히 | Leipzig | Лейпциг | Lipsia | Leipzig | Leipzig | Leipzig | Leipzig | Leipzig | Lipsia | Leipcigas | Leipciga | 萊比錫 | Лэйпциг | Leipzig | Leipzig | Лайпциг | लाइपझिश | Leipzig | Leipzig | လိုက်ပဆစ်မြို့ | لایپتسیش | Leipzig | Leipzig | Lipsia | Leipzig | Leipzig | Leipzig | लेइपजिग | Leipzig | Leipzig | ߟߋߌߔߑߖ߭ߌߜ߭ | Leipzig | Leipzig | Лейпциг | ਲਾਈਪਸਿਸ਼ | Leipzig | Leipzig | Leipzig | Lipsia | لیپزش | Leipzig | Leipzig | Leipzig | Leipzig | Leipzig | Ліпско | Lipsia | Lipsia | Leipzig | ليپزگ | Leipzig | ලේයිප්සිග් | Leipzig | Lajpcigu | Лајпциг | Лајпциг | Leipzig | Leipzig | Leipzig | Lajpcik | லைப்சிக் | లేఇప్జిగ్ | Лейпзиг | ไลพ์ซิช | Leipzig | Leipzig | Лейпциг | Leipzig | Leipzig | Léypzig | لائپزش | Leipzig | Leipzig | Läipcig | Leipzig | Leipzig | Leipzig | Leipzig | Leipzig | Leipzig | 莱比锡 | ლაიფციგი | לייפציג | 萊比錫 | 莱比锡 | 莱比锡 | 莱比锡 | 萊比錫 | 萊比錫 | Leipzig
Q62909,Erich Abraham,1895,1971,มัลบอร์ก | Malbork | Мальборк | Мальборк | Malbork | Malbork | 马尔堡 (波兰) | 貓搏 | Malbork | Marienburg | Marienburg | 马尔堡 | 马尔堡 | 马尔堡 | 馬爾堡 | 馬爾堡 | 马尔堡 | 馬爾堡 | Marianburg | مالبورك | مالبورك | Мальбарк | Мальбарк | Малборк | Malbork | Malbork | Мальборк | Malbork | Malbork | Malbórg | Malbork | Malbork | Malbork | Malbork | Μάλμπορκ | Malbork | Malbork | Malbork | Malbork | Malbork | Malbork | مالبورک | Malbork | Malbork | Malbork | Malbork | מאלבורק | Malbork | Malbork | Malbork | Malbork | Malbork | マルボルク | Malbork | 말보르크 | Malborkas | Malborka | माल्बोर्क | Malbork | Malbork | Malbork | Malbork | Malbork | Malbork | Malbork | Malbork | Мальборк | Malbork | Malbork | Malbork | Malbork | Малборк | Малборк | Malbork | Malbork | Malbork
Q62437,Frank Farian,1941,2024,Kirn | Kirn | Kirn | Kirn | Kirn | Kirn | Kirn | Kirn | Kirn | Kirn | Kirn | Kirn | Kirn | Kirn | کیرن | キルン | كيرن | كيرن | Кірн | Кирн | Kirn (munisipyo) | קירן | Кирн | Кирн | Kirn | Kiere | Кирн | Кирн | Kirn (Nadryńijo-Palatynat) | Кирн | Кірн | 基恩 | Kirn | 基恩 | Kirn | Kirn | Kirn | Kirn | Kirn | Kirn | Kirn | Kirn | Kirn | Kirn | Kirn | Kirn | Kirn | Kirn | Kirn | Kirn | Kirn | Kirn | Kirn | Kirn | Kirn | Kirn | Kirn | Kirn | Kirn | Kirn | Kirn | Kirn | Kirn | Kirn | Kirn | Kirn | Kirn | Kirn | Kirn | Kirn | Kirn | Kirn | Kirn | Kirn | Kirn | Kirn | Kirn | Kirn | Kirn | Kirn | Kirn | Kirn | Kirn | Kirn | Kirn | Kirn | Kirn | Kirn | Kirn | Kirn | Kirn | Kirn | Kirn | Kirn | Kirn | Kirn | Kirn | Kirn | Kirn
Q62920,Friedrich Daniel von Recklinghausen,1833,1910,Gütersloh (kapital sa distrito) | Gütersloh | Gütersloh | Gütersloh | Гютерсло | Gütersloh | Gütersloh | Gütersloh | غوترسلوه | جوترسلوه | Gütersloh | Gütersloh | Gütersloh | Гютэрсла | Гютерсло | Gütersloh | Gütersloh | Гуьтерсло | گوترسلو | Gütersloh | Gütersloh | Gütersloh | Gütersloh | Gütersloh | Gütersloh | Γκύτερσλο | Gütersloh | Gütersloh | Gütersloh | Gütersloh | Gütersloh | گوترسلوه | Gütersloh | Gütersloh | Gütersloh | Gütersloh | Gütersloh | Gütersloh | Gütersloh | גיטרסלו | Gütersloh | Gütersloh | Գյութերսլո | Gütersloh | Gütersloh | Gütersloh | Gütersloh | Gütersloh | Gütersloh | ギュータースロー | Gütersloh | Гютерсло | Gütersloh | 귀터슬로 | Gütersloh | Гютерсло | Gutersloha | Gütersloh | Gütersloh | Gütersloh | Gütersloh | Giuterslas | Gütersloh | Gütersloh | Gütersloh | Gütersloh | Gütersloh | Gütersloh | Gütsel | Gütersloh | Gütersloh | Gütersloh | Gütersloh | Gütersloh | Gütersloh | Gütersloh | Gütersloh | Gütersloh | Gütersloh | Gütersloh | Gütersloh | Gütersloh | Gütersloh | Gütersloh | Gütersloh | Gütersloh | Gütersloh | Гитерслох | Gütersloh | Gütersloh | Gütersloh | กือเทิร์สโล | Gütersloh | Гүтерсло | Gütersloh | Гютерсло | Gütersloh | Gütersloh | Gütersloh | Gütersloh | Gütersloh | Gütersloh | Gütersloh | Gütersloh | 居特斯洛 | 居特斯洛 | Gütersloh
Q67908,Theodor Hartig,1805,1880,Dillenburg | Dillenburg | Dillenburg | Dillenburg | Dillenburg | Dillenburg | Dillenburg | Dillenburg | Dillenburg | Dillenburg | Dillenburg | Dillenburg | Dillenburg | Dillenburg | Dillenburg | Dillenburg | Dillenburg | Dillenburg | Dillenburg | Dillenburg | Dillenburg | Dillenburg | Dillenburg | Dillenburg | Dillenburg | Dillenburg | Dillenburg | Dillenburg | Dillenburg | Dillenburg | Dillenburg | Dillenburg | Dillenburg | Dillenburg | ديلنبورغ | ديلنبورج | دیلنبورق | Дыленбург | Диленбург | Дилленбург | Ντίλλενμπουργκ | دیلنبورگ | Dillenboarch | דילנבורג | Դիլենբուրգ | ディレンブルク | Дилленбург | دىيللەنبۋرگ | Дилленбург | Dïllenbwrg | Дилленбург | Dillenburg | Диленбург | Диленбург | Dilenburg | Дилленбург | Ділленбург | 迪伦堡 | 迪伦堡 | 迪倫堡 | 迪倫堡 | Dillenburg | Дилленбург | Dillenburg | Dillenburg
Q67997,Herbert Lange,1909,1945,"Ziethen | Ziethen | Ziethen | Ziethen | Ziethen | Ziethen | Цитен | Цитен | Ziethen | Ziethen | Цитен | Ziethen | Ziethen | 齐滕 | Ziethen | Ziethen | زيثين ميكلينبورج ڤورپوميرن | Ziethen | Ziethen | Ziethen | Ziethen | Цитен (Хьалхара Померани) | Ziethen (munisipyo sa Alemanya, Mecklenburg-Western Pomerania, lat 53,88, long 13,68) | Ziethen | Ziethen | Ziethen | Ziethen | Ziethen | Ziethen | Ziethen | Ziethen (apud Anklam) | Ziethen | تسیتن (مکلنبورگ-فورپومرن) | Ziethen | Ziethen | Ziethen | Ziethen | Ziethen | Ziethen | Ziethen | Ziethen | Ziethen (bei Anklam) | Ziethen | Ziethen | Ziethen | Ziethen | Ziethen | Ziethen (Meclemburgo) | Ziethen | Ziethen, Mecklenburg-Vorpommern | Ziethen | Ziethen | Ziethen | Ziethen | Ziethen | Ziethen, Mecklenburg-Vorpommern | Ziethen | Ziethen | Ziethen | Ziethen | Ziethen | Ziethen | Ziethen | Ziethen | Ziethen (Meklemburgia-Pomorze Przednie) | Ziethen | Ziethen | Ziethen | Ziethen (bei Anklam) | Ziethen | Ziethen | Ziethen | Ziethen | Ziethen | Цитен (бај Анклам) | Ziethen | Ziethen | Цитен (Көнчыгыш Алгы Померания) | Цитен | Ziethen (bei Anklam) | Ziethen | Ziethen, Mecklenburg-Vorpommern | Ziethen | Ziethen (Mecklenburg-Vorpommern) | Ziethen | Ziethen, Mecklenburg-Vorpommern | Ziethen | Ziethen"
Q66245,Oskar Fischinger,1900,1967,Gelnhausen | Gelnhausen | Gelnhausen | Gelnhausen | Gelnhausen | Gelnhausen | Gelnhausen | Gelnhausen | Gelnhausen | Gelnhausen | Gelnhausen | Gelnhausen | Gelnhausen | Gelnhausen | Gelnhausen | Gelnhausen | Gelnhausen | Gelnhausen | Gelnhausen | Gelnhausen | Gelnhausen | Gelnhausen | Gelnhausen | Gelnhausen | Gelnhausen | Gelnhausen | Gelnhausen | Gelnhausen | Gelnhausen | Gelnhausen | Gelnhausen | Gelnhausen | Gelnhausen | Gelnhausen | Gelnhausen | Gelnhausen | Gelnhausen | Gelnhausen | Gelnhausen | Gelnhausen | Gelnhausen | Gelnhausen | Gelnhausen | Gelnhausen | Gelnhausen | Gelnhausen | Gelnhausen | Gelnhausen | Gelnhausen | Gelnhausen | Gelnhausen | Gelnhausen | Gelnhausen | Gelnhausen | Gelnhausen | Gelnhausen | Gelnhausen | Gelnhausen | Gelnhausen | Gelnhausen | Gelnhausen | Gelnhausen | Gelnhausen | Gelnhausen | Gelnhausen | Gelnhausen | Gelnhausen | Gelnhausen | Gelnhausen | Gelnhausen | Gelnhausen | Gelnhausen | Gelnhausen | Gelnhausen | Gelnhausen | Gelnhausen | Gelnhausen | غيلنهاوزن | جيلنهاوزن | قلنهاوزن | Гельнгаўзен | Гелнхаузен | Гельнхаузен | Gelnhausen (kapital sa distrito) | Gelnhausen | Γκέλνχαουζεν | گلنهاوزن | גלנהאוזן | Գելնհաուզեն | ゲルンハウゼン | 겔른하우젠 | Gelnhausen | Gelnhausen | Gelnhauzenas | Gelnhauzene | Гельнхаузен | Гелнхаузен | Гелнхаузен | Gelnhauzen | Gelnhausen | Gelnhausen | Gelnhausen | Гельнгаузен | 盖尔恩豪森 | 盖尔恩豪森 | 盖尔恩豪森 | 蓋爾恩豪森 | 蓋爾恩豪森
Q57389,Alfred Döblin,1878,1957,Στσέτσιν | Szczecin | Szczecin | Szczecin | Szczecin | Szczecin | شچچین | Szczecin | Szczecin | શ્ટેચિન | Szczecin | Sṳ̍p-chhiet-chhiâng | שצ'צ'ין | श्टेटीन | Szczecin | Šćećin | Շչեցին | Szczecin | Szczecin | Szczecin | Szczecin | Szczecin | შჩეცინი | Щецин | Szczecin | ಸ್ಟೆಟ್ಟಿನ್ | 슈체친 | Stettinum | Szczecin | Stetin | Ščecinas | Ščecina | Щечин | Щецин | Szczecin | Шчеќин | Шчецин | Шчецин | श्टेचिन | Szczecin | Szczecin | Щецин ош | Szczecin | Szczecin | Szczecin | Szczecin | Szczecin | Estettin | Szczecin | Щецин | Stettino | Szczecin | Stettin | Szczecin | Štětín | Szczecin | Szczecin | Szczecin | Szczecin | Szczecin | Szczecin | Szczecin | シュチェチン | 什切青 | Szczecin | Szczecin | Stettin | Stettin | Stettin | Stettin | Stettin | Stettin | Stettin | Stettin | Stettin | Stettin | Stettin | Szczecin | ሽጨቺን | شتشيتشين | شتتين | Szczecin | Szczecin | Şetsin | شچچین | Szczecin | Шчэцін | Шчэцін | Шчечин | স্টাজিন | Szczecin | Szczecin | Щецин | شچێچین | Şçetsin | Şçetsin | Szczecëno | Szczecin | Szczecin | Szczecin | ششیچن | شچېچېن | Estetino | Estetino | Szczecin | Szczecin | Щецин | Щецин | Szczecin | Szczecin | Szczecin | Шчећин | සෙසින් | Štetín | Szczecin | Szczecin | Шчећин | Szczecin | Szczecin | Sztetin | ஸ்செசின் | స్జేచిన్ | Szczecin | Штеттин | ชแชตชิน | Szczecin | ma tomo Sesin | Szczecin | Щецин | Шӵечин | Shchétsin | Щецин | شٹیچین | Shchetsin | Stetin | Ščecin | Szczecin | Szczecin | Szczecin | 什切青 | შჩეცინი | שטעטין | 舒車前 | 什切青 | 什切青 | 什切青
Q65223,Johann Karl Burckhardt,1773,1825,Lipsia | Leipzig | Leipzig | ലീപ്സിഗ് | Leipzig | Leipzig | Lipcse | Лейпциг | Leipzig | Leipzig | လိုက်ပဆစ်မြို့ | لایپتسیش | Leipzig | Leipzig | Lipsia | Leipzig | Leipzig | Leipzig | लेइपजिग | Leipzig | Leipzig | ߟߋߌߔߑߖ߭ߌߜ߭ | Leipzig | Leipzig | Лейпциг | ਲਾਈਪਸਿਸ਼ | Leipzig | Leipzig | Leipzig | Lipsia | لیپزش | Leipzig | Leipzig | Leipzig | Leipzig | Leipzig | Ліпско | Lipsia | Lipsia | Leipzig | ليپزگ | Leipzig | ලේයිප්සිග් | Leipzig | Lajpcigu | Лајпциг | Лајпциг | Leipzig | Leipzig | Leipzig | Lajpcik | லைப்சிக் | లేఇప్జిగ్ | Лейпзиг | ไลพ์ซิช | Leipzig | Leipzig | Лейпциг | Leipzig | Leipzig | Léypzig | لائپزش | Leipzig | Leipzig | Läipcig | Leipzig | Leipzig | Leipzig | Leipzig | Leipzig | Leipzig | 莱比锡 | ლაიფციგი | לייפציג | 萊比錫 | 莱比锡 | 莱比锡 | 莱比锡 | 萊比錫 | 萊比錫 | Leipzig | Lipsko | Lipsko | Leipzig | Lipsk | Leipzig | Leipzig | Leypsiq | Лейпцыг | Ляйпцыг | Լայպցիգ | Лајпциг | Лейпциг | Leipzig | ላይፕጽግ | Leipzig | لايبزيغ | لايبتزج | Leipzig | لایپزیق | Лейпциг | Leipzig | Leipzig | Лайпциг | লাইপ্ৎসিশ | Leipzig | Leipzig | Leipzig | Лейпциг | Leipzig | لایپزیگ | Lipsia | Leyptsig | Leyptsig | Лейпциг | Leipzig | Leipzig | Leipzig | Leipzig | Leipzig | Lipsk | Λειψία | Leipzig | Leipzig | Leipzig | Leipzig | Leipzig | Leipzig | Leipzig | لایپزیگ | Leipzig | Leipzig | Leipzig | Leipzig | Leipzig | Leipzig | Leipzig | Leipzig | Leipzig | Leipzig | Leipzig | લેઇપઝિગ | Leipzig | Leipzig | Lipekika | לייפציג | लिपजिग | Leipzig | Lipsk | Լայփցիկ | Leipzig | Leipzig | Leipzig | Leipzig | Leipzig | ライプツィヒ | Leipzig | ლაიფციგი | Leipzig | Leipzig | Лейпциг | ಲೈಪ್ಜಿಗ್ | 라이프치히 | 라이프찌히 | Leipzig | Лейпциг | Lipsia | Leipzig | Leipzig | Leipzig | Leipzig | Leipzig | Lipsia | Leipcigas | Leipciga | 萊比錫 | Лэйпциг | Leipzig | Leipzig | Лайпциг | लाइपझिश
Q65221,Kurt Reidemeister,1893,1971,Brunswick | Braunschweig | Brunswick | Brunswick | Brunswick | Braunschweig | Braunschweig | Брауншвейг | Braunschweig | Braunschweig | Broenswiek | Braunschweig | براونشوایگ | Braunšveigas | Brunszwik | Brunswick | Brunswick | Brunsvicum | Brunswick | Brunsvigo | 不伦瑞克 | Brunswick | 不伦瑞克 | Brunswyk | Braunschweig | براونشفايغ | براونشفايج | Braunschweig | Braunşveyq | براونشوایق | Braunschweig | Браўншвайг | Браўншвайг | Брауншвайг | ব্রঞ্চউইগ | Brunsvic | Брауншвейг | Braunschweig (kapital sa distrito) | براونشڤایگ | Braunschweig | Braunschweig | Braunschweig | Braunschweig | Braunschweig | Μπράουνσβαϊγκ | Braunschweig | Brunswick | Braunschweig | Braunschweig | Braunschweig | Brunswyk | Braunschweig | Braunschweig | બ્રૌન્ચવેગ | Braunschweig | Braunschweig | בראונשווייג | ब्रंजविक | Braunschweig | Brunšwik | Braunschweig | Բրաունշվայգ | Braunschweig | Braunschweig | Braunschweig | Braunschweig | Brúnsvík | ブラウンシュヴァイク | Braunschweig | ბრაუნშვაიგი | Брауншвейг | ಬ್ರಾನ್ಜ್ವಿಕ್ | 브라운슈바이크 | Braunschweig | Брауншвейг | Braunschweig | Braunšveiga | Брауншвэйг | Braunschweig | Брауншвајг | Брауншвайг | ब्राउनश्वाइग | Braunschweig | Brunswick | Braunschweig | Bronswiek | Braunschweig | Brunswick | Брауншвейг | Brunsvique | Brunsvique | Braunschweig | Braunschweig | Braunschweig | බ්රෝන්ෂ්විග් | Braunschweig | Braunschweig | Braunshvajgi | Брауншвајг | Braunschweig | Braunschweig | Braunschweig | பிரான்ஷ்விக் | బ్రౌన్ స్వైగ్ | Брауншвейг | เบราน์ชไวค์ | Брауншвейг | Braunschweig | Braunshwéyg | Брауншвейг | برانشویگ | Braunschweig | Braunschweig | Braunschweig | Braunschweig | Braunschweig | 不伦瑞克 | ברוינשווייג | 布倫瑞克 | 不伦瑞克 | 不倫瑞克 | 賓士域 | 布倫瑞克
Q57457,Friedrich Dollmann,1882,1944,Вюрцбург | ورزبرگ | Wurtzburgo | Wurtzburgo | Вӯрцбурґ | වර්ස්බර්ග් | Вирцбург | வர்ஸ்பர்க் | ఉర్జ్బర్గ్ | เวือทซ์บวร์ค | Вүрцбург | وزبرگ | 维尔茨堡 | 烏茲堡 | 维尔茨堡 | 维尔茨堡 | 维尔茨堡 | 符茲堡 | 維爾茨堡 | 維爾茨堡 | 维尔茨堡 | 维尔茨堡 | 符茲堡 | Würzburg | Würzburg | Вюрцбург | Würzburg | Würzburg | Würzburg | Wurzburgo | Würzburg | Würzburg | Վյուրցբուրգ | Würzburg | Вюрцбург | Würzburg | Вирцбург | Würzburg | Würzburg | Würzburg | Вюрцбург | Würzburg | Вюрцбург | Würzburg | Würzburg | Würzburg | Würzburg | Würzburg | Würzburg | Würzburg | Würzburg | Würzburg | Würzburg | Würzburg | Würzburg | Würzburg | Würzburg | Würzburg | Würzburg | Würzburg | Würzburg | Würzburg | Würzburg | Würzburg | Würzburg | Würzburg | Würzburg | Würzburg | Würzburg | Würzburg | Würzburg | Würzburg | Würzburg | Würzburg | Würzburg | Würzburg | Würzburg | Würzburg | Würzburg | Würzburg | Würzburg | Würzburg | Würzburg | Würzburg | Würzburg | Würzburg | Würzburg | Würzburg | Würzburg | Würzburg | Würzburg | Würzburg | Wurtzbourg | Würzburg (kapital sa distrito nga gobyerno) | וירצבורג | فورتسبورغ | فورتسبورج | Wurzburgu | Vürtsburq | وورتسبورق | Wiazburg | Вюрцбург | Вюрцбург | উর্জবুর্গ | Вуьрцбург | ورزبورگ | Вюрцбург | Βύρτσμπουργκ | Vircburgo | وورتسبورگ | Würzbörj | વુર્ઝબર્ગ | वुर्जबर्ग | ヴュルツブルク | ვიურცბურგი | ವುರ್ಜ್ ಬರ್ಗ್ | 뷔르츠부르크 | Wûrzburg | Вюрцбург | Herbipolis | Würzburg | Viurcburgas | Vircburga | व्युर्झबुर्ग | Wurzburg | Wurzburg | Würzborg
Q57367,Erich Hoepner,1886,1944,فرانکفورت | Франкфурт | Франкфурт-на-Одере | فرانكفورت | Φρανκφούρτη | 프랑크푸르트 | Франкфурт | فرینکفرٹ | Frankfurt | Frankfurt (Oder) | Frankfurt (Oder) | Frankfurt (Oder) | Frankfurt (Oder) | Frankfurt (Oder) | Frankfurt (Oder) | Frankfurt (Oder) | فرانكفورت على أودر | Frankfurt (Oder) | Frankfurt-na-Oder | Одерҙағы Франкфурт | Frankfurt an da Oder | Франкфурт-на-Одэры | Франкфурт-на-Одры | Франкфурт на Одер | Frankfurt (Oder) | Frankfurt de l'Oder | Одер-тӀера-Франкфурт | Francuforte su l'Oder | Frankfurt nad Odrou | Frankfurt an der Oder | Frankfurt (Oder) | Frankfurt (Oder) | Frankfurt (Oder) | Frankfurt (Oder) | Frankobrod-Odra | Frankfurt (Oder) | Frankfurt (Oder) | Frankfurto ĉe Odro | Fráncfort del Óder | Frankfurt Oderi ääres | Frankfurt Oder | Frankfurt (Oder) | Francfort-sur-l'Oder | Frankfurt (Oder) | Frankfurt (Oder) | Frankfurt (Oder) | Frankfurt oan de Oder | Frankfurt (Oder) | Frankfurt (Oder) | Frankfurt (Oder) | Frankfurt (Oder) | Frankfurt (Oder) | פרנקפורט על האודר | Frankfurt na Odri | Frankobrod nad Wódru | Frankfurt (Oder) | Օդերի Ֆրանկֆուրտ | Frankfurt (Oder) | Frankfurt an der Oder | Frankfurt (Oder) | Frankfurt (Oder) | Frankfurt (Oder) | Francoforte sull'Oder | フランクフルト・アン・デア・オーダー | Frankfurt an der Oder | ოდერის ფრანკფურტი | Frankfurt (Oder) | Frankfurt (Oder) | Francofortum ad Oderam | Frankfurt (Oder) | Frankfurt (Oder) | Frankfurt (Oder) | Frankfurt (Oder) | Frankfurtas prie Oderio | Frankfurte pie Oderas | Frankfurt (Oder) | Frankfurt (Oder) | Франкфурт на Одра | Frankfurt an der Oder | Frankfurt (Oder) | Frankfurt (Oder) | Frankfort an de Oder | Frankfurt (Oder) | Frankfort aan de Oder | Frankfurt an der Oder | Frankfurt (Oder) | Frankfurt (Oder) | Frankfurt (Oder) | Frankfurt nad Odrą | Frankfurt (Oder) | Frankfurt an der Oder | Frankfurt an der Oder | Frankfurt (Oder) | Francuforte subra s'Oder | Frankfurt (Oder) | Frankfurt (Oder) | Frankfurt nad Odrou | Frankfurt ob Odri | Франкфурт на Одри | Frankfurt (Oder) | Frankfurt an der Oder | Frankfurt (Oder) | Frankfurt (Oder) | Francfort del Oder | Франкфурт-ам-Одер | Франкфурт-на-Одері | Frankfurt (Oder) | Francoforte de l'Oder | Frankfurt (Oder) | Frankfurt (Oder) | Frankfurt len Oder | Frankfurt (Oder) | Frankfurt (Oder) | Frankfurt (Oder) | 奥得河畔法兰克福 | ოდერიშ ფრანკფურტი | פראנקפורט אן דער אדער | 奧德河畔法蘭克福 | 奥得河畔法兰克福 | 奧得河畔法蘭克福 | Frankfurt (Oder) | Frankfurt (Oder)
Q57470,Otto Liman von Sanders,1855,1929,Słupsk | Słupsk | Słupsk | سووبسك | سووبسك | Słupsk | Slupsk | Слупск | Слупск | Слупск | Слупск | স্লা্পস্ক | Słupsk | Słupsk | Слупск | Słupsk | Słupsk | Stôłpsk | Słupsk | Słupsk | Słupsk | Słupsk | Σουούπσκ | Słupsk | Słupsk | Słupsk | Słupsk | Słupsk | سووپسک | Słupsk | Słupsk | Słupsk | સ્લુપ્સ્ક | Słupsk | Słupsk | שטולפ | सलउपस्क | Słupsk | Słupsk | Սլուպսկ | Słupsk | Słupsk | スウプスク | Słupsk | სლუპსკი | ಸ್ಲುಫ್ಸ್ಕ್ | 스웁스크 | Stolpe | Słupsk | Slupskas | Slupska | Слупск | Слупск | स्लाप्स | Słupsk | Słupsk | Słupsk | Słupsk | Stolp | Słupsk | Słupsk | Słupsk | Слупск | Słupsk | Słupsk | Слупск | Слупск | Słupsk | ස්ලප්ස්ක් | Słupsk | Słupsk | Слупск | Słupsk | Słupsk | சலமஸ்க் | సలుపఁస్క్ | สวุปสก์ | Słupsk | Слупск | Слупск | Слупськ | سلوپسک | Slupsk | Słupsk | Słupsk | 斯武普斯克 | 斯烏普斯克 | 斯武普斯克 | 斯武普斯克 | 斯武普斯克 | 斯武普斯克 | 斯武普斯克 | 斯武普斯克 | 斯武普斯克 | Słupsk
Q57365,Rudolf Caracciola,1901,1959,Remagen | Remagen | Remagen | Remagen | Remagen | Remagen | Remagen | Remagen | Remagen | Remagen | Remagen | Remagen | Remagen | Remagen | Remagen | Remagen | Remagen | Remagen | Remagen | Remagen | Remagen | Remagen | Remagen | Remagen | Remagen | Remagen | Remagen | Remagen | Remagen | Remagen | Remagen | Remagen | Remagen | Remagen | Remagen | Remagen | Remagen | Remagen | Remagen | Remagen | Remagen | Remagen | Remagen | Remagen | Remagen | Remagen | Remagen | Remagen | Remagen | Remagen | Remagen | Remagen | Remagen | Remagen | Remagen | Remagen | Remagen | Remagen | Remagen | Remagen | Remagen | Remagen | Remagen | Remagen | Remagen | Remagen | Remagen | Remagen | Remagen | Remagen | Remagen | Remagen | Remagen | Remagen | Remagen | Remagen | Remagen | Remagen | Remagen | Remagen | Remagen | Remagen | Remagen | Rigomagus | ሬማገን | رماغن | رماجن | رماقن | Рэмаген | Ремаген | Ρεμάγκεν | رماگن | רמאגן | レマーゲン | Ремаген | رەماگەن | Ремаген | Ремаген | Remagen | Ремаген | Ремаген | Ремаген | Ремаген | Ремаген | Ремаген | 雷马根 | 雷马根 | 雷馬根 | 雷馬根
Q57384,Wernher von Braun,1912,1977,Выжиск | Wyrzysk | Wyrzysk | Wyrzysk | Wyrzysk | Wyrzysk | Wyrzysk | Выжыск | Wyrzysk | Выжиск | Wyrzysk | Wërzëskò | Wyrzysk | Wyrzysk | Βίζισκ | Wyrzysk | Wyrzysk | Wyrzysk | וירז'יסק | Wyrzysk | Wyrzysk | Վիժիսկ | Wyrzysk | Wyrzysk | ヴィジスク | Wyrzysk | Vižiskas | Vižiska | Вижиск | Wyrzysk | Выжиск | Wyrzysk | Wyrzysk | Wyrzysk | Wyrzysk | Вижиск | Wyrzysk | Wyrzysk | Wyrzysk | Выжыск | Вижиськ | Wyrzysk | 維日斯克 | 维日斯克
Q60887,Jeremy Bentham,1748,1832,Londen | 倫敦 | Lonn | Lunnainn | Londye | ಲಂಡನ್ | 𐌻𐌰𐌿𐌽𐌳𐌰𐌿𐌽 | London | લંડન | Lunnin | Landan | Lùn-tûn | Lākana | लंदन | London | Лондон | Landan | london | Лондон | Lɔndrɩ | London | London | Лондон | ទីក្រុងឡុង | ಲಂಡನ್ | Лондон | Лондон | لَندَن | Лондон | Loundres | Londra | Лондон | Лондон | Lundra | Londoni | ລອນດອນ | لندن | लन्दन | लण्डन | Лондон | Лондон | Rānana | Лондон | Лондон | लंडन | Лондон | Londra | လန်ဒန်မြို့ | Лондон ош | Lûn-tun | 倫敦 | Londen | लण्डन | लण्डन | ߟߐ߲ߘߐ߲߬ | Tooh Dineʼé Bikin Haalʼá | Landan | ଲଣ୍ଡନ | Лондон | ਲੰਦਨ | لندن | Λονδίνο | لندن | lundun | Lunrun | Лондон | Londra | लन्डन् | Лондон | ᱞᱚᱱᱰᱚᱱ | لنڊن | Londons | Lunḍun | လၼ်ႇတၼ်ႇ | ලන්ඩන් | لندن | Lonetona | Lontoo | Londër | Лондон | ꠟꠘ꠆ꠒꠘ ꠘꠉꠞ | Lůndůn | Lon-tun | இலண்டன் | లండన్ | Лондон | Лондон | Lonitoni | ma tomo Lantan | Landen | Лондон | Лондон | Łondra | Londn | Londar | 伦敦 | ლონდონი | לאנדאן | Lọndọnu | Lunzdunh | Londra | Londrez | לונדון | Londres | Londýn | Londýn | London | London | ലണ്ടൻ | London | ロンドン | Londres | London | London | لندن | Londyn | لندن | لندن | লন্ডন | Лондон | London | London | London | لندن | London | London | Londonas | London | London | London | Лондон | London | Лондон | لندن | London | London | Londen | 倫敦 | Londres | Londres | Лондан | Londinium | 伦敦 | 倫敦 | London | London | London | London | London | London | Лёндан | London | London | London | London | London | London | London | London | London | London | London | London | London | London | London | London | London | London | London | London | London | London | London | London | London | London | London | ლონდონი | London | London | London | London | London | London | London | London | London | London | London | London | London | London | London | London | London | London | London | London | London | London | London | London | London | London | London | London | London | London | London | London | London | London | London | London | 倫敦 | Londres | 런던 | Londona | Londra | Londe | Londres | Londono | Londain | Londres | Լոնտոն | Londres | ลอนดอน | 倫敦 | Лондон | Лондон | Лондон | 倫敦 | 伦敦 | 倫敦 | Londe | Londe | Лондон | Лондон | لندن | Лондон | Londres | Londres | Londres | Lunnon | Lonn | Londre | Londre | Londra | Londra | Londra | Londra | Londra | Londra | Londra | Londra | Լոնդոն | Luân Đôn | Londres | Londres | Londres | Londres | Londres | Londres | لندن | Llundain | لندن | Лондон | Лондон | Londen | ለንደን | London | Lunden | लंदन | ܠܘܢܕܘܢ | لونضون | লণ্ডন | Лондон | लण्डन | Лондон | Londen | लंदन | ལོན་ཊོན། | Landan | Лондон | Lùng-dŭng | ᎫᎴ ᏗᏍᎪᏂᎯᏱ | لەندەن | London | Лондонъ | London | Londra | लण्डन | ލަންޑަން | Λονδίνο | Lòndra | London | Londri | Lontoo | Lodoni | Londen | ⵍⵓⵏⴷⵓⵏ | 倫敦 | 伦敦 | 伦敦 | ILondon
Q60899,Eberhard von Mackensen,1889,1969,বিদগশ্চ | Bydgoszcz | Bydgoszcz | Быдгощ | Bydgoszcz | Bıdgoşç | Bıdgoşç | Bydhošť | Bëdgòszcza | Bydgoszcz | Bydgoszcz | Bydgoszcz | Bydgoszcz | Bydgoszcz | Μπίντγκοστς | Bydgoszcz | Bydgoszcz | Bydgoszcz | Bydgoszcz | Bydgoszcz | Bydgoszcz | Bydgoszcz | بیدگوشچ | Bydgoszcz | Bydgoszcz | Bromberch | Bydgoszcz | Bydgoszcz | Bydgoszcz | બાયડિગોસ્ક | Bydgoszcz | Pí-tet-kô-sṳ̍p | ब्यङगोस | Bydgoszcz | Bydgoszcz | Bydgoszcz | Բըդգոշչ | Bydgoszcz | Bydgoszcz | Bydgoszcz | ブィドゴシュチュ | Bydgoszcz | ბიდგოშჩი | Bydgoszcz | ಬೈಡ್ಗೋಸ್ | 비드고슈치 | Быдгощ | Bydgostia | Bydgoszcz | Bydgoščius | Bydgoszcz | 比得哥什 | 比得哥什 | בידגושץ' | Bromberg | Быдгощ | Bydgoszcz | بيدغوشتش | بيدجوشتش | Bydgoszcz | Bıdqoş | Быдгашч | Быдгашч | Бидгошч | Bidgošča | Быдгощ | Bydgoszcz | Бидгошч | Быдгощ | बिदुगोश्ट | Bydgoszcz | Быдгощ ош | Bydgoszcz | Bydgoszcz | Bydgoszcz | Bydgoszcz | Brombarg | Bydgoszcz | Bydgoszcz | Bydgoszcz | Быдгощ | Bydgoszcz | Bydgoszcz | Bydgoszcz | Bydgoszcz | Bydgoszcz | Bydgoszcz | Bydgoszcz | බයිජෝස්ක් | Bydgoszcz | Bydgoszcz | Bydgoszcz | Бидгошч | Bydgoszcz | Bydgoszcz | பிட்கோசிஸ் | బ్యడ్గోస్ | Bydgoszcz | Бидгошч | บึดกอชตช์ | ma tomo Piko | Bydgoszcz | Быдгочч | Быдгошӵ | Бидгощ | بائدگوسزسز | Bidgoshch | Bydgoszcz | Bidgošč | Bydgoszcz | Bydgoszcz | Bydgoszcz | 比得哥什 | ბიდგოშჩი | בידגאש | 比得哥斯 | 比得哥什 | 比得哥什
Q57157,Hanna Reitsch,1914,1979,Jelenia Góra | یلنگا گورا | Jelenia Góra | Jelenia Góra | Jelenia Góra | Jelenia Góra | જેલેનિયા ગોરા | ילניה גורה | जेलेनिया गोरा | Jelenia Góra | Jelenia Góra | Jelenia Góra | Ելենյա Գուրա | Jelenia Góra | Jelenia Góra | イェレニャ・グラ | Jelenia Góra | ელენია-გურა | ಜೆಲೀನಿಯಾ ಗೊರಾ | 옐레니아구라 | Jeleņa Gura | जेलेनिया गोरा | Jelenia Góra | Jelenia Góra | Jelenia Góra | Jelenia Góra | Jelenia Góra | Jelenia Góra | Jelenia Góra | Jelenia Góra | Jelenia Góra | Еленя-Гура | Jelenia Góra | ජෙලේනියා ගෝරා | Jelenia Góra | Jelenia Góra | Јелења Гора | Jelenia Góra | Jelyńo Gůra | ஜெலேநியா கோரா | జేలినియా గోరా | เยเลเนีย โกรา | ma tomo Jelenja Kula | Jelenia Gora | Еленә-Гура | Єленя-Гура | جیلینیا گورا | Jelenia Góra | Jelenia Góra | იელენია-გურა | Jelenia Góra | Jelenia Góra | Jelenia Gura | Jelenia Góra | جيلينيا جورا | جيلينيا جورا | Jelenia Góra | Yelenya-Qura | Еленя-Гура | Яленя Гура | Яленя Гура | Йеленя Гора | জেলেনিয়া গিওরা | Jelenia Góra | Еленя-Гура | Jelení Hora | Jelenia Góra | Jelenia Góra | Jelenia Góra | Jelenia Góra | Γελένια Γκούρα | Jelenia Góra | Jelenia Góra | Jelenia Góra | Jelenia Góra | 耶萊尼亞古拉 | 耶莱尼亚古拉 | 耶莱尼亚古拉 | 耶萊尼亞古拉 | 耶萊尼亞古拉 | 耶莱尼亚古拉 | 耶萊尼亞古拉 | Cervimontium | Herschbrig
Q57120,Peter Grünberg,1939,2018,Plzeņa | Плзэнь | П’лзењ | पेलजाईन | Plzeň | Plzeň | Plzeň | Plzeň | Plzeň | Plzeň | Пльзень | Plzeň | Plzeň | Plzeň | پلزین | پلزېن | Plzeň | Plzeň | Plzeň | Плзень | Pãlzenj | Plzeň | Plzeň | ප්ල්සෙන් | Plzeň | Плзењ | Плзењ | Plzeň | Plzeň | Plzeň | பலஜன் | ప్లెజెన్ | Плзен | เปิลแซ็ญ | Plzeň | Плзен | Пльзень | پلزین | Plzeň | Plzeň | Pl'zen' | Plzeň | Plzeň | 比尔森 | პლზენი | פילזען | 皮爾森 | 比尔森 | 比尔森 | Plzeň | Plzeň | Pilsen | Pilsen | Plzeň | Pilzno | Пльзень | Plzeň | Plzeň | Plzeň | プルゼニ | Пльзень | Пльзень | Pilzenas | 皮爾森 | 皮爾森 | Pilsen | Pilsen | Pilsen | Pilsen | Pilzen | Pilsen | 比尔森 | Pilsen | Plzeň | بلزن | بلزن | Plzen | Пльзень | Пилзен | পজেন | Plzeň | Plzeň | Пльзень | Pilsen | Plzeň | Plzeň | Plzeň | Plzeň | Πίλζεν | Plzeň | Plzeň | پلزن | Plzeň | Plzeň (Steed) | Pilsen | Plzeň | Plzeň | Plzeň | 𐍀𐌻𐌶𐌰𐌹𐌽𐌾𐍃𐌺𐌴𐌹 | પ્લિસેન | פלזן | प्लज़ेन | Plzeň | Pilzeń | Plzeň | Պլզեն | Plzeň | Plzeň | Plzeň | Plzeň | Plzeň | Pilzno | პლზენი | Пльзень | ಪಿಲ್ಸೆನ್ | 플젠 | Plzeň | Plzeň | Пльзень | Pilsna | Plzeň | Plzeň
Q57174,Franz Halder,1884,1972,व्युर्झबुर्ग | Wurzburg | Wurzburg | Würzborg | Вюрцбург | ورزبرگ | Wurtzburgo | Wurtzburgo | Вӯрцбурґ | වර්ස්බර්ග් | Вирцбург | வர்ஸ்பர்க் | ఉర్జ్బర్గ్ | เวือทซ์บวร์ค | Вүрцбург | وزبرگ | 维尔茨堡 | 烏茲堡 | 维尔茨堡 | 维尔茨堡 | 维尔茨堡 | 符茲堡 | 維爾茨堡 | 維爾茨堡 | 维尔茨堡 | 维尔茨堡 | 符茲堡 | Würzburg | Würzburg | Вюрцбург | Würzburg | Würzburg | Würzburg | Wurzburgo | Würzburg | Würzburg | Վյուրցբուրգ | Würzburg | Вюрцбург | Würzburg | Вирцбург | Würzburg | Würzburg | Würzburg | Вюрцбург | Würzburg | Вюрцбург | Würzburg | Würzburg | Würzburg | Würzburg | Würzburg | Würzburg | Würzburg | Würzburg | Würzburg | Würzburg | Würzburg | Würzburg | Würzburg | Würzburg | Würzburg | Würzburg | Würzburg | Würzburg | Würzburg | Würzburg | Würzburg | Würzburg | Würzburg | Würzburg | Würzburg | Würzburg | Würzburg | Würzburg | Würzburg | Würzburg | Würzburg | Würzburg | Würzburg | Würzburg | Würzburg | Würzburg | Würzburg | Würzburg | Würzburg | Würzburg | Würzburg | Würzburg | Würzburg | Würzburg | Würzburg | Würzburg | Würzburg | Würzburg | Würzburg | Wurtzbourg | Würzburg (kapital sa distrito nga gobyerno) | וירצבורג | فورتسبورغ | فورتسبورج | Wurzburgu | Vürtsburq | وورتسبورق | Wiazburg | Вюрцбург | Вюрцбург | উর্জবুর্গ | Вуьрцбург | ورزبورگ | Вюрцбург | Βύρτσμπουργκ | Vircburgo | وورتسبورگ | Würzbörj | વુર્ઝબર્ગ | वुर्जबर्ग | ヴュルツブルク | ვიურცბურგი | ವುರ್ಜ್ ಬರ್ಗ್ | 뷔르츠부르크 | Wûrzburg | Вюрцбург | Herbipolis | Würzburg | Viurcburgas | Vircburga
Q57137,Paul Ludwig Ewald von Kleist,1881,1954,Braunfels | Braunfels | Braunfels | Braunfels | Braunfels | Braunfels | Braunfels | Braunfels | Braunfels | Braunfels | Braunfels | Braunfels | Braunfels | Braunfels | Braunfels | Braunfels | Braunfels | Braunfels | Braunfels | Braunfels | Braunfels | Braunfels | Braunfels | Braunfels | Braunfels | Braunfels | Braunfels | Braunfels | Braunfels | Braunfels | Braunfels | Braunfels | Braunfels | Braunfels | Braunfels | Браунфельс | براونفلز | براونفلز | بروانفلز | Браўнфельс | Браўнфэльс | Браунфелс | Браунфельс | Braunfels | Μπράουνφελς | بروانفلز | בראונפלס | Բրաունֆելս | ブラウンフェルス | Браунфельс | براۋنفەلس | Браунфельс | Brawnfelʹs | Braunfels | Браунфельс | Braunfels | Браунфелс | Браунфелс | Браунфельс | Braunfels | Браунфельс | Braunfels | 布劳恩费尔斯 | 布劳恩费尔斯 | 布勞恩費爾斯 | 布勞恩費爾斯
Q57089,Paul Ehrlich,1854,1915,Стшелин | Strzelin | Strzelin | Strzelin | Strzelin | Strzelin | Strzelin | Strzelin | Strzelin | Strzelin | Strzelin | Strzelin | Strzelin | Strzelin | Strzelin | Strzelin | Strzelin | Strzelin | Strzelin | Strzelin | Strzelin | Strzelin | Strzelin | Strzelin | Stşelin | Стшэлін | Стшелин | Стшелин | Στσέλιν | סטז'לין | Strzelin | シュチュシェリン | Strzelin | Strelin | Stšelina | Strzelin | Стшелин | Strzelin | Strzelin | Strzelin | Стшелин | Стшелін | 斯切林 | 斯切林 | 斯切林 | 斯切林 | Strahla
Q57095,Emanuel Lasker,1868,1941,Барлинек | Barlinek | Barlinek | Barlinek | Barlinek | Barlinek | Barlinek | Barlinek | Barlinek | Barlinek | Barlinek | Barlinek | Barlinek | Barlinek | Barlinek | Barlinek | Barlinek | Barlinek | Barlinek | Barlinek | Barlinek | Barlinek | Barlinek | Barlinek | Barlinek | Barlinek | Barlinek | Барлінак | Барлинек | Барлинек | Berlënkò | Μπάρλινεκ | بارلینک | ברלינכן | Բարլինեկ | バルリネク | Barlinek | Barlineka | Барлинэк | Barlinek | Барлинек | Барлинек | Barlinek | Barlinek | Барлинек | Барлінек | 巴爾利內克 | 巴尔利内克 | Barlinek
Q71177,Emil Selenka,1842,1902,Brunswick | Braunschweig | Brunswick | Brunswick | Brunswick | Braunschweig | Braunschweig | Брауншвейг | Braunschweig | Braunschweig | Broenswiek | Braunschweig | براونشوایگ | Braunšveigas | Brunszwik | Brunswick | Brunswick | Brunsvicum | Brunswick | Brunsvigo | 不伦瑞克 | Brunswick | 不伦瑞克 | Brunswyk | Braunschweig | براونشفايغ | براونشفايج | Braunschweig | Braunşveyq | براونشوایق | Braunschweig | Браўншвайг | Браўншвайг | Брауншвайг | ব্রঞ্চউইগ | Brunsvic | Брауншвейг | Braunschweig (kapital sa distrito) | براونشڤایگ | Braunschweig | Braunschweig | Braunschweig | Braunschweig | Braunschweig | Μπράουνσβαϊγκ | Braunschweig | Brunswick | Braunschweig | Braunschweig | Braunschweig | Brunswyk | Braunschweig | Braunschweig | બ્રૌન્ચવેગ | Braunschweig | Braunschweig | בראונשווייג | ब्रंजविक | Braunschweig | Brunšwik | Braunschweig | Բրաունշվայգ | Braunschweig | Braunschweig | Braunschweig | Braunschweig | Brúnsvík | ブラウンシュヴァイク | Braunschweig | ბრაუნშვაიგი | Брауншвейг | ಬ್ರಾನ್ಜ್ವಿಕ್ | 브라운슈바이크 | Braunschweig | Брауншвейг | Braunschweig | Braunšveiga | Брауншвэйг | Braunschweig | Брауншвајг | Брауншвайг | ब्राउनश्वाइग | Braunschweig | Brunswick | Braunschweig | Bronswiek | Braunschweig | Brunswick | Брауншвейг | Brunsvique | Brunsvique | Braunschweig | Braunschweig | Braunschweig | බ්රෝන්ෂ්විග් | Braunschweig | Braunschweig | Braunshvajgi | Брауншвајг | Braunschweig | Braunschweig | Braunschweig | பிரான்ஷ்விக் | బ్రౌన్ స్వైగ్ | Брауншвейг | เบราน์ชไวค์ | Брауншвейг | Braunschweig | Braunshwéyg | Брауншвейг | برانشویگ | Braunschweig | Braunschweig | Braunschweig | Braunschweig | Braunschweig | 不伦瑞克 | ברוינשווייג | 布倫瑞克 | 不伦瑞克 | 不倫瑞克 | 賓士域 | 布倫瑞克
Q71188,Honoré Blanc,1736,1802,亞維農 | 阿維尼翁 | 亞維儂 | Avignòṅ | Avignon | Avignon | Avignon | Avignon | Avignon | Avignon | Avignon | Avignon | Avignon | Avinyón | أفنيون | افينيون | Avinyon | اوینیون | Авіньён | Авіньён | Авиньон | Avignon | আভিনিওঁ | ཨ་ཝི་ཉོང་། | Авиньон | Avignon | Avignon | Авиньон | Avignon | Αβινιόν | Aviñón | اوینیون | Avignon | Avignon | Avignon | Aviñón | એવિગ્નન | Avignon | Avignon | אביניון | अविगनोन | Ավինյոն | Աւինիոն | Avignon | Avignon | アヴィニョン | Avignon | ავინიონი | Avignon | Avignon | Авиньон | Avignon | ಅವಿಗ್ನಾನ್ | 아비뇽 | Avignon | Avennio | Avignon | Avignon | Avignon | Avignon | Avinjonas | Aviņona | Avignon | Авињон | आव्हियों | အက်ဗီညွန်မြို့ | آوینیون | Avignon | Avignon | Avignon | Avignon | Avinhon | Авиньон | Avignon | Avignon | Avignon | Awinion | ایوگناں | Αβινιόν | Avignon | Avinhão | Avinhão | Avignon | Avignon | Avignuni | අවිග්නොන් | Авињон | Avignon | அவிக்னோன் | అవిగ్నోన్ | อาวีญง | Авиньоң | Avignon | Авіньйон | آوینیو | Avignon | Avignon | Avignon | Avignon | Avignon | 阿维尼昂 | ავინიონი | 亞維農 | 亞維農 | Avignone | Avignon | Авиньон | Avinyó | Avignon | Avignon | Avignon | Avignon | Avignon | Avignon | Avignon | 阿维尼翁 | Avignone | Avignon | Avignon | Avignon | Avignon | Avignon | Avignon | Avignon | Avignon | Avignon | Avignon | Avignon | Avignon | Avignon | Avignon | Avignon | Avignon | Avignon | Avignon | Avignon | Avignon | Avignon | Avignon | Avignon | Avignon | Avignon | Avignon | Avignon | Avignon | Avignon | Avignon | Avignon | Avignon | Avignon | Avignon | Avignon | Avignon
Q71182,Maria Paudler,1903,1990,Děčín | ديتشين | ديتشين | Děčín | Deçin | Дзечын | Дзечын | Дечин | Děčín | Děčín | Děčín | Děčín | Děčín | Τζέτσιν | Děčín | Děčín | Děčín | Děčín | Děčín | دییچین | Děčín | Děčín | Děčín | Děčín | דייצ'ין | Děčín | Děčín | Děčín | Děčín | ジェチーン | დეჩინი | Дечин | دەتشىين | دەتشىين | Дечин | Дечин | Deçïn | Deçïn | 데친 | Děčín | Dečynas | Dečīna | Дечин | Дјечин | Děčín | Děčín | Děčín | Děčín | Дечин | Děčín | دیچین | ديچين | Děčín | Děčín | Дечин | Děčín | Děčín | Děčín | Děčín | Дјечин | Дјечин | Dječin | Děčín | Děčín | Děčín | Дечин | Decin | Děčín | Дечин | Дєчін | دیچین | Děčín | Děčín | 傑欽 | 杰钦 | 杰钦 | 杰钦 | 傑欽 | 傑欽 | 杰钦 | 傑欽 | Děčín
Q71238,Johannes Falke,1823,1876,Ratzeburg | Ratzeburg | Ratzeburg | Ratzeburg | Ratzeburg | Ratzeburg | Ratzeburg | Ratzeburg | Ratzeburg | Ratzeburg | Ratzeburg | Ratzeburg | Ratzeburg | Ratzeburg | Ratzeburg | Ratzeburg | Ratzeburg | Ratzeburg | Ratzeburg | Ratzeburg | Ratzeburg | Ratzeburg | Ratzeburg | Ratzeburg | Ratzeburg | Ratzeburg | Ratzeburg | Ratzeburg | Ratzeburg | Ratzeburg | Ratzeburg | Ratzeburg | Ratzeburg | Ratzeburg | Ratzeburg | Ratzeburg | Ratzeburg | Ratzeburg | Ratzeburg | Ratzeburg | Ratzeburg | Ratzeburg | Ratzeburg | Ratzeburg | Ratzeburg | Ratzeburg | Ratzeburg | Ratzeburg | Ratzeburg | Ratzeburg | Ratzeburg | Ratzeburg | Ratzeburg | Ratzeburg | Ratzeburg | Ratzeburg | Ratzeburg | Ratzeburg | Ratzeburg | Ratzeburg | Ratzeburg | Ratzeburg | Ratzeburg | Ratzeburg | Ratzeburg | Ratzeburg | Ratzeburg | Ratzeburg | Ratzeburg | Ratzeburg | Ratzeburg | Ратцебург | Ratzeburg | راتسهبورغ | راتسهبورج | راتسبورق | Ратцэбург | Ратцебург | Ратцебург | Ράτσεμπουργκ | راتسبورگ | Ratzebourg | רצבורג | Ratzeburg | Ratzeburg | Ռատցեբուրգ | ラッツェブルク | 라체부르크 | Ratzeburg | Raceburgum | Ratzeburg | Рацебург | Ratzborg | Ratzeburg | Рацебург | Рацебург | Raceburg | Ratzeburg | Ратцебург | Ratzeburg | Рацебург | Ratzeburg | Ratzeburg | 拉策堡 | 拉策堡 | 拉策堡 | 拉策堡
Q70875,Hans Meyer,1858,1929,希爾德堡豪森 | 希爾德堡豪森 | Hildburghausen | Hildburghausen | Hildburghausen | Hildburghausen | Hildburghausen | Hildburghausen | Hildburghausen | Hildburghausen | Hildburghausen | Hildburghausen | Hildburghausen | Hildburghausen | Hildburghausen | Hildburghausen | Hildburghausen | Hildburghausen | Hildburghausen | Hildburghausen | Hildburghausen | Hildburghausen | Hildburghausen | Hildburghausen | Hildburghausen | Hildburghausen | Hildburghausen | Hildburghausen | Hildburghausen | Hildburghausen | Hildburghausen | Hildburghausen | Hildburghausen | Hildburghausen | Hildburghausen | Hildburghausen | Hildburghausen | Hildburghausen | Hildburghausen | Hildburghausen | Hildburghausen | Hildburghausen | Hildburghausen | Hildburghausen | Hildburghausen | Hildburghausen | Hildburghausen | Hildburghausen | Hildburghausen | Hildburghausen | Hildburghausen | Hildburghausen | Hildburghausen | Hildburghausen | Hildburghausen | Hildburghausen | Hildburghausen | Hildburghausen | Hildburghausen | Hildburghausen | Hildburghausen | Hildburghausen | Hildburghausen | Hildburghausen | Hildburghausen | Hildburghausen | Hildburghausen | Hildburghausen | Hildburghausen | هيلدبورغهاوزن | هيلدبورجهاوزن | Хильдбургхаузен | Хилдбургхаузен | Хильдбургхаузен | Χιλντμπουργκχάουζεν | هيلدبورگهاوزن | Hildburghausen (Lönjkris) | Hildburghausen | הילדבורגהאוזן | Հիլդբուրգհաուզեն | ヒルトブルクハウゼン | Хильдбургхаузен | حىيلدبۋرگحاۋزەن | Хильдбургхаузен | Xïlʹdbwrgxawzen | Hildburghausen | Хильдбургхаузен | Hilpertohusa | Hildburghausen | Хилдбургхаузен | Hildburghausen | Хилдбургхаузен | Хилдбургхаузен | Hildburghauzen | Hildburghausen | Хильдбургхаузен | Hildburghausen | Гільдбурггаузен | Hildburghausen | Hildburghausen | 希尔德堡豪森 | 希尔德堡豪森 | Hildburghausen | Hildburghausen | Hildburghausen | Хильдбургхаузен | Hildburghausen | Hildburghausen | Hildburghausen
Q61954,Georg Jellinek,1851,1911,Lipsia | Leipzig | Leipzig | ലീപ്സിഗ് | Leipzig | Leipzig | Lipcse | Лейпциг | Lipsko | Lipsko | Leipzig | Lipsk | Leipzig | Leipzig | Leypsiq | Лейпцыг | Ляйпцыг | Լայպցիգ | Лајпциг | Лейпциг | Leipzig | ላይፕጽግ | Leipzig | لايبزيغ | لايبتزج | Leipzig | لایپزیق | Лейпциг | Leipzig | Leipzig | Лайпциг | লাইপ্ৎসিশ | Leipzig | Leipzig | Leipzig | Лейпциг | Leipzig | لایپزیگ | Lipsia | Leyptsig | Leyptsig | Лейпциг | Leipzig | Leipzig | Leipzig | Leipzig | Leipzig | Lipsk | Λειψία | Leipzig | Leipzig | Leipzig | Leipzig | Leipzig | Leipzig | Leipzig | لایپزیگ | Leipzig | Leipzig | Leipzig | Leipzig | Leipzig | Leipzig | Leipzig | Leipzig | Leipzig | Leipzig | Leipzig | લેઇપઝિગ | Leipzig | Leipzig | Lipekika | לייפציג | लिपजिग | Leipzig | Lipsk | Լայփցիկ | Leipzig | Leipzig | Leipzig | Leipzig | Leipzig | ライプツィヒ | Leipzig | ლაიფციგი | Leipzig | Leipzig | Лейпциг | ಲೈಪ್ಜಿಗ್ | 라이프치히 | 라이프찌히 | Leipzig | Лейпциг | Lipsia | Leipzig | Leipzig | Leipzig | Leipzig | Leipzig | Lipsia | Leipcigas | Leipciga | 萊比錫 | Лэйпциг | Leipzig | Leipzig | Лайпциг | लाइपझिश | Leipzig | Leipzig | လိုက်ပဆစ်မြို့ | لایپتسیش | Leipzig | Leipzig | Lipsia | Leipzig | Leipzig | Leipzig | लेइपजिग | Leipzig | Leipzig | ߟߋߌߔߑߖ߭ߌߜ߭ | Leipzig | Leipzig | Лейпциг | ਲਾਈਪਸਿਸ਼ | Leipzig | Leipzig | Leipzig | Lipsia | لیپزش | Leipzig | Leipzig | Leipzig | Leipzig | Leipzig | Ліпско | Lipsia | Lipsia | Leipzig | ليپزگ | Leipzig | ලේයිප්සිග් | Leipzig | Lajpcigu | Лајпциг | Лајпциг | Leipzig | Leipzig | Leipzig | Lajpcik | லைப்சிக் | లేఇప్జిగ్ | Лейпзиг | ไลพ์ซิช | Leipzig | Leipzig | Лейпциг | Leipzig | Leipzig | Léypzig | لائپزش | Leipzig | Leipzig | Läipcig | Leipzig | Leipzig | Leipzig | Leipzig | Leipzig | Leipzig | 莱比锡 | ლაიფციგი | לייפציג | 萊比錫 | 莱比锡 | 莱比锡 | 莱比锡 | 萊比錫 | 萊比錫 | Leipzig
Q61959,Rüdiger von der Goltz,1865,1946,Sulechów | Сулехув | Сулехаў | Sulechów | Sulechów | Sulechów | Sulechów | Sulechów | Sulechów | Sulechów | Sulechów | Sulexuv | Сулехаў | Сулехов | Sulechów | Сулехув | Sulechów | Sulechów | Sulechów | Sulechów | Čelichow | Σουλέχουφ | Sulechów | Sulechów | Sulechów | שולצ'וב | Sulechów | Čelichow | Sulechów | Sulechów | スレフフ | Sulechów | 술레후프 | Sulechuvas | Sulehova | Sulechów | Sulechów | Sulechów | Sulechów | Sulechów | Sulechów | Сулехов | Sulechów | Sulechůw | Sulechów | Сулехув | Сулехув | Sulechów | Sulechów | 苏莱胡夫 | 苏莱胡夫 | 苏莱胡夫 | 蘇萊胡夫 | 蘇萊胡夫 | 苏莱胡夫 | 蘇萊胡夫
Q61975,Carl Ludwig,1816,1895,Witzenhausen | Witzenhausen | Witzenhausen | Witzenhausen | Witzenhausen | Witzenhausen | Witzenhausen | Witzenhausen | Witzenhausen | فيتسنهاوزن | فيتسنهاوزن | Vitsenhauzen | ویتسنهاوزن | Вітцэнхаўзэн | Витценхаузен | ویتسنهاوزن | ויצנהאוזן | Witzenhausen | ヴィッツェンハウゼン | Витценхаузен | ۆىيتتسەنحاۋزەن | Витценхаузен | Vïtcenxawzen | Witzenhausen | Витценхаузен | Witzenhusa | Witzenhausen | Витценхаузен | Witzenhausen | Виценхаузен | Виценхаузен | Vicenhauzen | Witzenhausen | Witzenhausen | Витценхаузен | Witzenhausen | Вітценгаузен | Witzenhausen | Witzenhausen | 维岑豪森 | 维岑豪森 | 維岑豪森 | 維岑豪森 | Witzenhausen | Witzenhausen | Witzenhausen | Witzenhausen | Witzenhausen | Witzenhausen | Witzenhausen | Witzenhausen | Witzenhausen | Witzenhausen | Witzenhausen | Witzenhausen | Witzenhausen | Witzenhausen | Witzenhausen | Witzenhausen | Witzenhausen | Witzenhausen | Witzenhausen | Witzenhausen | Witzenhausen | Witzenhausen | Witzenhausen | Witzenhausen | Witzenhausen | Witzenhausen | Witzenhausen | Witzenhausen | Witzenhausen | Witzenhausen | Witzenhausen | Witzenhausen | Witzenhausen | Witzenhausen | Witzenhausen | Witzenhausen | Witzenhausen | Witzenhausen | Witzenhausen | Witzenhausen | Witzenhausen | Witzenhausen | Witzenhausen | Witzenhausen | Witzenhausen | Witzenhausen | Witzenhausen | Witzenhausen | Witzenhausen | Witzenhausen | Witzenhausen | Witzenhausen | Witzenhausen | Witzenhausen | Witzenhausen | Witzenhausen | Witzenhausen | Witzenhausen | Witzenhausen | Witzenhausen | Witzenhausen | Witzenhausen | Witzenhausen
Q63232,Maria Cunitz,1607,1664,Wołów | Волув | Wołów | Wołów | Wołów | Wołów | Volova | Wołów | Wołów | Wołów | Волув | Wołów | Волаў | Волов | Wołów | Волув | Wołów | Wołów | Wołów | Βόουουφ | Wołów | Wołów | Wołów | Wołów | וולוב | Wołów | Wołów | ヴォウフ | Wołów | Wołów | Wołów | Wołów | Wołów | Wołów | Волов | Wołów | Волув | Wołów | 沃武夫 | 沃武夫 | 沃武夫 | 沃武夫 | Wołów | Wolavia | Wołōw
Q66452,Mehmed Ali Paşa,1827,1878,Magdeburgo | Magdeburg | മാഗ്ഡെബുർഗ് | Magdeburg | Магдебург | Dźěwin | Магдэбург | Magdeburk | دورتموند | Magdeburg | Magdeburg | Magdeburg | Магдебург | Магдебург | Магдебург | Մագդեբուրգ | Magdebuag | Магдебург | Magdeburg | Maagdenburg | ማክደቡርክ | Magdeburgo | Mihtiġburg | مغدبورغ | ماجدبورج | Magdeburgu | Maqdeburq | Магдебург | Magdeburg | Магдэбург | ম্যাগডেবার্গ | Magdeburg | Magdeburg | Магдебург | Landeshauptstadt Magdeburg | ماگدێبورگ | Магдебург | Magdeburg | Magdeburg | Magdeburg | Magdeburg | Μαγδεμβούργο | Magdeburgo | Magdeburgo | Magdeburg | Magdeburg | ماگدبورگ | Magdeburg | Magdeburg | Magdeburg | Magdebourg | Magdebörj | Magdeburg | Magdeburg | Magdeburgo | 𐌼𐌰𐌲𐌰𐌸𐍃𐌱𐌰𐌿𐍂𐌲𐍃 | મેગડેબર્ગ | Magdeburg | Magdeburg | Makekepuka | מגדבורג | मागदेबुर्ग | Magdeburg | Magdeburg | Magdeburg | Magdeburg | Magdeburg | Magdeburg | Magdeburg | マクデブルク | Kebon Raja Magdeburg | მაგდებურგი | Магдебург | ಮ್ಯಾಗ್ದೆಬರ್ಗ್ | 마그데부르크 | Magdeburg | Магдебург | Magdeburg | Магдебeрг | Magdeburgum | Magdeburg | Magdebürgu | Magdeburg | Magdeburgh | Magdeburgas | Magdeburga | Магдэбург | Magdeburg | Магдебург | माक्देबुर्ग | Magdeburg | Magdeburg | Magdeburg | Magdeburg | Magdeburg | Meideborg | मेगडेबर्ग | Magdeburg | Magdeburg | Magdeborg | Магдебург | Magdeborgh | مگڈیبرگ | Magdeburgo | Magdeburgo | Magdeburg | Magdeburg | Маґдебурґ | Magdeburg | Magdeburg | Magdeburg | මැඩබර්ග් | Magdeburg | Magdeburg | Magdeburgu | Магдебург | Magdeburg | Magdeburg | Magdeburg | Magdeburg | மாக்டெபர்க் | మగ్డెబర్గ్ | มัคเดอบวร์ค | Magdeburg | Magdeburg | Magdeburg | ماجدیبورج | Magdeburg | Magdeburgo | Magdeburg | Magdeburg | Magdeburg | Magdeburg | 马格德堡 | მაგდებურგი | מאגדעבורג | Magdeburg | 麥德堡 | Magdeburg | 马格德堡 | 马格德堡 | 马格德堡 | 馬格德堡 | 馬德堡 | 馬德堡 | 马格德堡 | 马格德堡 | 馬德堡
Q66372,Joachim Hansen,1930,2007,فرانکفورت | Франкфурт | Франкфурт-на-Одере | فرانكفورت | Φρανκφούρτη | 프랑크푸르트 | Франкфурт | فرینکفرٹ | Frankfurt | Frankfurt (Oder) | Frankfurt (Oder) | Frankfurt (Oder) | Frankfurt (Oder) | Frankfurt (Oder) | Frankfurt (Oder) | Frankfurt (Oder) | فرانكفورت على أودر | Frankfurt (Oder) | Frankfurt-na-Oder | Одерҙағы Франкфурт | Frankfurt an da Oder | Франкфурт-на-Одэры | Франкфурт-на-Одры | Франкфурт на Одер | Frankfurt (Oder) | Frankfurt de l'Oder | Одер-тӀера-Франкфурт | Francuforte su l'Oder | Frankfurt nad Odrou | Frankfurt an der Oder | Frankfurt (Oder) | Frankfurt (Oder) | Frankfurt (Oder) | Frankfurt (Oder) | Frankobrod-Odra | Frankfurt (Oder) | Frankfurt (Oder) | Frankfurto ĉe Odro | Fráncfort del Óder | Frankfurt Oderi ääres | Frankfurt Oder | Frankfurt (Oder) | Francfort-sur-l'Oder | Frankfurt (Oder) | Frankfurt (Oder) | Frankfurt (Oder) | Frankfurt oan de Oder | Frankfurt (Oder) | Frankfurt (Oder) | Frankfurt (Oder) | Frankfurt (Oder) | Frankfurt (Oder) | פרנקפורט על האודר | Frankfurt na Odri | Frankobrod nad Wódru | Frankfurt (Oder) | Օդերի Ֆրանկֆուրտ | Frankfurt (Oder) | Frankfurt an der Oder | Frankfurt (Oder) | Frankfurt (Oder) | Frankfurt (Oder) | Francoforte sull'Oder | フランクフルト・アン・デア・オーダー | Frankfurt an der Oder | ოდერის ფრანკფურტი | Frankfurt (Oder) | Frankfurt (Oder) | Francofortum ad Oderam | Frankfurt (Oder) | Frankfurt (Oder) | Frankfurt (Oder) | Frankfurt (Oder) | Frankfurtas prie Oderio | Frankfurte pie Oderas | Frankfurt (Oder) | Frankfurt (Oder) | Франкфурт на Одра | Frankfurt an der Oder | Frankfurt (Oder) | Frankfurt (Oder) | Frankfort an de Oder | Frankfurt (Oder) | Frankfort aan de Oder | Frankfurt an der Oder | Frankfurt (Oder) | Frankfurt (Oder) | Frankfurt (Oder) | Frankfurt nad Odrą | Frankfurt (Oder) | Frankfurt an der Oder | Frankfurt an der Oder | Frankfurt (Oder) | Francuforte subra s'Oder | Frankfurt (Oder) | Frankfurt (Oder) | Frankfurt nad Odrou | Frankfurt ob Odri | Франкфурт на Одри | Frankfurt (Oder) | Frankfurt an der Oder | Frankfurt (Oder) | Frankfurt (Oder) | Francfort del Oder | Франкфурт-ам-Одер | Франкфурт-на-Одері | Frankfurt (Oder) | Francoforte de l'Oder | Frankfurt (Oder) | Frankfurt (Oder) | Frankfurt len Oder | Frankfurt (Oder) | Frankfurt (Oder) | Frankfurt (Oder) | 奥得河畔法兰克福 | ოდერიშ ფრანკფურტი | פראנקפורט אן דער אדער | 奧德河畔法蘭克福 | 奥得河畔法兰克福 | 奧得河畔法蘭克福 | Frankfurt (Oder) | Frankfurt (Oder)
Q66398,Eduard Schönfeld,1828,1891,هيلدبورغهاوزن | هيلدبورجهاوزن | Хильдбургхаузен | Хилдбургхаузен | Хильдбургхаузен | Χιλντμπουργκχάουζεν | هيلدبورگهاوزن | Hildburghausen (Lönjkris) | Hildburghausen | הילדבורגהאוזן | Հիլդբուրգհաուզեն | ヒルトブルクハウゼン | Хильдбургхаузен | حىيلدبۋرگحاۋزەن | Хильдбургхаузен | Xïlʹdbwrgxawzen | Hildburghausen | Хильдбургхаузен | Hilpertohusa | Hildburghausen | Хилдбургхаузен | Hildburghausen | Хилдбургхаузен | Хилдбургхаузен | Hildburghauzen | Hildburghausen | Хильдбургхаузен | Hildburghausen | Гільдбурггаузен | Hildburghausen | Hildburghausen | 希尔德堡豪森 | 希尔德堡豪森 | 希爾德堡豪森 | 希爾德堡豪森 | Hildburghausen | Hildburghausen | Hildburghausen | Хильдбургхаузен | Hildburghausen | Hildburghausen | Hildburghausen | Hildburghausen | Hildburghausen | Hildburghausen | Hildburghausen | Hildburghausen | Hildburghausen | Hildburghausen | Hildburghausen | Hildburghausen | Hildburghausen | Hildburghausen | Hildburghausen | Hildburghausen | Hildburghausen | Hildburghausen | Hildburghausen | Hildburghausen | Hildburghausen | Hildburghausen | Hildburghausen | Hildburghausen | Hildburghausen | Hildburghausen | Hildburghausen | Hildburghausen | Hildburghausen | Hildburghausen | Hildburghausen | Hildburghausen | Hildburghausen | Hildburghausen | Hildburghausen | Hildburghausen | Hildburghausen | Hildburghausen | Hildburghausen | Hildburghausen | Hildburghausen | Hildburghausen | Hildburghausen | Hildburghausen | Hildburghausen | Hildburghausen | Hildburghausen | Hildburghausen | Hildburghausen | Hildburghausen | Hildburghausen | Hildburghausen | Hildburghausen | Hildburghausen | Hildburghausen | Hildburghausen | Hildburghausen | Hildburghausen | Hildburghausen | Hildburghausen | Hildburghausen | Hildburghausen | Hildburghausen | Hildburghausen | Hildburghausen | Hildburghausen | Hildburghausen | Hildburghausen | Hildburghausen | Hildburghausen
Q66573,Carl H. Eigenmann,1863,1927,Flehingen | Flehingen | Flehingen | Flehingen | Flehingen | Flehingen
Q66527,August Toepler,1836,1912,"Brühl | Brühl | Brühl | Brühl | Brühl | برول | Brühl | Брюль | برول | Brühl | Brühl | Brühl | Brühl | Brühl | Brühl | Brühl | Brühl | Brühl | Brühl | Brühl | Brühl | Brühl | Brühl | Brühl | Brühl | Brühl | Brühl | Brühl | Brühl | Brühl | Brühl | Brühl | Brühl | Brühl | בריהל | Brühl | Brühl | Brühl | Brühl | Brühl | Brühl | Brühl | Brühl | ブリュール | Brühl | Brühl | Brühl | Brühl | Brühl | Brühl | Brühl | Brühl | Brühl | Brühl | Brühl | Brühl | Brühl | Brühl | Brühl | Brühl | Brühl | Brühl | Brühl | Brühl | Brühl | Brühl | Brühl | Brühl | Brühl | Brühl | Brühl | Brühl | Brühl | Брүл | Брюль | Brühl | Brühl | Brühl | Brühl | Brühl | Brühl | 布吕尔 | Brühl | Бруьль | Брюль | Брюль | Brühl | Брил | Brühl | Brühl | Brühl | Брил | برول | Бруль | Μπρυλ | Brühl | ब्रूल | Բրյուլ | ბრიული | Brühl, Rheinland | Briūlis | Brühl"
Q66481,Ferdinand von Arnim,1814,1866,Тшебятув | Trzebiatów | چبیاتو | Тшэбятаў | Trzebiatów | Trzebiatów | Trzebiatów | Trzébiatowò | Trzebiatów | Trzebiatów | Τσεμπιάτουφ | Trzebiatów | Trzebiatów | Trzebiatów | چبیاتو | Trzebiatów | Trzebiatów | Trzebiatów | טרז'ביאטוב | Trzebiatów | Տժեբյատուվ | Trzebiatów | トレプトウ | Trzebiatów | Tšebiatuvas | Tšebjatova | Trzebiatów | Trzebiatów | Trzebiatów | Treptow an de Rega | Trzebiatów | Trzebiatów | Trzebiatów | Trzebiatów | Trzebiatów | Trzebiatów | Тшебјатов | Тшебјатов | Tšebjatov | Trzebiatów | Trzebjatůw | Trzebiatów | Тшебәтув | Тшеб'ятув | Trzebiatów | 切比亞圖夫 | 切比亚图夫 | 切比亚图夫 | 切比亞圖夫 | 切比亞圖夫 | 切比亚图夫 | 切比亞圖夫 | Trzebiatów | Trzebiatów
Q61880,Vlastimil Hort,1944,2025,Kladno | Кладно | Kladno | Kladno | Kladno | Kladno | Kladno | Kladno | Κλάντνο | Statutarni mesto Kladno | Kladno | Kladno | کلادنو | Kladno | Kladno | Kladno | קלאדנו | Kladno | Kladno | Kladno | Կլադնո | Kladno | Kladno | Kladno | クラドノ | კლადნო | Кладно | كلادنو | كلادنو | Кладно | Кладно | Kladno | Kladno | 클라드노 | Cladna | Kladno | Kladnas | Kladno | Кладно | Kladno | Kladno | Kladno | Кладно | Kladno | کلاندو | Kladno | Kladno | Kladno | Kladno | Kladno | Kladno | Kladno | Кладно | Kladno | Kladno | Kladno | Кладно | Kladno | กลัดโน | Kladno | کلاندو | Kladno | Kladno | 克拉德诺 | კლადნო | 克拉德諾 | 克拉德诺 | 克拉德诺 | 克拉德诺 | 克拉德諾 | 克拉德諾 | 克拉德诺 | 克拉德諾 | Kladno | ക്ലാഡ്നോ | Кладна | Kladno | Kladno | Kladno | Kladno | Kladno | Kladno | Кладно | Кладно | Kladno | Кладно | Kladno | Кладна | Кладно | كلادنو | كلادنو | Kladno
Q62620,Dita Parlo,1906,1971,Stettino | Szczecin | Stettin | Szczecin | Štětín | Szczecin | Szczecin | Szczecin | Szczecin | Szczecin | Szczecin | Szczecin | シュチェチン | 什切青 | Szczecin | Szczecin | Stettin | Stettin | Stettin | Stettin | Stettin | Stettin | Stettin | Stettin | Stettin | Stettin | Stettin | Szczecin | ሽጨቺን | شتشيتشين | شتتين | Szczecin | Szczecin | Şetsin | شچچین | Szczecin | Шчэцін | Шчэцін | Шчечин | স্টাজিন | Szczecin | Szczecin | Щецин | شچێچین | Şçetsin | Şçetsin | Szczecëno | Szczecin | Szczecin | Szczecin | Στσέτσιν | Szczecin | Szczecin | Szczecin | Szczecin | Szczecin | شچچین | Szczecin | Szczecin | શ્ટેચિન | Szczecin | Sṳ̍p-chhiet-chhiâng | שצ'צ'ין | श्टेटीन | Szczecin | Šćećin | Շչեցին | Szczecin | Szczecin | Szczecin | Szczecin | Szczecin | შჩეცინი | Щецин | Szczecin | ಸ್ಟೆಟ್ಟಿನ್ | 슈체친 | Stettinum | Szczecin | Stetin | Ščecinas | Ščecina | Щечин | Щецин | Szczecin | Шчеќин | Шчецин | Шчецин | श्टेचिन | Szczecin | Szczecin | Щецин ош | Szczecin | Szczecin | Szczecin | Szczecin | Szczecin | Estettin | Szczecin | Щецин | ششیچن | شچېچېن | Estetino | Estetino | Szczecin | Szczecin | Щецин | Щецин | Szczecin | Szczecin | Szczecin | Шчећин | සෙසින් | Štetín | Szczecin | Szczecin | Шчећин | Szczecin | Szczecin | Sztetin | ஸ்செசின் | స్జేచిన్ | Szczecin | Штеттин | ชแชตชิน | Szczecin | ma tomo Sesin | Szczecin | Щецин | Шӵечин | Shchétsin | Щецин | شٹیچین | Shchetsin | Stetin | Ščecin | Szczecin | Szczecin | Szczecin | 什切青 | შჩეცინი | שטעטין | 舒車前 | 什切青 | 什切青 | 什切青
Q62660,Klaus Thunemann,1937,2025,მაგდებურგი | Магдебург | ಮ್ಯಾಗ್ದೆಬರ್ಗ್ | 마그데부르크 | Magdeburg | Магдебург | Magdeburg | Магдебeрг | Magdeburgum | Magdeburg | Magdebürgu | Magdeburg | Magdeburgh | Magdeburgas | Magdeburga | Магдэбург | Magdeburg | Магдебург | माक्देबुर्ग | Magdeburg | Magdeburg | Magdeburg | Magdeburg | Magdeburg | Meideborg | मेगडेबर्ग | Magdeburg | Magdeburg | Magdeborg | Магдебург | Magdeborgh | مگڈیبرگ | Magdeburgo | Magdeburgo | Magdeburg | Magdeburg | Маґдебурґ | Magdeburg | Magdeburg | Magdeburg | මැඩබර්ග් | Magdeburg | Magdeburg | Magdeburgu | Магдебург | Magdeburg | Magdeburg | Magdeburg | Magdeburg | மாக்டெபர்க் | మగ్డెబర్గ్ | มัคเดอบวร์ค | Magdeburg | Magdeburg | Magdeburg | ماجدیبورج | Magdeburg | Magdeburgo | Magdeburg | Magdeburg | Magdeburg | Magdeburg | 马格德堡 | მაგდებურგი | מאגדעבורג | Magdeburg | 麥德堡 | Magdeburg | 马格德堡 | 马格德堡 | 马格德堡 | 馬格德堡 | 馬德堡 | 馬德堡 | 马格德堡 | 马格德堡 | 馬德堡 | Magdeburgo | Magdeburg | മാഗ്ഡെബുർഗ് | Magdeburg | Магдебург | Dźěwin | Магдэбург | Magdeburk | دورتموند | Magdeburg | Magdeburg | Magdeburg | Магдебург | Магдебург | Магдебург | Մագդեբուրգ | Magdebuag | Магдебург | Magdeburg | Maagdenburg | ማክደቡርክ | Magdeburgo | Mihtiġburg | مغدبورغ | ماجدبورج | Magdeburgu | Maqdeburq | Магдебург | Magdeburg | Магдэбург | ম্যাগডেবার্গ | Magdeburg | Magdeburg | Магдебург | Landeshauptstadt Magdeburg | ماگدێبورگ | Магдебург | Magdeburg | Magdeburg | Magdeburg | Magdeburg | Μαγδεμβούργο | Magdeburgo | Magdeburgo | Magdeburg | Magdeburg | ماگدبورگ | Magdeburg | Magdeburg | Magdeburg | Magdebourg | Magdebörj | Magdeburg | Magdeburg | Magdeburgo | 𐌼𐌰𐌲𐌰𐌸𐍃𐌱𐌰𐌿𐍂𐌲𐍃 | મેગડેબર્ગ | Magdeburg | Magdeburg | Makekepuka | מגדבורג | मागदेबुर्ग | Magdeburg | Magdeburg | Magdeburg | Magdeburg | Magdeburg | Magdeburg | Magdeburg | マクデブルク | Kebon Raja Magdeburg
Q62645,Woldemar Voigt,1850,1919,Lipsia | Leipzig | Leipzig | ലീപ്സിഗ് | Leipzig | Leipzig | Lipcse | Лейпциг | Lipsko | Lipsko | Leipzig | Lipsk | Leipzig | Leipzig | Leypsiq | Лейпцыг | Ляйпцыг | Լայպցիգ | Лајпциг | Лейпциг | Leipzig | ላይፕጽግ | Leipzig | لايبزيغ | لايبتزج | Leipzig | لایپزیق | Лейпциг | Leipzig | Leipzig | Лайпциг | লাইপ্ৎসিশ | Leipzig | Leipzig | Leipzig | Лейпциг | Leipzig | لایپزیگ | Lipsia | Leyptsig | Leyptsig | Лейпциг | Leipzig | Leipzig | Leipzig | Leipzig | Leipzig | Lipsk | Λειψία | Leipzig | Leipzig | Leipzig | Leipzig | Leipzig | Leipzig | Leipzig | لایپزیگ | Leipzig | Leipzig | Leipzig | Leipzig | لایپتسیش | Leipzig | Leipzig | Lipsia | Leipzig | Leipzig | Leipzig | लेइपजिग | Leipzig | Leipzig | ߟߋߌߔߑߖ߭ߌߜ߭ | Leipzig | Leipzig | Лейпциг | ਲਾਈਪਸਿਸ਼ | Leipzig | Leipzig | Leipzig | Lipsia | لیپزش | Leipzig | Leipzig | Leipzig | Leipzig | Leipzig | Ліпско | Lipsia | Lipsia | Leipzig | ليپزگ | Leipzig | ලේයිප්සිග් | Leipzig | Lajpcigu | Лајпциг | Лајпциг | Leipzig | Leipzig | Leipzig | Lajpcik | லைப்சிக் | లేఇప్జిగ్ | Лейпзиг | ไลพ์ซิช | Leipzig | Leipzig | Лейпциг | Leipzig | Leipzig | Léypzig | Leipzig | Leipzig | Leipzig | Leipzig | Leipzig | Leipzig | Leipzig | લેઇપઝિગ | Leipzig | Leipzig | Lipekika | לייפציג | लिपजिग | Leipzig | Lipsk | Լայփցիկ | Leipzig | Leipzig | Leipzig | Leipzig | Leipzig | ライプツィヒ | Leipzig | ლაიფციგი | Leipzig | Leipzig | Лейпциг | ಲೈಪ್ಜಿಗ್ | 라이프치히 | 라이프찌히 | Leipzig | Лейпциг | Lipsia | Leipzig | Leipzig | Leipzig | Leipzig | Leipzig | Lipsia | Leipcigas | Leipciga | 萊比錫 | Лэйпциг | Leipzig | Leipzig | Лайпциг | लाइपझिश | Leipzig | Leipzig | လိုက်ပဆစ်မြို့ | لائپزش | Leipzig | Leipzig | Läipcig | Leipzig | Leipzig | Leipzig | Leipzig | Leipzig | Leipzig | 莱比锡 | ლაიფციგი | לייפציג | 萊比錫 | 莱比锡 | 莱比锡 | 莱比锡 | 萊比錫 | 萊比錫 | Leipzig
Q62631,Reinhard Mohn,1921,2009,Gütersloh (kapital sa distrito) | Gütersloh | Gütersloh | Gütersloh | Гютерсло | Gütersloh | Gütersloh | Gütersloh | غوترسلوه | جوترسلوه | Gütersloh | Gütersloh | Gütersloh | Гютэрсла | Гютерсло | Gütersloh | Gütersloh | Гуьтерсло | گوترسلو | Gütersloh | Gütersloh | Gütersloh | Gütersloh | Gütersloh | Gütersloh | Γκύτερσλο | Gütersloh | Gütersloh | Gütersloh | Gütersloh | Gütersloh | گوترسلوه | Gütersloh | Gütersloh | Gütersloh | Gütersloh | Gütersloh | Gütersloh | Gütersloh | גיטרסלו | Gütersloh | Gütersloh | Գյութերսլո | Gütersloh | Gütersloh | Gütersloh | Gütersloh | Gütersloh | Gütersloh | ギュータースロー | Gütersloh | Гютерсло | Gütersloh | 귀터슬로 | Gütersloh | Гютерсло | Gutersloha | Gütersloh | Gütersloh | Gütersloh | Gütersloh | Giuterslas | Gütersloh | Gütersloh | Gütersloh | Gütersloh | Gütersloh | Gütersloh | Gütsel | Gütersloh | Gütersloh | Gütersloh | Gütersloh | Gütersloh | Gütersloh | Gütersloh | Gütersloh | Gütersloh | Gütersloh | Gütersloh | Gütersloh | Gütersloh | Gütersloh | Gütersloh | Gütersloh | Gütersloh | Gütersloh | Гитерслох | Gütersloh | Gütersloh | Gütersloh | กือเทิร์สโล | Gütersloh | Гүтерсло | Gütersloh | Гютерсло | Gütersloh | Gütersloh | Gütersloh | Gütersloh | Gütersloh | Gütersloh | Gütersloh | Gütersloh | 居特斯洛 | 居特斯洛 | Gütersloh
Q68062,Johannes Vahlen,1830,1911,Bonn | Bonn | বন | Bonn | بون | Bonn | Bonn | Bonn | Bonn | 본 | Boni | Bona | בון | Bonn | Bona | Bonn | ボン | Bonn | Бонн | Бон | Бонн | Бонн | Бон | Бон | Бон | பான் | بون | Bonn | بون | Bonno | Bonn | Bonn | بن | Бонн | Bonna | 波恩 | Bonna | Bonn | Bonn | Bonn | Bonn | Bonn | Bonn | Bonn | Bonn | Bonn | Bonn | Bonn | Bonn | Bonn | Bonn | Bonn | Bonn | Bonn | Bonn | Bonn | Bonn | Bonn | Bonn | Bonn | Bonn | Bonn | Bonn | Bonn | Bonn | Bonn | Bonn | Bonn | Bonn | Bonn | Bonn | Bonn | Bonn | Bonn | Bonn | Bonn | Bonn | Bonn | Bonn | Bonn | Bonn | Bonn | Bonn | Bonn | Bonn | Bonn | Bonn | Bonn | Bonn | Bonn | Bonn | Bonn | Bonn | Bonn | Bonn | Bonn | Bonn | Bonn | Bonn | Bonn | Bonn | Bonn | Bonn | Bonn | Bonn | Bonn | Bonn | Bonn | Bonn | Bonn | Bonn | Bonn | Bonn | Bonn | Bonn | Bonn | Bonn | Bonn | Bonn | Bonn | Bonn | Bonn | Bonn | Bonn | Bonn | Bonn | Bonn | Bonn | Bonn | Bonn | Bonn | Bonn | Bonn | Bonn | Bonn | Bonn | 波恩 | Bonn | ബോൺ | ቦን | Bonceaster | بون (المانيا) | Бонн | བྷོ་ཨིན། | بۆن، ئەڵمانیا | Бонн | Βόννη | Bonn | بؤن | 𐌱𐌰𐌿𐌽𐌽 | બોન | बॉन | Բոնն | ბონი | Бонн | ಬಾನ್ನ್ | Бонн | Bonn | Бонн | Бон | Бонн | बॉन | बोन | Бонн | ਬੌਨ | بون | بون | Bonn | බොන | Бонн | Bonn | Bonn | Bonn | బొన్ | Бонн | บ็อน | Бонн | 波恩 | באן | 波恩 | 波恩 | 波昂
Q69521,Johann von Lamont,1805,1879,Braemar | ブレイマー | Braemar | Бремор | Braemar | 布拉馬 | Braemar | Bràigh Mhàrr | Braemar | Braemar | Braemar | Braemar | Braemar | Braemar | Braemar | Braemar | Braemar | Бреймар | Braemar | Braemar | برائمار | Bràigh Mhàrr
Q70648,Fritz Steinbach,1855,1916,Grünsfeld | Grünsfeld | Grünsfeld | Grünsfeld | Grünsfeld | Grünsfeld | Grünsfeld | Grünsfeld | Grünsfeld | Grünsfeld | Grünsfeld | Grünsfeld | Grünsfeld | Grünsfeld | Grünsfeld | Grünsfeld | Grünsfeld | Grünsfeld | Grünsfeld | Grünsfeld | Grünsfeld | Grünsfeld | Grünsfeld | Grünsfeld | Grünsfeld | Grünsfeld | Grünsfeld | Grünsfeld | Grünsfeld | Grünsfeld | Grünsfeld | Grünsfeld | Grünsfeld | Grünsfeld | Grünsfeld | Grünsfeld | Grünsfeld | Grünsfeld | Grünsfeld | Grünsfeld | Grünsfeld | Grünsfeld | Grünsfeld | Grünsfeld | Grünsfeld | Grünsfeld | Grünsfeld | Grünsfeld | Grünsfeld | Grünsfeld | Grünsfeld | Grünsfeld | Grünsfeld | Grünsfeld | Grünsfeld | Grünsfeld | Grünsfeld | Grünsfeld | Grünsfeld | Grünsfeld | Grünsfeld | Grünsfeld | Grünsfeld | Grünsfeld | Grünsfeld | Grünsfeld | Grünsfeld | Grünsfeld | Grünsfeld | Grünsfeld | Grünsfeld | Grünsfeld | Grünsfeld | Grünsfeld | Grünsfeld | Grünsfeld | Grünsfeld | Grünsfeld | Grünsfeld | Grünsfeld | Grünsfeld | Grünsfeld | Грюнсфельд | غرونسفلد | جرونسفلد | قرونزفلد | Грунсфельд | Грюнсфелд | Груьнсфельд | گرونزفلد | グリュンスフェルト | Грюнсфельд | Грюнсфельд | Grünsfeld | Гринсфелд | Грюнсфельд | Грюнсфельд | 格林斯费尔德
Q70610,Gustav Hellmann,1854,1939,Lewin Brzeski (kunta) | レヴィン・ブジェスキ | Lewin Brzeski | Levina Bžeska | Левин Бжески | Brzeski Lewin | แลวินบแชสกี | Lewin Brzeski | Левин-Бжески | Левін-Бжеський | Левин-Бжеский | Lewin Brzeski | Lewin Brzeski | Lewin Brzeski | Lewin Brzeski | Lewin Brzeski | Lewin Brzeski | Lewin Brzeski | Lewin Brzeski | Lewin Brzeski | Lewin Brzeski | Lewin Brzeski | Lewin Brzeski | Lewin Brzeski | Lewin Brzeski | Lewin Brzeski | Левін Бжэскі | Lewin Brzeski | Левин Бжески | Левин-Бжески
Q69473,Wilhelm Kreis,1873,1955,Eltville am Rhein | التفيل ام راين | Eltville am Rhein | التویله آن در راین | Эльтвіле-ам-Райн | Елтвиле ам Рейн | Эльтвилле-ам-Райн | Eltville | Eltville | Eltville am Rhein | Eltville am Rhein | Έλτβιλε | Eltville am Rhein | Eltville | Eltville am Rhein | Eltville am Rhein | التویله آن در راین | Eltville | Eltville | Eltville am Rhein | Eltville am Rhein | אלטווילה אם ריין | Eltville am Rhein | Eltville am Rhein | Eltville am Rhein | エルトヴィレ・アム・ライン | Эльтвилле-на-Рейне | ەلتۆىيللە-نا-رەينە | ەلتۆىيللە-نا-رەينە | Эльтвилле-на-Рейне | Эльтвилле-на-Рейне | Élʹtvïlle-na-Reýne | Élʹtvïlle-na-Reýne | Eltville am Rhein | Рейндеги Эльтвилле | Eltville am Rhein | Eltvilė prie Reino | Eltville | Eltville am Rhein | Eltville am Rhein | Eltville am Rhein | Eltville am Rhein | Eltville am Rhein | Eltville am Rhein | Eltville am Rhein | Эльтвилле-ам-Райн | Eltville am Rhein | Eltville | Елтвиле на Рајни | Елтвиле на Рајни | Eltvile na Rajni | Eltville am Rhein | Eltville am Rhein | Eltville am Rhein | Эльтвилле-ам-Райн | Ельтвілле-ам-Райн | Eltville am Rhein | Eltville | 莱茵河畔埃尔特维勒 | 莱茵河畔埃尔特维勒 | 莱茵河畔埃尔特维勒 | 萊茵河畔埃爾特維勒 | 萊茵河畔埃爾特維勒 | 莱茵河畔埃尔特维勒 | 萊茵河畔埃爾特維勒
Q68637,Joseph Friedrich Nicolaus Bornmüller,1862,1948,Hildburghausen | Hildburghausen | Hildburghausen | Хильдбургхаузен | Hildburghausen | Hildburghausen | Hildburghausen | Hildburghausen | Hildburghausen | Hildburghausen | Hildburghausen | Hildburghausen | Hildburghausen | Hildburghausen | Hildburghausen | Hildburghausen | Hildburghausen | Hildburghausen | Hildburghausen | Hildburghausen | Hildburghausen | Hildburghausen | Hildburghausen | Hildburghausen | Hildburghausen | Hildburghausen | Hildburghausen | Hildburghausen | Hildburghausen | Hildburghausen | Hildburghausen | Hildburghausen | Hildburghausen | Hildburghausen | Hildburghausen | Hildburghausen | Hildburghausen | Hildburghausen | Hildburghausen | Hildburghausen | Hildburghausen | Hildburghausen | Hildburghausen | Hildburghausen | Hildburghausen | Hildburghausen | Hildburghausen | Hildburghausen | Hildburghausen | Hildburghausen | Hildburghausen | Hildburghausen | Hildburghausen | Hildburghausen | Hildburghausen | Hildburghausen | Hildburghausen | Hildburghausen | Hildburghausen | Hildburghausen | Hildburghausen | Hildburghausen | Hildburghausen | Hildburghausen | Hildburghausen | Hildburghausen | Hildburghausen | Hildburghausen | Hildburghausen | Hildburghausen | Hildburghausen | Hildburghausen | Hildburghausen | Hildburghausen | هيلدبورغهاوزن | هيلدبورجهاوزن | Хильдбургхаузен | Хилдбургхаузен | Хильдбургхаузен | Χιλντμπουργκχάουζεν | هيلدبورگهاوزن | Hildburghausen (Lönjkris) | Hildburghausen | הילדבורגהאוזן | Հիլդբուրգհաուզեն | ヒルトブルクハウゼン | Хильдбургхаузен | حىيلدبۋرگحاۋزەن | Хильдбургхаузен | Xïlʹdbwrgxawzen | Hildburghausen | Хильдбургхаузен | Hilpertohusa | Hildburghausen | Хилдбургхаузен | Hildburghausen | Хилдбургхаузен | Хилдбургхаузен | Hildburghauzen | Hildburghausen | Хильдбургхаузен | Hildburghausen | Гільдбурггаузен | Hildburghausen | Hildburghausen | 希尔德堡豪森 | 希尔德堡豪森 | 希爾德堡豪森 | 希爾德堡豪森
Q70796,Wilhelm Maurenbrecher,1838,1892,Bonn | Bonn | বন | Bonn | بون | Bonn | Bonn | Bonn | Bonn | 본 | Boni | Bona | בון | Bonn | Bona | Bonn | ボン | Bonn | Бонн | Бон | Бонн | Бонн | Бон | Бон | Бон | பான் | بون | Bonn | بون | Bonno | Bonn | Bonn | بن | Бонн | Bonna | 波恩 | Bonna | Bonn | Bonn | Bonn | Bonn | Bonn | Bonn | Bonn | Bonn | Bonn | Bonn | Bonn | Bonn | Bonn | Bonn | Bonn | Bonn | Bonn | Bonn | Bonn | Bonn | Bonn | Bonn | Bonn | Bonn | Bonn | Bonn | Bonn | Bonn | Bonn | Bonn | Bonn | Bonn | Bonn | Bonn | Bonn | Bonn | Bonn | Bonn | Bonn | Bonn | Bonn | Bonn | Bonn | Bonn | Bonn | Bonn | Bonn | Bonn | Bonn | Bonn | Bonn | Bonn | Bonn | Bonn | Bonn | Bonn | Bonn | Bonn | Bonn | Bonn | Bonn | Bonn | Bonn | Bonn | Bonn | Bonn | Bonn | Bonn | Bonn | Bonn | Bonn | Bonn | Bonn | Bonn | Bonn | Bonn | Bonn | Bonn | Bonn | Bonn | Bonn | Bonn | Bonn | Bonn | Bonn | Bonn | Bonn | Bonn | Bonn | Bonn | Bonn | Bonn | Bonn | Bonn | Bonn | Bonn | Bonn | Bonn | Bonn | 波恩 | Bonn | ബോൺ | ቦን | Bonceaster | بون (المانيا) | Бонн | བྷོ་ཨིན། | بۆن، ئەڵمانیا | Бонн | Βόννη | Bonn | بؤن | 𐌱𐌰𐌿𐌽𐌽 | બોન | बॉन | Բոնն | ბონი | Бонн | ಬಾನ್ನ್ | Бонн | Bonn | Бонн | Бон | Бонн | बॉन | बोन | Бонн | ਬੌਨ | بون | بون | Bonn | බොන | Бонн | Bonn | Bonn | Bonn | బొన్ | Бонн | บ็อน | Бонн | 波恩 | באן | 波恩 | 波恩 | 波昂
Q70792,Alfred Wilhelm Volkmann,1801,1877,Лајпциг | Лейпциг | Leipzig | ላይፕጽግ | Leipzig | لايبزيغ | لايبتزج | Leipzig | لایپزیق | Лейпциг | Leipzig | Leipzig | Лайпциг | লাইপ্ৎসিশ | Leipzig | Leipzig | Leipzig | Лейпциг | Leipzig | لایپزیگ | Lipsia | Leyptsig | Leyptsig | Лейпциг | Leipzig | Leipzig | Leipzig | Leipzig | Leipzig | Lipsk | Λειψία | Leipzig | Leipzig | Leipzig | Leipzig | Leipzig | Leipzig | Leipzig | لایپزیگ | Leipzig | Leipzig | Leipzig | Leipzig | Leipzig | Leipzig | Leipzig | Leipzig | Leipzig | Leipzig | Leipzig | લેઇપઝિગ | Leipzig | Leipzig | Lipekika | לייפציג | लिपजिग | Leipzig | Lipsk | Լայփցիկ | Leipzig | Leipzig | Leipzig | Leipzig | Leipzig | ライプツィヒ | Leipzig | ლაიფციგი | Leipzig | Leipzig | Лейпциг | ಲೈಪ್ಜಿಗ್ | 라이프치히 | 라이프찌히 | Leipzig | Лейпциг | Lipsia | Leipzig | Leipzig | Leipzig | Leipzig | Leipzig | Lipsia | Leipcigas | Leipciga | 萊比錫 | Лэйпциг | Leipzig | Leipzig | Лайпциг | लाइपझिश | Leipzig | Leipzig | လိုက်ပဆစ်မြို့ | لایپتسیش | Leipzig | Leipzig | Lipsia | Leipzig | Leipzig | Leipzig | Lipsia | Leipzig | Leipzig | ലീപ്സിഗ് | Leipzig | Leipzig | Lipcse | Лейпциг | Lipsko | Lipsko | Leipzig | Lipsk | Leipzig | Leipzig | Leypsiq | Лейпцыг | Ляйпцыг | Լայպցիգ | लेइपजिग | Leipzig | Leipzig | ߟߋߌߔߑߖ߭ߌߜ߭ | Leipzig | Leipzig | Лейпциг | ਲਾਈਪਸਿਸ਼ | Leipzig | Leipzig | Leipzig | Lipsia | لیپزش | Leipzig | Leipzig | Leipzig | Leipzig | Leipzig | Ліпско | Lipsia | Lipsia | Leipzig | ليپزگ | Leipzig | ලේයිප්සිග් | Leipzig | Lajpcigu | Лајпциг | Лајпциг | Leipzig | Leipzig | Leipzig | Lajpcik | லைப்சிக் | లేఇప్జిగ్ | Лейпзиг | ไลพ์ซิช | Leipzig | Leipzig | Лейпциг | Leipzig | Leipzig | Léypzig | لائپزش | Leipzig | Leipzig | Läipcig | Leipzig | Leipzig | Leipzig | Leipzig | Leipzig | Leipzig | 莱比锡 | ლაიფციგი | לייפציג | 萊比錫 | 莱比锡 | 莱比锡 | 莱比锡 | 萊比錫 | 萊比錫 | Leipzig
Q70818,Johann Christian Martin Bartels,1769,1836,Brunswick | Braunschweig | Brunswick | Brunswick | Brunswick | Braunschweig | Braunschweig | Брауншвейг | Braunschweig | Braunschweig | Broenswiek | Braunschweig | براونشوایگ | Braunšveigas | Brunszwik | Brunswick | Brunswick | Brunsvicum | Brunswick | Brunsvigo | 不伦瑞克 | Brunswick | 不伦瑞克 | Brunswyk | Braunschweig | براونشفايغ | براونشفايج | Braunschweig | Braunşveyq | براونشوایق | Braunschweig | Браўншвайг | Браўншвайг | Брауншвайг | ব্রঞ্চউইগ | Brunsvic | Брауншвейг | Braunschweig (kapital sa distrito) | براونشڤایگ | Braunschweig | Braunschweig | Braunschweig | Braunschweig | Braunschweig | Μπράουνσβαϊγκ | Braunschweig | Brunswick | Braunschweig | Braunschweig | Braunschweig | Brunswyk | Braunschweig | Braunschweig | બ્રૌન્ચવેગ | Braunschweig | Braunschweig | בראונשווייג | ब्रंजविक | Braunschweig | Brunšwik | Braunschweig | Բրաունշվայգ | Braunschweig | Braunschweig | Braunschweig | Braunschweig | Brúnsvík | ブラウンシュヴァイク | Braunschweig | ბრაუნშვაიგი | Брауншвейг | ಬ್ರಾನ್ಜ್ವಿಕ್ | 브라운슈바이크 | Braunschweig | Брауншвейг | Braunschweig | Braunšveiga | Брауншвэйг | Braunschweig | Брауншвајг | Брауншвайг | ब्राउनश्वाइग | Braunschweig | Brunswick | Braunschweig | Bronswiek | Braunschweig | Brunswick | Брауншвейг | Brunsvique | Brunsvique | Braunschweig | Braunschweig | Braunschweig | බ්රෝන්ෂ්විග් | Braunschweig | Braunschweig | Braunshvajgi | Брауншвајг | Braunschweig | Braunschweig | Braunschweig | பிரான்ஷ்விக் | బ్రౌన్ స్వైగ్ | Брауншвейг | เบราน์ชไวค์ | Брауншвейг | Braunschweig | Braunshwéyg | Брауншвейг | برانشویگ | Braunschweig | Braunschweig | Braunschweig | Braunschweig | Braunschweig | 不伦瑞克 | ברוינשווייג | 布倫瑞克 | 不伦瑞克 | 不倫瑞克 | 賓士域 | 布倫瑞克
Q70837,Ferdinand Hitzig,1807,1875,Lörrach | Lörrach | Lörrach | Lörrach | Lörrach | Lörrach | Lörrach | Lörrach | Lörrach | Lörrach | لوراخ | لوراخ | Lörrach | لراخ | Lörrach | Лёрах | Льоррах | Lörrach | Lörrach | Лоьррах | Lörrach | Lörrach | Lörrach | Lörrach | Lörrach | Λόρραχ | Lörrach | Lörrach | Lörrach | Lörrach | Lörrach | Lörrach | Lörrach | لراخ | Lörrach | Lörrach | Lörrach | Lörrach (Stää) | Lörrach | Lörrach | Lörrach | Lörrach | Lörrach | Lörrach | לוראך | Lörrach | Լյոռախ | Lörrach | Lörrach | Lörrach | Lörrach | Lörrach | Lörrach | レラッハ | Lörrach | Lörrach | Lörrach | Lörrach | Lörrach | Lörrach | Lörrach | Lörrach | Lerachas | Lörrach | Lörrach | Lörrach | Lörrach | Lörrach | Lörrach | Lörrach | Lörrach | Lörrach | Lörrach | Lörrach | Lörrach | Lörrach | Lörrach | Lörrach | Lörrach | Лёррах | Lörrach | Lörrach | Lörrach | Lörrach | Lörrach | Lörrach | Лерах | Lörrach | Lörrach | Lörrach | เลอรัค | Lörrach | Лөррах | Lörrach | Леррах | Lörrach | Lörrach | Lörrach | Lörrach | Lörrach | Lörrach | Lörrach | Lörrach | 勒拉赫 | 勒拉赫 | Lörrach
Q70864,Albrecht Dieterich,1866,1908,Bad Hersfeld | Bad Hersfeld | Bad Hersfeld | Bad Hersfeld | Bad Hersfeld | 巴特黑斯费尔德 | Bad Hersfeld | Bad Hersfeld | باد هرسفلد | باد هرسفلد | Bad Hersfeld | Bad Hersfeld | باد هرسفلد | Bad Hersfeld | Бад-Герсфельд | Бад-Гэрсфэльд | Бад Херсфелд | Bad Hersfeld | Bad Hersfeld | Bad Hersfeld | Бад-Херсфельд | Bad Hersfeld (kapital sa distrito) | Bad Hersfeld | Bad Hersfeld | Bad Hersfeld | Bad Hersfeld | Bad Hersfeld | Bad Hersfeld | Bad Hersfeld | Bad Hersfeld | Bad Hersfeld | Bad Hersfeld | Bad Hersfeld | Bad Hersfeld | Bad Hersfeld | Bad Hersfeld | Bad Hersfeld | باد هرسفلد | Bad Hersfeld | Bad Hersfeld | Bad Hersfeld | Bad Hersfeld | Bad Hersfeld | Bad Hersfeld | Bad Hersfeld | Bad Hersfeld | Bad Hersfeld | Bad Hersfeld | באד הרצפלד | Bad Hersfeld | Bad Hersfeld | Բադ Հերսֆելդ | Bad Hersfeld | Bad Hersfeld | Bad Hersfeld | Bad Hersfeld | Bad Hersfeld | Bad Hersfeld | バート・ヘルスフェルト | Bad Hersfeld | Бад-Херсфельд | Bad Hersfeld | Бад-Херсфельд | Herocampia | Bad Hersfeld | Bad Hersfeld | Bad Hersfeld | Bad Hersfeld | Bad Hersfeld | Bad Hersfeld | Bad Hersfeld | Bad Hersfeld | Bad Hersfeld | Bad Hersfeld | Bad Hersfeld | Bad Hersfeld | Bad Hersfeld | Bad Hersfeld | Bad Hersfeld | Bad Hersfeld | Bad Hersfeld | Bad Hersfeld | Bad Hersfeld | Bad Hersfeld | Bad Hersfeld | Bad Hersfeld | Бад-Херсфельд | Bad Hersfeld | Bad Hersfeld | Bad Hersfeld | Bad Hersfeld | Bad Hersfeld | Bad Hersfeld | Bad Hersfeld | Бад Херсфелд | Bad Hersfeld | Bad Hersfeld | Bad Hersfeld | Bad Hersfeld | Бад-Херсфельд | Bad Hersfeld | Бад-Герсфельд | Bad Hersfeld | Bad Hersfeld | Bad Hersfeld | Bad Hersfeld | Bad Hersfeld
Q70859,Jacob Caro,1835,1904,Gniezno | Gniezno | グニェズノ | Гнезна | Гнезна | Гнезно | Гнезно | Gniezno | Gniezno | Hnězdno | Gniezno | Gniezno | Gniezno | Gniezno | Gniezno | Gniezno | Gniezno | Gniezno | Gniezno | Gniezno | Gniezno | Gniezno | Gniezno | Gniezno | Gniezno | Gniezno | Gniezno | Gniezno | Gniezno | Gniezno | Gniezno | Gniezno | Gniezno | Gniezno | Gniezno | Gniezno | Gniezno | Gniezno | Gniezno | Gniezno | Gniezno | Gniezno | Gniezno | جنازنة | جنيزنو | Qnezno | قینیزنا | Гнезно | Gniezno | Gniezno (kapital sa powiat) | Gniezno | Gniezno | Γκνιέζνο | گینیزنا | Gniezno | Gnesen | גנייזנו | Gniezno | Գնեզնո | Gniezno | გნეზნო | 그니에즈노 | Gnesna | Gniezno | Gnieznas | Gņezno | Гњезно | Gniezno | Gniezno | Gnesen | Гнезно | Gniezno | Gniezno | Gniezno | Gniezno | Гњезно | Gńezno | กแญซนอ | Gniezno | Гнезно | Гнєзно | 格涅兹诺 | 格涅茲諾 | 格涅茲諾 | 格涅兹诺 | 格涅兹诺 | 格涅茲諾
Q70835,Georg Ludwig Hartig,1764,1837,Gladenbach | Gladenbach | Gladenbach | Gladenbach | Gladenbach | Gladenbach | Gladenbach | Gladenbach | Gladenbach | Gladenbach | Gladenbach | Gladenbach | Gladenbach | Gladenbach | Gladenbach | Gladenbach | Gladenbach | Gladenbach | Gladenbach | Gladenbach | Gladenbach | Gladenbach | Gladenbach | Gladenbach | Gladenbach | Gladenbach | Gladenbach | Gladenbach | Gladenbach | Gladenbach | Gladenbach | Gladenbach | Gladenbach | Gladenbach | Gladenbach | Gladenbach | Gladenbach | Gladenbach | Gladenbach | Gladenbach | Gladenbach | Gladenbach | Gladenbach | Gladenbach | Gladenbach | Gladenbach | Gladenbach | Gladenbach | Gladenbach | Gladenbach | Gladenbach | Gladenbach | Gladenbach | Gladenbach | Gladenbach | Gladenbach | Gladenbach | Gladenbach | Gladenbach | Gladenbach | Gladenbach | Gladenbach | Gladenbach | Gladenbach | Gladenbach | Gladenbach | Gladenbach | Gladenbach | Gladenbach | Gladenbach | Gladenbach | Gladenbach | غلادنباخ | جلادنباخ | قلدنباخ | Гладенбах | گلدنباخ | Gladenbach | グラーデンバッハ | Gladenbach | Gladenbach | Гладенбах | Gladenbach | Гладенбах | Гладенбах | Gladenbah | Gladenbach | Гладенбах | Gladenbach | Гладенбах | Gladenbach | Gladenbach | 格拉登巴赫 | 格拉登巴赫 | 格拉登巴赫 | 格拉登巴赫
Q60616,Heinrich Boie,1794,1827,Meldorf | Meldorf | Meldorf | Meldorf | Meldorf | Meldorf | Meldorf | Meldorf | Meldorf | Meldorf | Meldorf | Meldorf | Meldorf | Meldorf | Meldorf | Meldorf | Meldorf | Meldorf | Meldorf | Meldorf | Meldorf | Meldorf | Meldorf | Meldorf | Meldorf | Meldorf | Meldorf | Meldorf | Meldorf | Meldorf | Meldorf | Meldorf | Meldorf | Meldorf | ملدورف | ملدورف | ملدورف | Мельдорф | ملدورف | Meldorf | מלדורף | Meldorf | メルドルフ | Meldorf | Meldorf | Мелдорф | Meldörp | Мельдорф | Meldorf | Мелдорф | Мелдорф | Meldorf | Мельдорф | Meldorf | Мельдорф | Meldorf | Meldorf | 梅尔多夫 | 梅尔多夫 | 梅爾多夫 | 梅爾多夫 | Meldorf | Meldorf | Meldorf | Meldorf | Meldorf | Meldorf | Meldorf | Meldorf | Meldorf | Meldorf | Meldorf | Meldorf | Meldorf | Meldorf | Meldorf | Meldorf | Meldorf | Meldorf | Meldorf | Meldorf | Meldorf | Meldorf | Meldorf | Meldorf | Meldorf | Meldorf | Meldorf | Meldorf | Meldorf | Meldorf | Meldorf | Meldorf | Meldorf | Meldorf | Meldorf | Meldorf | Meldorf | Meldorf
Q61462,Bernhard Siegfried Albinus,1697,1770,Frankfurt (Oder) | Frankfurt (Oder) | Francoforte sull'Oder | フランクフルト・アン・デア・オーダー | Frankfurt an der Oder | ოდერის ფრანკფურტი | Frankfurt (Oder) | Frankfurt (Oder) | Francofortum ad Oderam | Frankfurt (Oder) | Frankfurt (Oder) | Frankfurt (Oder) | Frankfurt (Oder) | Frankfurtas prie Oderio | Frankfurte pie Oderas | Frankfurt (Oder) | Frankfurt (Oder) | Франкфурт на Одра | Frankfurt an der Oder | Frankfurt (Oder) | Frankfurt (Oder) | Frankfort an de Oder | Frankfurt (Oder) | Frankfort aan de Oder | Frankfurt an der Oder | Frankfurt (Oder) | Frankfurt (Oder) | Frankfurt (Oder) | Frankfurt nad Odrą | Frankfurt (Oder) | Frankfurt an der Oder | Frankfurt an der Oder | Frankfurt (Oder) | Francuforte subra s'Oder | Frankfurt (Oder) | Frankfurt (Oder) | Frankfurt nad Odrou | Frankfurt ob Odri | Франкфурт на Одри | Frankfurt (Oder) | Frankfurt an der Oder | Frankfurt (Oder) | Frankfurt (Oder) | Francfort del Oder | Франкфурт-ам-Одер | Франкфурт-на-Одері | Frankfurt (Oder) | Francoforte de l'Oder | Frankfurt (Oder) | Frankfurt (Oder) | Frankfurt len Oder | Frankfurt (Oder) | Frankfurt (Oder) | Frankfurt (Oder) | 奥得河畔法兰克福 | ოდერიშ ფრანკფურტი | פראנקפורט אן דער אדער | 奧德河畔法蘭克福 | 奥得河畔法兰克福 | 奧得河畔法蘭克福 | Frankfurt (Oder) | Frankfurt (Oder) | فرانکفورت | Франкфурт | Франкфурт-на-Одере | فرانكفورت | Φρανκφούρτη | 프랑크푸르트 | Франкфурт | فرینکفرٹ | Frankfurt | Frankfurt (Oder) | Frankfurt (Oder) | Frankfurt (Oder) | Frankfurt (Oder) | Frankfurt (Oder) | Frankfurt (Oder) | Frankfurt (Oder) | فرانكفورت على أودر | Frankfurt (Oder) | Frankfurt-na-Oder | Одерҙағы Франкфурт | Frankfurt an da Oder | Франкфурт-на-Одэры | Франкфурт-на-Одры | Франкфурт на Одер | Frankfurt (Oder) | Frankfurt de l'Oder | Одер-тӀера-Франкфурт | Francuforte su l'Oder | Frankfurt nad Odrou | Frankfurt an der Oder | Frankfurt (Oder) | Frankfurt (Oder) | Frankfurt (Oder) | Frankfurt (Oder) | Frankobrod-Odra | Frankfurt (Oder) | Frankfurt (Oder) | Frankfurto ĉe Odro | Fráncfort del Óder | Frankfurt Oderi ääres | Frankfurt Oder | Frankfurt (Oder) | Francfort-sur-l'Oder | Frankfurt (Oder) | Frankfurt (Oder) | Frankfurt (Oder) | Frankfurt oan de Oder | Frankfurt (Oder) | Frankfurt (Oder) | Frankfurt (Oder) | Frankfurt (Oder) | Frankfurt (Oder) | פרנקפורט על האודר | Frankfurt na Odri | Frankobrod nad Wódru | Frankfurt (Oder) | Օդերի Ֆրանկֆուրտ | Frankfurt (Oder) | Frankfurt an der Oder | Frankfurt (Oder)
Q61482,Nikolaus Federmann,1501,1542,Ulm | ഉൽമ് | Ulm | אולם | Ulm | Ulm | ウルム | Ulm | أولم | Ulm | Ulm | 乌尔姆 | Ульм | Ульм | Ульм | 乌尔姆 | 乌尔姆 | 烏爾姆 | اولم | Ulm | Ulm | Ulm | Ulm | Ulm | Ulm | Ulm | Ulm | Ulm | Ulm | Ульм | Ulm | Улм | Ulm | Ulm | Ulm | Ulm | Ulm | Ulm | Ulm | Ulm | Ulm | Ulm | Ulm | Ulm | Ulm | Ulm | Ulm | Ulm | Ulm | Ulm | Ulm | Ulm | Ulm | Ulm | Ulm | Ulm | Ulm | Ulm | Ulm | Ulm | Ulm | Ulm | Ulm | Ulm | Ulm | Ulm | Ulm | Ulm | Ulm | Ulm | Ulm | Ulm | Ulm | Ulm | Ουλμ | Ulm | Ulm | Ulm | Ulm | Ulm | Ulm | Ulm | Ulm | Ulm | Ulm | Ulm | Ulm | Ulm | Ulm | Ulm | Ulm | Ulm | Ulm | Ulm | Ulm | Ulm | اولم | ऊल्म | اولم | Ульм | Ульм | Улм | উল্ম | Ulm (kapital sa distrito) | ئولم | Ульм | Ulma | ઉલ્મ | ऊल्म | Ուլմ | ულმი | Ульм | ಉಲ್ಮ್ | 울름 | Ульм | Ulma | Ulma | اولم | Ulmas | Ulma | Ульм | Улм | उल्म | Ульм | الم | Ulm | Ульм | උයිම් | Ульм | Ulm | Ulm | Ulm | உல்ம் | ఉల్మ్ | Улм | อุล์ม | اولم | 乌尔姆 | אולם | 烏姆
Q64799,Heinz Hitler,1920,1942,Магдебург | Magdeborgh | مگڈیبرگ | Magdeburgo | Magdeburgo | Magdeburg | Magdeburg | Маґдебурґ | Magdeburg | Magdeburg | Magdeburg | මැඩබර්ග් | Magdeburg | Magdeburg | Magdeburgu | Магдебург | Magdeburg | Magdeburg | Magdeburg | Magdeburg | மாக்டெபர்க் | మగ్డెబర్గ్ | มัคเดอบวร์ค | Magdeburg | Magdeburg | Magdeburg | ماجدیبورج | Magdeburg | Magdeburgo | Magdeburg | Magdeburg | Magdeburg | Magdeburg | 马格德堡 | მაგდებურგი | מאגדעבורג | Magdeburg | 麥德堡 | Magdeburg | 马格德堡 | 马格德堡 | 马格德堡 | 馬格德堡 | 馬德堡 | 馬德堡 | 马格德堡 | 马格德堡 | 馬德堡 | Magdeburgo | Magdeburg | മാഗ്ഡെബുർഗ് | Magdeburg | Магдебург | Dźěwin | Магдэбург | Magdeburk | دورتموند | Magdeburg | Magdeburg | Magdeburg | Магдебург | Магдебург | Магдебург | Մագդեբուրգ | Magdebuag | Магдебург | Magdeburg | Maagdenburg | ማክደቡርክ | Magdeburgo | Mihtiġburg | مغدبورغ | ماجدبورج | Magdeburgu | Maqdeburq | Магдебург | Magdeburg | Магдэбург | ম্যাগডেবার্গ | Magdeburg | Magdeburg | Магдебург | Landeshauptstadt Magdeburg | ماگدێبورگ | Магдебург | Magdeburg | Magdeburg | Magdeburg | Magdeburg | Μαγδεμβούργο | Magdeburgo | Magdeburgo | Magdeburg | Magdeburg | ماگدبورگ | Magdeburg | Magdeburg | Magdeburg | Magdebourg | Magdebörj | Magdeburg | Magdeburg | Magdeburgo | 𐌼𐌰𐌲𐌰𐌸𐍃𐌱𐌰𐌿𐍂𐌲𐍃 | મેગડેબર્ગ | Magdeburg | Magdeburg | Makekepuka | מגדבורג | मागदेबुर्ग | Magdeburg | Magdeburg | Magdeburg | Magdeburg | Magdeburg | Magdeburg | Magdeburg | マクデブルク | Kebon Raja Magdeburg | მაგდებურგი | Магдебург | ಮ್ಯಾಗ್ದೆಬರ್ಗ್ | 마그데부르크 | Magdeburg | Магдебург | Magdeburg | Магдебeрг | Magdeburgum | Magdeburg | Magdebürgu | Magdeburg | Magdeburgh | Magdeburgas | Magdeburga | Магдэбург | Magdeburg | Магдебург | माक्देबुर्ग | Magdeburg | Magdeburg | Magdeburg | Magdeburg | Magdeburg | Meideborg | मेगडेबर्ग | Magdeburg | Magdeburg | Magdeborg
Q64888,Rudolf Swiderski,1878,1909,Lipsia | Leipzig | Leipzig | ലീപ്സിഗ് | Leipzig | Leipzig | Lipcse | Лейпциг | Lipsko | Lipsko | Leipzig | Lipsk | Leipzig | Leipzig | Leypsiq | Лейпцыг | Ляйпцыг | Լայպցիգ | Лајпциг | Лейпциг | Leipzig | ላይፕጽግ | Leipzig | لايبزيغ | لايبتزج | Leipzig | لایپزیق | Лейпциг | Leipzig | Leipzig | Лайпциг | লাইপ্ৎসিশ | Leipzig | Leipzig | Leipzig | Лейпциг | Leipzig | لایپزیگ | Lipsia | Leyptsig | Leyptsig | Лейпциг | Leipzig | Leipzig | Leipzig | Leipzig | Leipzig | Lipsk | Λειψία | Leipzig | Leipzig | Leipzig | Leipzig | Leipzig | Leipzig | Leipzig | لایپزیگ | Leipzig | Leipzig | Leipzig | Leipzig | Leipzig | Leipzig | Leipzig | Leipzig | Leipzig | Leipzig | Leipzig | લેઇપઝિગ | Leipzig | Leipzig | Lipekika | לייפציג | लिपजिग | Leipzig | Lipsk | Լայփցիկ | Leipzig | Leipzig | Leipzig | Leipzig | Leipzig | ライプツィヒ | Leipzig | ლაიფციგი | Leipzig | Leipzig | Лейпциг | ಲೈಪ್ಜಿಗ್ | 라이프치히 | 라이프찌히 | Leipzig | Лейпциг | Lipsia | Leipzig | Leipzig | Leipzig | Leipzig | Leipzig | Lipsia | Leipcigas | Leipciga | 萊比錫 | Лэйпциг | Leipzig | Leipzig | Лайпциг | लाइपझिश | Leipzig | Leipzig | လိုက်ပဆစ်မြို့ | لایپتسیش | Leipzig | Leipzig | Lipsia | Leipzig | Leipzig | Leipzig | लेइपजिग | Leipzig | Leipzig | ߟߋߌߔߑߖ߭ߌߜ߭ | Leipzig | Leipzig | Лейпциг | ਲਾਈਪਸਿਸ਼ | Leipzig | Leipzig | Leipzig | Lipsia | لیپزش | Leipzig | Leipzig | Leipzig | Leipzig | Leipzig | Ліпско | Lipsia | Lipsia | Leipzig | ليپزگ | Leipzig | ලේයිප්සිග් | Leipzig | Lajpcigu | Лајпциг | Лајпциг | Leipzig | Leipzig | Leipzig | Lajpcik | லைப்சிக் | లేఇప్జిగ్ | Лейпзиг | ไลพ์ซิช | Leipzig | Leipzig | Лейпциг | Leipzig | Leipzig | Léypzig | لائپزش | Leipzig | Leipzig | Läipcig | Leipzig | Leipzig | Leipzig | Leipzig | Leipzig | Leipzig | 莱比锡 | ლაიფციგი | לייפציג | 萊比錫 | 莱比锡 | 莱比锡 | 莱比锡 | 萊比錫 | 萊比錫 | Leipzig
Q62839,Friedrich Boie,1789,1870,Meldorf | Meldorf | Meldorf | Meldorf | Meldorf | Meldorf | Meldorf | Meldorf | Meldorf | Meldorf | Meldorf | Meldorf | Meldorf | Meldorf | Meldorf | Meldorf | Meldorf | Meldorf | Meldorf | Meldorf | Meldorf | Meldorf | Meldorf | Meldorf | Meldorf | Meldorf | Meldorf | Meldorf | Meldorf | Meldorf | Meldorf | Meldorf | Meldorf | Meldorf | Meldorf | Meldorf | Meldorf | Meldorf | Meldorf | Meldorf | Meldorf | Meldorf | Meldorf | Meldorf | Meldorf | Meldorf | Meldorf | Meldorf | Meldorf | Meldorf | Meldorf | Meldorf | Meldorf | Meldorf | Meldorf | Meldorf | Meldorf | Meldorf | Meldorf | Meldorf | Meldorf | Meldorf | Meldorf | Meldorf | Meldorf | Meldorf | Meldorf | Meldorf | Meldorf | Meldorf | Meldorf | Meldorf | ملدورف | ملدورف | ملدورف | Мельдорф | ملدورف | Meldorf | מלדורף | Meldorf | メルドルフ | Meldorf | Meldorf | Мелдорф | Meldörp | Мельдорф | Meldorf | Мелдорф | Мелдорф | Meldorf | Мельдорф | Meldorf | Мельдорф | Meldorf | Meldorf | 梅尔多夫 | 梅尔多夫 | 梅爾多夫 | 梅爾多夫
Q64902,Johann Jakob Griesbach,1745,1812,بوتسباخ | بوتسباخ | بوتزباخ | Буцбах | Буцбах | Буцбах | Μπούτσμπαχ | بوتزباخ | Butzbach | ブッツバッハ | Буцбах | بۋتسباح | Буцбах | Bwcbax | Butzbach | Буцбах | Butzbach | Буцбах | Butzbach | Буцбах | Буцбах | Bucbah | Butzbach | Буцбах | Butzbach | Буцбах | Butzbach | Butzbach | 布茨巴赫 | 布茨巴赫 | 布茨巴赫 | 布茨巴赫 | Butzbach | Butzbach | Butzbach | Butzbach | Butzbach | Butzbach | Butzbach | Butzbach | Butzbach | Butzbach | Butzbach | Butzbach | Butzbach | Butzbach | Butzbach | Butzbach | Butzbach | Butzbach | Butzbach | Butzbach | Butzbach | Butzbach | Butzbach | Butzbach | Butzbach | Butzbach | Butzbach | Butzbach | Butzbach | Butzbach | Butzbach | Butzbach | Butzbach | Butzbach | Butzbach | Butzbach | Butzbach | Butzbach | Butzbach | Butzbach | Butzbach | Butzbach | Butzbach | Butzbach | Butzbach | Butzbach | Butzbach | Butzbach | Butzbach | Butzbach | Butzbach | Butzbach | Butzbach | Butzbach | Butzbach | Butzbach | Butzbach | Butzbach | Butzbach | Butzbach | Butzbach | Butzbach | Butzbach | Butzbach | Butzbach | Butzbach | Butzbach | Butzbach | Butzbach | Butzbach | Butzbach | Butzbach
Q64835,Özcan Arkoç,1939,2021,خيره بولي | Hayrabolu | Hayrabolu | حایرابولو | Хайраболу | ХӀайраболу | Hayrabolu İlçesi | Hayrabolu | Hayrabolu | Χαριούπολη | Hayrabolu | هایرابولو | Hayrabolu | Hayrabolu | هایرابؤلۊ | Distretto di Hayrabolu | Хайраболу | Hayrabolu | Hayrabolu | هایرابولو | Hayrabolu | Hayrabolu | Hayrabolu | Hayrabolu | ضلع ہائرابولو | Hayrabolu | Хайраболу | Hayrabolu | Hayrabolu | Hayrabolu | Хайраболу (Һайраболу) | ہایرابولو | Hayrabolu | 海拉博盧 | 海拉博卢 | 海拉博盧 | 海拉博盧
Q62229,Anton Dohrn,1840,1909,Şetsin | شچچین | Szczecin | Шчэцін | Шчэцін | Шчечин | স্টাজিন | Szczecin | Szczecin | Щецин | شچێچین | Şçetsin | Şçetsin | Szczecëno | Szczecin | Szczecin | Szczecin | Στσέτσιν | Szczecin | Szczecin | Szczecin | Szczecin | Szczecin | شچچین | Szczecin | Szczecin | શ્ટેચિન | Szczecin | Sṳ̍p-chhiet-chhiâng | שצ'צ'ין | श्टेटीन | Szczecin | Šćećin | Շչեցին | Szczecin | Szczecin | Szczecin | Szczecin | Szczecin | შჩეცინი | Щецин | Szczecin | ಸ್ಟೆಟ್ಟಿನ್ | 슈체친 | Stettinum | Szczecin | Stetin | Ščecinas | Ščecina | Щечин | Щецин | Szczecin | Шчеќин | Шчецин | Шчецин | श्टेचिन | Szczecin | Szczecin | Щецин ош | Szczecin | Szczecin | Szczecin | Szczecin | Szczecin | Estettin | Szczecin | Щецин | ششیچن | شچېچېن | Estetino | Estetino | Szczecin | Szczecin | Щецин | Щецин | Szczecin | Szczecin | Szczecin | Шчећин | සෙසින් | Štetín | Szczecin | Szczecin | Шчећин | Szczecin | Szczecin | Sztetin | ஸ்செசின் | స్జేచిన్ | Szczecin | Штеттин | ชแชตชิน | Szczecin | ma tomo Sesin | Szczecin | Щецин | Шӵечин | Shchétsin | Щецин | شٹیچین | Stettino | Szczecin | Stettin | Szczecin | Štětín | Szczecin | Szczecin | Szczecin | Szczecin | Szczecin | Szczecin | Szczecin | シュチェチン | 什切青 | Szczecin | Szczecin | Stettin | Stettin | Stettin | Stettin | Stettin | Stettin | Stettin | Stettin | Stettin | Stettin | Stettin | Szczecin | ሽጨቺን | شتشيتشين | شتتين | Szczecin | Szczecin | Shchetsin | Stetin | Ščecin | Szczecin | Szczecin | Szczecin | 什切青 | შჩეცინი | שטעטין | 舒車前 | 什切青 | 什切青 | 什切青
Q63200,Dietrich Starck,1908,2001,Şetsin | شچچین | Szczecin | Шчэцін | Шчэцін | Шчечин | স্টাজিন | Szczecin | Szczecin | Щецин | شچێچین | Şçetsin | Şçetsin | Szczecëno | Szczecin | Szczecin | Szczecin | Στσέτσιν | Szczecin | Szczecin | Szczecin | Szczecin | Szczecin | شچچین | Szczecin | Szczecin | શ્ટેચિન | Szczecin | Sṳ̍p-chhiet-chhiâng | שצ'צ'ין | श्टेटीन | Szczecin | Šćećin | Շչեցին | Szczecin | Szczecin | Szczecin | Szczecin | Szczecin | შჩეცინი | Щецин | Szczecin | ಸ್ಟೆಟ್ಟಿನ್ | 슈체친 | Stettinum | Szczecin | Stetin | Ščecinas | Ščecina | Щечин | Щецин | Szczecin | Шчеќин | Шчецин | Шчецин | श्टेचिन | Szczecin | Szczecin | Щецин ош | Szczecin | Szczecin | Szczecin | Szczecin | Szczecin | Estettin | Szczecin | Щецин | ششیچن | شچېچېن | Estetino | Estetino | Szczecin | Szczecin | Щецин | Щецин | Szczecin | Szczecin | Szczecin | Шчећин | සෙසින් | Štetín | Szczecin | Szczecin | Шчећин | Szczecin | Szczecin | Sztetin | ஸ்செசின் | స్జేచిన్ | Szczecin | Штеттин | ชแชตชิน | Szczecin | ma tomo Sesin | Szczecin | Щецин | Шӵечин | Shchétsin | Щецин | شٹیچین | Stettino | Szczecin | Stettin | Szczecin | Štětín | Szczecin | Szczecin | Szczecin | Szczecin | Szczecin | Szczecin | Szczecin | シュチェチン | 什切青 | Szczecin | Szczecin | Stettin | Stettin | Stettin | Stettin | Stettin | Stettin | Stettin | Stettin | Stettin | Stettin | Stettin | Szczecin | ሽጨቺን | شتشيتشين | شتتين | Szczecin | Szczecin | Shchetsin | Stetin | Ščecin | Szczecin | Szczecin | Szczecin | 什切青 | შჩეცინი | שטעטין | 舒車前 | 什切青 | 什切青 | 什切青
Q62191,Friedrich von Wrangel,1784,1877,شچچین | Szczecin | Шчэцін | Шчэцін | Шчечин | স্টাজিন | Szczecin | Szczecin | Щецин | شچێچین | Şçetsin | Şçetsin | Szczecëno | Szczecin | Szczecin | Szczecin | Στσέτσιν | Szczecin | Szczecin | Szczecin | Szczecin | Szczecin | شچچین | Szczecin | Szczecin | શ્ટેચિન | Szczecin | Sṳ̍p-chhiet-chhiâng | שצ'צ'ין | श्टेटीन | Szczecin | Šćećin | Շչեցին | Szczecin | Szczecin | Szczecin | Szczecin | Szczecin | შჩეცინი | Щецин | Szczecin | ಸ್ಟೆಟ್ಟಿನ್ | 슈체친 | Stettinum | Szczecin | Stetin | Ščecinas | Ščecina | Щечин | Щецин | Szczecin | Шчеќин | Шчецин | Шчецин | श्टेचिन | Szczecin | Szczecin | Щецин ош | Szczecin | Szczecin | Szczecin | Szczecin | Szczecin | Estettin | Szczecin | Щецин | ششیچن | شچېچېن | Estetino | Estetino | Szczecin | Szczecin | Щецин | Щецин | Szczecin | Szczecin | Szczecin | Шчећин | සෙසින් | Štetín | Szczecin | Szczecin | Шчећин | Szczecin | Szczecin | Sztetin | ஸ்செசின் | స్జేచిన్ | Szczecin | Штеттин | ชแชตชิน | Szczecin | ma tomo Sesin | Szczecin | Щецин | Шӵечин | Shchétsin | Щецин | شٹیچین | Shchetsin | Stettino | Szczecin | Stettin | Szczecin | Štětín | Szczecin | Szczecin | Szczecin | Szczecin | Szczecin | Szczecin | Szczecin | シュチェチン | 什切青 | Szczecin | Szczecin | Stettin | Stettin | Stettin | Stettin | Stettin | Stettin | Stettin | Stettin | Stettin | Stettin | Stettin | Szczecin | ሽጨቺን | شتشيتشين | شتتين | Szczecin | Szczecin | Şetsin | Stetin | Ščecin | Szczecin | Szczecin | Szczecin | 什切青 | შჩეცინი | שטעטין | 舒車前 | 什切青 | 什切青 | 什切青
Q62258,John Henry Mackay,1864,1933,Greenock | Greenock | گرینوک | Greenock | Greenock | Grianaig | Grianaig | Grianaig | גרינוק | Գրինոկ | Greenock | Greenock | Greenock | グリーノック | გრინოკი | 그리녹 | Grinokas | Greenock | Greenock | Greenock | Greenock | گرینوک | Greenock | Greenock | Greenock | Greenock | Greenock | Greenock | Greenock | Greenock | Грінок | گریناک | 格里諾克 | 格里诺克 | 格里諾克 | Greenock | Greenock | Greenock | Greenock | Greenock | Greenock | 格里诺克 | 格里诺克 | 格里诺克 | 格里諾克 | Гринок | غرينوك | جرينوك | Qrinok | قرینوک | Грынак | Грынак | Грийнок | Grianaig | Greenock | Гринок | Greenock (kapital sa dapit sa konseho) | Greenock | Гринок | Greenock | Greenock | Greenock | Γκρήνοκ | Greenock | Greenock | Greenock | Greenock
Q68226,Heinz Rögner,1929,2001,Lipsia | Leipzig | Leipzig | ലീപ്സിഗ് | Leipzig | Leipzig | Lipcse | Лейпциг | Lipsko | Lipsko | Leipzig | Lipsk | Leipzig | Leipzig | Leypsiq | Лейпцыг | Ляйпцыг | Լայպցիգ | Лајпциг | Лейпциг | Leipzig | ላይፕጽግ | Leipzig | لايبزيغ | لايبتزج | Leipzig | لایپزیق | Лейпциг | Leipzig | Leipzig | Лайпциг | লাইপ্ৎসিশ | Leipzig | Leipzig | Leipzig | Лейпциг | Leipzig | لایپزیگ | Lipsia | Leyptsig | Leyptsig | Лейпциг | Leipzig | Leipzig | Leipzig | Leipzig | Leipzig | Lipsk | Λειψία | Leipzig | Leipzig | Leipzig | Leipzig | Leipzig | Leipzig | Leipzig | لایپزیگ | Leipzig | Leipzig | Leipzig | Leipzig | Leipzig | Leipzig | Leipzig | Leipzig | Leipzig | Leipzig | Leipzig | લેઇપઝિગ | Leipzig | Leipzig | Lipekika | לייפציג | लिपजिग | Leipzig | Lipsk | Լայփցիկ | Leipzig | Leipzig | Leipzig | Leipzig | Leipzig | ライプツィヒ | Leipzig | ლაიფციგი | Leipzig | Leipzig | Лейпциг | ಲೈಪ್ಜಿಗ್ | 라이프치히 | 라이프찌히 | Leipzig | Лейпциг | Lipsia | Leipzig | Leipzig | Leipzig | Leipzig | Leipzig | Lipsia | Leipcigas | Leipciga | 萊比錫 | Лэйпциг | Leipzig | Leipzig | Лайпциг | लाइपझिश | Leipzig | Leipzig | လိုက်ပဆစ်မြို့ | لایپتسیش | Leipzig | Leipzig | Lipsia | Leipzig | Leipzig | Leipzig | लेइपजिग | Leipzig | Leipzig | ߟߋߌߔߑߖ߭ߌߜ߭ | Leipzig | Leipzig | Лейпциг | ਲਾਈਪਸਿਸ਼ | Leipzig | Leipzig | Leipzig | Lipsia | لیپزش | Leipzig | Leipzig | Leipzig | Leipzig | Leipzig | Ліпско | Lipsia | Lipsia | Leipzig | ليپزگ | Leipzig | ලේයිප්සිග් | Leipzig | Lajpcigu | Лајпциг | Лајпциг | Leipzig | Leipzig | Leipzig | Lajpcik | லைப்சிக் | లేఇప్జిగ్ | Лейпзиг | ไลพ์ซิช | Leipzig | Leipzig | Лейпциг | Leipzig | Leipzig | Léypzig | لائپزش | Leipzig | Leipzig | Läipcig | Leipzig | Leipzig | Leipzig | Leipzig | Leipzig | Leipzig | 莱比锡 | ლაიფციგი | לייפציג | 萊比錫 | 莱比锡 | 莱比锡 | 莱比锡 | 萊比錫 | 萊比錫 | Leipzig
Q68214,Hermann Ende,1829,1907,غورجوف ويلكوبولسكي | جورجوف ويلكوبولسكى | Gorzów Wielkopolski | Qojuv-Velkopolski | Гожув-Велкопольск | Гожаў Велькапольскі | Гораў Велікапольскі | Гожов Велкополски | গরজও উইলকোপোলস্কি | Gorzów Wielkopolski | Гожув-Велькопольски | Gorzów Wielkopolski | Gojuv Velkopolski | Gorzów Wielkopolski | Lãdzberch | Gorzów Wielkopolski | Gorzów Wielkopolski | Gorzów Wielkopolski | Γκόζουφ Βιελκοπόλσκι | Gorzów Wielkopolski | Gorzów Wielkopolski | Gorzów Wielkopolski | Gorzów Wielkopolski | Gorzów Wielkopolski | Gorzów Wielkopolski | Gorzów Wielkopolski | گورژوف ویلکوپولسکی | Gorzów Wielkopolski | Gorzów Wielkopolski | Gorzów Wielkopolski | Gorzów Wielkopolski | ગોર્ઝૉવ વૈલ્કોપોલ્સ્કી | Gorzów Wielkopolski | Thai Pô-làn Thi-khî Kô-yî-fû | גוז'וב ויילקופולסקי | गोरज़ोव वीएलकोपोलस्की | Gorzów Wielkopolski | Gorzów Wielkopolski | Գորժուվ-Վելկապոլսկացի | Gorzów Wielkopolski | Gorzów Wielkopolski | ゴジュフ・ヴィエルコポルスキ | Gorzów Wielkopolski | ಗೊರ್ಜೊ ವೋಲ್ಕೊಪೊಲ್ಸ್ಕಿ | 고주프비엘코폴스키 | Landsbergum | Gorzów Wielkopolski | Gožuvas | Gožova Velkopolska | Гожув Вјелкополски | गॉर्झोव वैकोपोलस्की | Gorzów Wielkopolski | Gorzów Wielkopolski | Гожув-Велькопольски | Gorzów Wielkopolski | Gorzów Wielkopolski | Gorzów Wielkopolski | Gorzów Wielkopolski | Gorzów Wielkopolski | Gorzów Wielkopolski | Gorzów Wielkopolski | Гожув-Велькопольски | Gorzów Wielkopolski | Gorzów Wielkopolski | Gorzów Wielkopolski | Gorzów Wielkopolski | Gorzów Wielkopolski | Гожув-Велькопольски | Gorzów Wielkopolski | Gorzów Wielkopolski | ගොරොසොව් වෙල්කොපොල්ස්කි | Gorzów Wielkopolski | Gorzów Wielkopolski | Gorzów Wielkopolski | Гожов Вјелкополски | Гожов Вјелкополски | Gožov Vjelkopolski | Gorzów Wielkopolski | Gorzůw Wjelgopolski | கார்ஸோ வியாள்சகோபோல்ஸ்கி | గోర్జోవ్ వీల్కోపోల్స్కి | Gorzów Wielkopolski | กอชุฟวีแยลกอปอลสกี | ma tomo Kosu pi ma Posuka suli | Gorzów Wielkopolski | Гожув-Велкопольски | Гожув Велькопольски | Гожув-Велькопольський | گورژوو ویئلوپولسکی | Gorzów Wielkopolski | Gožuv-Vel'kopol'ski | Gorzów Wielkopolski | Gorzów Wielkopolski | 大波兰地区戈茹夫 | გოჟუვ-ველიკოპოლსკი | 大波蘭戈祖夫 | 大波蘭地區戈茹夫 | 大波兰地区戈茹夫 | 大波兰地区戈茹夫 | 大波蘭地區戈茹夫 | 大波蘭地區戈茹夫 | 大波兰地区戈茹夫 | 大波蘭地區戈茹夫
Q66774,Ulli Lommel,1944,2017,Суленцин | Sulęcin | Σουλέντσιν | Sulęcin | Sulęcin | سولئوچین | Sulęcin | スレンチン | Sulęcin | Sulęcin | Suleņcina | Sulęcin | Sulęcin | Sulęcin | Sulęcin | Sulęcin | Sulęcin | Суленћин | Sulęcin | Sulynćin | Сулетсин | Sulęcin | 蘇倫欽 | 苏伦钦 | 苏伦钦 | 蘇倫欽 | 蘇倫欽 | Sulęcin | Sulęcin | Sulęcin | Sulęcin | Sulęcin | Суленцин | Sulęcin | Sulęcin | Sulęcin | Суленцин | Sulęcin | Sulęcin | Суленцін | Суленчин
Q66749,Oskar Kellner,1851,1911,Tułowice | Tułowice | Tułowice | Tułowice | Tułowice | Tułowice | Tułowice | Туловице | Тулавіцы | Туловице | Tułowice (Opole Voivodskab) | Tułowice | Tułowice | Tułowice | トゥウォヴィツェ | Tułowice | Tułowice | Tułowice | Tułowice | Туловиці (місто)
Q71850,Carl Diem,1882,1962,Würzburg | Würzburg | Вюрцбург | Würzburg | Würzburg | Würzburg | Wurzburgo | Würzburg | Würzburg | Վյուրցբուրգ | Würzburg | Вюрцбург | Würzburg | Вирцбург | Würzburg | Würzburg | Würzburg | Вюрцбург | Würzburg | Вюрцбург | Würzburg | Würzburg | Würzburg | Würzburg | Würzburg | Würzburg | Würzburg | Würzburg | Würzburg | Würzburg | Würzburg | Würzburg | Würzburg | Würzburg | Würzburg | Würzburg | Würzburg | Würzburg | Würzburg | Würzburg | Würzburg | Würzburg | Würzburg | Würzburg | Würzburg | Würzburg | Würzburg | Würzburg | Würzburg | Würzburg | Würzburg | Würzburg | Würzburg | Würzburg | Würzburg | Würzburg | Würzburg | Würzburg | Würzburg | Würzburg | Würzburg | Würzburg | Würzburg | Würzburg | Würzburg | Würzburg | Würzburg | Würzburg | Würzburg | Wurtzbourg | Würzburg (kapital sa distrito nga gobyerno) | וירצבורג | فورتسبورغ | فورتسبورج | Wurzburgu | Vürtsburq | وورتسبورق | Wiazburg | Вюрцбург | Вюрцбург | উর্জবুর্গ | Вуьрцбург | ورزبورگ | Вюрцбург | Βύρτσμπουργκ | Vircburgo | وورتسبورگ | Würzbörj | વુર્ઝબર્ગ | वुर्जबर्ग | ヴュルツブルク | ვიურცბურგი | ವುರ್ಜ್ ಬರ್ಗ್ | 뷔르츠부르크 | Wûrzburg | Вюрцбург | Herbipolis | Würzburg | Viurcburgas | Vircburga | व्युर्झबुर्ग | Wurzburg | Wurzburg | Würzborg | Вюрцбург | ورزبرگ | Wurtzburgo | Wurtzburgo | Вӯрцбурґ | වර්ස්බර්ග් | Вирцбург | வர்ஸ்பர்க் | ఉర్జ్బర్గ్ | เวือทซ์บวร์ค | Вүрцбург | وزبرگ | 维尔茨堡 | 烏茲堡 | 维尔茨堡 | 维尔茨堡 | 维尔茨堡 | 符茲堡 | 維爾茨堡 | 維爾茨堡 | 维尔茨堡 | 维尔茨堡 | 符茲堡
Q71144,Karl Larenz,1903,1993,Wezel | Wesel | Wesel | Везель | Wesel | Wesel | Wesel | Wesel | Wesel | Wesel | Wesel | Wesel | Wesel | Wesel | Wesel | Wesel | Wesel | Wesel | Wesel | Wesel | Wesel | Wesel | Wesel | Wesel | Wesel | Wesel | Wesel | Wesel | Wesel | Wesel | Wesel | Wesel | Wesel | Wesel | Wesel | Wesel | Wesel | Wesel | Wesel | Wesel | Wesel | Wesel | Wesel | Wesel | Wesel | Wesel | Wesel | Wesel | Wesel | Wesel | Wesel | Wesel | Wesel | Wesel | Wesel | Wesel | Wesel | Wesel | Wesel | Wesel | Wesel | Wesel | Wesel | Wesel | Wesel | Wesel | Wesel | Wesel | Wesel | Wesel | Wesel | Wesel | Wesel | Wesel | Wesel | Wesel | Wesel | Wesel | Wesel | Wesel | Wesel | Wesel | فيزل | فيزل | وزل | Везель | Везел | Везель | Βέζελ | وزل | Wesel (stêd) | וזל | Վեզել | ヴェーゼル | Везель | 베젤 | Везель | Vesalia | Wesel | Vėzelis | Вэзэл | Везел | Везел | Везел | Везель | 韦瑟尔 | 韦瑟尔 | 韦瑟尔 | 韋瑟爾 | 韋瑟爾
Q71114,Friedrich Adolf Ebert,1791,1834,Taucha | تاوخا | تاوخا | Taucha | تاوشاو | Тауха | Taucha | Тауха | Taucha | Taucha | Taucha | Taucha | Taucha | Taucha | Taucha | Taucha | Taucha | تاوشاو | Taucha | Taucha | Taucha | Taucha | טאוכה | Taucha | Taucha | Taucha | Taucha | Taucha | Tauha | Тауха | Taucha | Taucha | Taucha | Taucha | Taucha | Taucha | Taucha | Taucha | Тауха | Taucha | Taucha | Taucha | Taucha | Тауха | Taucha | Тауха | Taucha | Тауха | Taucha | Taucha | Taucha | Taucha | 陶哈
Q71821,Heinz Ellenberg,1913,1997,Харбург | Harburg | Harburg | Harburg | Harburg | Harburg | Harburg | Harburg | Harburg | Harburg | Harburg | Harburg | Harburg | Harburg | Harburg | Harburg | Harburg | Harburg | Harburg | Harburg | Harburg | Harburg | Harburg | Harburg | Harburg | Harburg | Harburg | Harburg | Harburg | Harburg | Harburg | Harburg | Harburg | Harburg | Harburg (Schwaben) | Harburg (Schwaben) | هاربورغ | Հարբուրգ | Гарбург | ハールブルク | Harbourg | هاربورج | هابورق | Habuag | Харбург (Бавария) | Харбург | هابورگ | Харбург | حاربۋرگ | Харбург | Xarbwrg | Харбург | Harburg | Harburgas | Harburgs | Харбург | Харбург | Харбург | 施瓦本地区哈尔堡
Q71302,Johannes Stöffler,1452,1531,Blaubeuren | Blaubeuren | Blaubeuren | Blaubeuren | Blaubeuren | Blaubeuren | Blaubeuren | Blaubeuren | Blaubeuren | Blaubeuren | Blaubeuren | Blaubeuren | Blaubeuren | Blaubeuren | Blaubeuren | Blaubeuren | Blaubeuren | Blaubeuren | Blaubeuren | Blaubeuren | Blaubeuren | Blaubeuren | Blaubeuren | Blaubeuren | Blaubeuren | Blaubeuren | Blaubeuren | Blaubeuren | Blaubeuren | Blaubeuren | Blaubeuren | Blaubeuren | Blaubeuren | Blaubeuren | Blaubeuren | Blaubeuren | Blaubeuren | Blaubeuren | Blaubeuren | Blaubeuren | Blaubeuren | Blaubeuren | Blaubeuren | Blaubeuren | Blaubeuren | Blaubeuren | Blaubeuren | Blaubeuren | Blaubeuren | Blaubeuren | Blaubeuren | Blaubeuren | Blaubeuren | Blaubeuren | Blaubeuren | Blaubeuren | Blaubeuren | Blaubeuren | Blaubeuren | Blaubeuren | Blaubeuren | Blaubeuren | Blaubeuren | Blaubeuren | Blaubeuren | Blaubeuren | Blaubeuren | Blaubeuren | Blaubeuren | Blaubeuren | Blaubeuren | بلاوبويرن | بلاوبويرن | Блаўбойрэн | Блаубойрен | Блаубойрен | بلوابویرن | Blaubeira | בלאוברן | Blaubeuren | Բլաուբոյրեն | ブラウボイレン | ბლაუბოირენი | Блаубойрен | بلاۋبويرەن | Блаубойрен | Blawboýren | Blaubeuren | Блаубойрен | Blaubeuren | Blaubeuren | Blaubeuren | Блаубојрен | Блаубойрен | Blaubeuren | Блаубојрен | Блаубојрен | Blaubojren | Blaubeuren | Блаубойрен | Blaubeuren | Блаубойрен | Blaubeuren | Blaubeuren | 布劳博伊伦 | 布劳博伊伦 | 布勞博伊倫 | 布勞博伊倫
Q71160,Joseph Schröter,1837,1894,Paczków | Paczków | Paczków | Paczków | Paczków | Paczków | Paczków | Paczków | Paczków | Paczków | Paczków | Paczków | Paczków | Paczków | Paczków | Paczków | Paczków | Paczków | Paczków | Paczków | Paczków | Paczków | Paczków | Пачкув | Пачкув | باكزكوف | Пачкаў | Пачков | Пачкув | پاکزکو | パチクフ | Пачков | Paczkōw | ปัตชกุฟ | Пачкув | 帕奇庫夫 | 帕奇库夫 | 帕奇库夫 | 帕奇庫夫 | 帕奇庫夫 | Patscovia | Potschke
Q60554,August Kundt,1839,1894,Schwerin | Schwerin | Шверин | Schwerin | Schwerin | Schwerin | Schwerin | Schwerin | Schwerin | Schwerin | Schwerin | Schwerin | Schwerin | Schwerin | Schwerin | Schwerin | Zwěrin | Schwerin | Schwerin | Schwerin | Schwerin | Schwerin | Schwerin | Schwerin | Schwerin | Schwerin | Schwerin | Schwerin | Schwerin | Schwerin | Schwerin | שוורין | Schwerin | Zwěrin | Schwerin | Schwerin | Schwerin | Schwerin | Schwerin | Schwerin | Schwerin | Schwerin | Schwerin | Schwerin | Schwerin | Schwerin | Schwerin | Schwerin | Schwerin | Schwerin | Schwerin | Schwerin | Schwerin | Schwerin | Schwerin | Schwerin | Schwerin | Schwerin | Schwerin | Schwerin | Schwerin | Schwerin | Schwerin | Schwerin | Schwerin | Schwerin | Schwerin | Schwerin | Schwerin | Schwerin | Schwerin | Schwerin | Schwerin | Schwerin | Schwerin | Schwerin | Scwerȳn | شفيرين | شفيرين | Schwerin | Şverin | شورین | Шверын | Швэрын | Шверин | শোয়ারিন | Шверин | Kreisfreie Stadt Schwerin | شڤێرین | Шверин | Şwerin | Σβερίν | شورین | Schwerin | Schwerin | શ્વેરિન | Schwerin | श्वेरिन | Շվերին | シュヴェリーン | შვერინი | Шверин | ಶ್ವರೀನ್ | 슈베린 | Schwerin | Шверин | Suerinum | Schwerin | Schwerin | Šverinas | Šverīne | Швэрин | Шверин | श्वेरिन | Schwerin | Schwerin | Swerin | श्वेरीन | Schwerin | Шверин | Schwerin | Шверін | Schwerin | ස්වෙරින් | Shverini | Шверин | Шверин | Schwerin | Schwerin | ச்வரின் | ష్వేరిన్ | ชเวรีน | Schwerin | Шверин | Шверін | شیویرن | Schwerin | Šverin | Schwerin | 什未林 | შვერინი | שווערין | Schwerin | 舒維蓮 | 什未林 | 什未林 | 什未林 | 詩威林
Q71502,Johann Friedrich Rochlitz,1769,1842,Lipsia | Leipzig | Leipzig | ലീപ്സിഗ് | Leipzig | Leipzig | Lipcse | Лейпциг | Lipsko | Lipsko | Leipzig | Lipsk | Leipzig | Leipzig | Leypsiq | Лейпцыг | Ляйпцыг | Լայպցիգ | Лајпциг | Лейпциг | Leipzig | ላይፕጽግ | Leipzig | لايبزيغ | لايبتزج | Leipzig | لایپزیق | Лейпциг | Leipzig | Leipzig | Лайпциг | লাইপ্ৎসিশ | Leipzig | Leipzig | Leipzig | Лейпциг | Leipzig | لایپزیگ | Lipsia | Leyptsig | Leyptsig | Лейпциг | Leipzig | Leipzig | Leipzig | Leipzig | Leipzig | Lipsk | Λειψία | Leipzig | Leipzig | Leipzig | Leipzig | Leipzig | Leipzig | Leipzig | لایپزیگ | Leipzig | Leipzig | Leipzig | Leipzig | Leipzig | Leipzig | Leipzig | Leipzig | Leipzig | Leipzig | Leipzig | લેઇપઝિગ | Leipzig | Leipzig | Lipekika | לייפציג | लिपजिग | Leipzig | Lipsk | Լայփցիկ | Leipzig | Leipzig | Leipzig | Leipzig | Leipzig | ライプツィヒ | Leipzig | ლაიფციგი | Leipzig | Leipzig | Лейпциг | ಲೈಪ್ಜಿಗ್ | 라이프치히 | 라이프찌히 | Leipzig | Лейпциг | Lipsia | Leipzig | Leipzig | Leipzig | Leipzig | Leipzig | Lipsia | Leipcigas | Leipciga | 萊比錫 | Лэйпциг | Leipzig | Leipzig | Лайпциг | लाइपझिश | Leipzig | Leipzig | လိုက်ပဆစ်မြို့ | لایپتسیش | Leipzig | Leipzig | Lipsia | Leipzig | Leipzig | Leipzig | लेइपजिग | Leipzig | Leipzig | ߟߋߌߔߑߖ߭ߌߜ߭ | Leipzig | Leipzig | Лейпциг | ਲਾਈਪਸਿਸ਼ | Leipzig | Leipzig | Leipzig | Lipsia | لیپزش | Leipzig | Leipzig | Leipzig | Leipzig | Leipzig | Ліпско | Lipsia | Lipsia | Leipzig | ليپزگ | Leipzig | ලේයිප්සිග් | Leipzig | Lajpcigu | Лајпциг | Лајпциг | Leipzig | Leipzig | Leipzig | Lajpcik | லைப்சிக் | లేఇప్జిగ్ | Лейпзиг | ไลพ์ซิช | Leipzig | Leipzig | Лейпциг | Leipzig | Leipzig | Léypzig | لائپزش | Leipzig | Leipzig | Läipcig | Leipzig | Leipzig | Leipzig | Leipzig | Leipzig | Leipzig | 莱比锡 | ლაიფციგი | לייפציג | 萊比錫 | 莱比锡 | 莱比锡 | 莱比锡 | 萊比錫 | 萊比錫 | Leipzig
Q72427,Friedrich-Wilhelm Bock,1897,1978,Września | Września | Września | Вжесня | Września | Września | Ужэсня | Ужэсьня | Вжешня | Września | Вжесня | Września | Września | Września | Września | Września | Βζέσνια | Września | Września | Września | Września | Września | وژشنیا | Września | וורשנא | Września | ヴゼスニャ郡 | Września | 브제시니아 | Vžesnia | Vžesņa | Września | Września | Września | Września | Września | Września | Września | Вжесња | Września | Wrześńa | Września | Вжечнә | Вжесьня | Vžesn' | Września | 弗熱希尼亞
Q72371,Gerhard Ritter,1888,1967,Bad Sooden-Allendorf | Bad Sooden-Allendorf | Bad Sooden-Allendorf | Bad Sooden-Allendorf | 巴特索登-阿伦多夫 | 巴特索登-阿伦多夫 | 巴特索登-阿倫多夫 | 巴特索登-阿倫多夫 | Bad Sooden-Allendorf | Bad Sooden-Allendorf | Bad Sooden-Allendorf | Bad Sooden-Allendorf | Bad Sooden-Allendorf | Bad Sooden-Allendorf | Bad Sooden-Allendorf | Bad Sooden-Allendorf | Bad Sooden-Allendorf | باد زودن-آلندورف | باد زودن آلندورف | Bad Sooden-Allendorf | باد زوندن-الندورف | Bad Sooden-Allendorf | Bad Sooden-Allendorf | Bad Sooden-Allendorf | Бад-Зоден-Аллендорф | Bad Sooden-Allendorf | Bad Sooden-Allendorf | Bad Sooden-Allendorf | Bad Sooden-Allendorf | Bad Sooden-Allendorf | Bad Sooden-Allendorf | Bad Sooden-Allendorf | Bad Sooden-Allendorf | Bad Sooden-Allendorf | Bad Sooden-Allendorf | Bad Sooden-Allendorf | باد زوندن-الندورف | Bad Sooden-Allendorf | Bad Sooden-Allendorf | Bad Sooden-Allendorf | Bad Sooden-Allendorf | Bad Sooden-Allendorf | Bad Sooden-Allendorf | Bad Sooden-Allendorf | באד זודן-אלנדורף | Bad Sooden-Allendorf | Bad Sooden-Allendorf | Bad Sooden-Allendorf | Bad Sooden-Allendorf | Bad Sooden-Allendorf | Bad Sooden-Allendorf | Bad Sooden-Allendorf | Bad Sooden-Allendorf | バート・ゾーデン＝アレンドルフ | Bad Sooden-Allendorf | Бад-Зоден-Аллендорф | باد-زودەن-اللەندورف | Бад-Зоден-Аллендорф | Bad-Zoden-Allendorf | Bad Sooden-Allendorf | Бад-Зоден-Аллендорф | Bad Sooden-Allendorf | Bad Sooden-Allendorf | Bad Sooden-Allendorf | Bad Sooden-Allendorf | Bad Sooden-Allendorf | Bad Sooden-Allendorf | Bad Sooden-Allendorf | Bad Sooden-Allendorf | Bad Sooden-Allendorf | Bad Sooden-Allendorf | Bad Sooden-Allendorf | Bad Sooden-Allendorf | Bad Sooden-Allendorf | Bad Sooden-Allendorf | Bad Sooden-Allendorf | Bad Sooden-Allendorf | Bad Sooden-Allendorf | Bad Sooden-Allendorf | Bad Sooden-Allendorf | Bad Sooden-Allendorf | Bad Sooden-Allendorf | Bad Sooden-Allendorf | Бад-Зоден-Аллендорф | Bad Sooden-Allendorf | Bad Sooden-Allendorf | Bad Sooden-Allendorf | Bad Sooden-Allendorf | Bad Sooden-Allendorf | Bad Sooden-Allendorf | Бад Зоден-Алендорф | Бад Зоден-Алендорф | Bad Zoden-Alendorf | Bad Sooden-Allendorf | Bad Sooden-Allendorf | Bad Sooden-Allendorf | Бад-Зоден-Аллендорф | Bad Sooden-Allendorf | Бад-Зоден-Аллендорф | Bad Sooden-Allendorf | Bad Sooden-Allendorf | Bad Sooden-Allendorf | Bad Sooden-Allendorf
Q71517,August Johann Rösel von Rosenhof,1705,1759,Arnstadt | Arnstadt | Arnstadt | Arnstadt | Arnstadt | Arnstadt | Arnstadt | Arnstadt | Arnstadt | Arnstadt | Arnstadt | Arnstadt | Arnstadt | Arnstadt | Arnstadt | Arnstadt | Arnstadt | Arnstadt | Arnstadt | Arnstadt | Arnstadt | Arnstadt | Arnstadt | Arnstadt | Arnstadt | Arnstadt | Arnstadt | Arnstadt | Arnstadt | Arnstadt | Arnstadt | Arnstadt | Arnstadt | Arnstadt | Arnstadt | Arnstadt | Arnstadt | Arnstadt | Arnstadt | Arnstadt | Arnstadt | Arnstadt | Arnstadt | Arnstadt | Arnstadt | Arnstadt | Arnstadt | Arnstadt | Arnstadt | Arnstadt | Arnstadt | Arnstadt | Arnstadt | Arnstadt | Arnstadt | Arnstadt | Арнштадт | Arnstadt (kapital sa distrito) | آرنشتات | آرنشتات | آرناشتات | Арнштадт | Арнштат | Арнщат | Арнштадт | Arnstadt | Άρνστατ | آرناشتات | Arnstadt | Arnstadt | ארנשטאט | Arnstadt | Arnstadt | アルンシュタット | Arnstadt | Арнштадт | ارنشتادت | Арнштадт | Arnştadt | 아른슈타트 | Arnstadt | Арнштадт | Arnstadium | Arnstadt | Arnstadt | Arnstadt | Arnštate | Arnstadt | Арнштат | Arnstadt | Arnstadt | Arnstadt | Arnstadt | Arnstadt | Arnstadt | Arnstadt | Arnstadt | Арнштат | Арнштат | Arnštat | Арнштадт | Arnstadt | Арнштадт | Arnstadt | Arnstadt | Arnstadt | Arnstadt | 阿恩施塔特 | 阿恩施塔特 | 阿恩施塔特 | 阿恩施塔特 | 阿恩施塔特
Q71498,Fritz Suhren,1908,1950,فارل | Фарел | Varelis | ファーレル | Varel | Varel | Фарель | Varel | Varel | Varel | Varel | Varel | Varel | Varel | Varel | Varel | Varel | Varel | Varel | Varel | Varel | Varel | Varel | Varel | Varel | Varel | Varel | Varel | Varel | Varel | Varel | Varel | Varel | Varel | 法雷爾 | Varel | Varel | Varel | Varel | Varel | Varel | Varel | Varel | Varel | Farel | فارل | فارل | فارل | Фарель | Ֆարել | Фарель | فارەل | Фарель | Farelʹ | 파렐 | Фарель | Varel | Фарел | Altjührden | Фарел | Foarel | Фарель | Фарель | 法雷尔 | 瓦勒尔鎮 | 瓦勒爾鎮
Q55711,Irena Conti Di Mauro,1924,2009,Варшава | Varsôvia | Варшаве | Pakangakite | Warsawa | Варшава | Варшав | Варшовия | वर्झावा | Варшава | Warsaw | Varsavja | Warszawa | ဝါဆောမြို့ | Варшава ош | ورشو | Warsaw | Varsovia | Warszawa | Varsavia | Warszawa | वार्सा | वार्सः | Warszawa | Varsava | Varsovie | Warszawa | Tóigohí | Warsaw | Varsòvia | Varšavu | Warszawa | ୱାରସ | Варшавæ | Barsobya | Varsovia | Varsovie | Woarschau | Worsaaw | Varsavia | وارسا | وارسا | Varsóvia | Varsóvia | Warszawa | Varsovia | Warsaw | Warszawa | Varșovia | Варшава | Varsovia | Varşava | ورشو | Варшава | Warsawa | Warsaw | Warso | Warsaw | Warszawa | ওয়ারশ | ཝར་སོ། | Varsovia | Varšava | Варшава | Varsòvia | Warszawa | Huà-să | Warszawa | Warszawa | وارشۆ | Varsavia | Varşava | Varşava | Warszawa | Варшава | Варшава | Warszawa | Warszawa | Warşowa | Waršawa | Warsaw | Βαρσοβία | Varsàvia | Varsovio | Varssavi | Varsovia | Varsóvia | Warsaw | Varsova | Warszawa | Warszawa | Varsovie | Warschau | Varsavie | Warsjau | Vársá | Varşava | Warsaw | Varsovia | Varsóvia | Varshava | Warszawa | वार्सा | Варшава | ᱣᱟᱨᱥᱳ | Varsavia | Varsavia | وارسا | Warszawa | Warsaw | Varšova | Varšava | වර්සව් | Varšava | Varsova | Warsaw | Varshava | Варшава | Варшава | Warsaw | Warschau | Warsawa | Warszawa | Warshawa | ꠅꠣꠞꠍꠅ ꠘꠉꠞ | Warszawa | Huwasa 華沙 | வார்சா | వార్సా | Varsóvia | Варшава | Варшава | วอร์ซอ | ዋርሳው | Warşawa | Warsaw | Varšava | Warsaw | ma tomo Wasawa | Woso | Varşova | Варшава | Warszawa | Warszawa | Patava | Варшава | Warshawa | Varshava | Warszawa | Varsavia | Varsovia | Varsavia | Warszawa | Varsovie | Warschau | Varšava | Varšava | Warsaw | വാഴ്സ | ורשה | ワルシャワ | Warschau | ਵਾਰਸਾ | Варшава | 华沙 | Varsó | Վարշավա | وارسو | Warsaw | Варшава | وارسا | Варшава | Варшава | وارسو | Warsaw | Warsaw | Warsaw | ورشو | Варшава | Варшава | Warschau | Warschau | Warschau | Warschau | Warschau | Warschau | Warschau | Warschau | Варшава | Warsawa | Варшавэ | Warskou | ዋርሶው | Varsovia | Warsaw | ܘܐܪܣܘ | وارسو | Varsovia | Варшава | Warszawa | Varšav | Warszawa | Warszawa | Varssavi | Warsovya | Warsaw | 瓦萨瓦 | Warszawa | ვარშავა | ווארשע | Warsaw | 華沙 | Warschau | 华沙 | 华沙 | 華沙 | 華沙 | 華沙 | 华沙 | 华沙 | 華沙 | IWarshawa | وارسو | varcavas | Warsaw | વૉરસો | Warszawa | Warszawa | Fà-sâ | वारसॉ | Warsaw | Varšava | Waršawa | Vasovi | Վարշաւա | Varsovia | Warsawa | Warszawa | Warszawa | Warsaw | Warszawa | Varsjá | Warsaa | Warsawa | ვარშავა | Varshava | Waṛsu | Варшавэ | Farsoovii | Warszawa | Варшава | Варшава | Warszawa | ವಾರ್ಸಾ | 바르샤바 | 와르샤와 | Варшава | Warşova | Варшава | Warszawa | Варшава | Varsovia | Varsovia | Warszawa | Warszawa | Varsavvia | Varsavia | Warsaw | ورشو | Varšuva | Varšova | Varšava | 華沙 | वारसॉ
Q55249,Ken Russell,1927,2011,Southampton | Southampton | 南安普敦 | Southampton | Southampton | Southampton | Southampton | Southampton | Southampton | Southampton | Southampton | Southampton | Southampton | Саутгемптон | サウサンプトン | Southampton | Southampton | Southampton | Southampton | Southampton | Southampton | Саутгемптон | Southampton | Саўтгемптан | Саўтгэмптан | סאות'המפטון | საუთჰემპტონი | 사우샘프턴 | Саутгемптон | Sauthempton | Саутгемптон | Саутхамптън | Σαουθάμπτον | Саутхемптон | Саутхемптон | Саутһәмптон | Southampton | Սաութհեմփթոն | Southampton | Southampton | Southampton | Southampton | Southampton | ساوتهمپتون | Southampton | Southampton | Southampton | Southampton | Southampton | Hantonia | ساوثهامبتون | ساوثهامبتون | Southampton | সাউদাম্পটন | Southampton | Southampton | Southampton | Southampton | Southampton | Southampton | ساؤتھمپٹن | Hantonne | ساوتهمپتون | Southampton | Southampton | Southampton | Southampton | Southampton | Southampton | Southampton | Southampton | Southampton | Southampton | Southampton | Southampton | Southampton | Southampton | Southampton | Southampton | ساوتهمپتون | Southampton | ساوتھامپتن | Саутгемптон | Southampton | Southampton | Southampton | Southampton | સાઉથહેમ્પ્ટન | Southampton | Southampton | साउथहैंपटन | Southampton | Southampton | Саутгемптон | ಸೌತಾಂಪ್ಟನ್ | Southampton | Southampton | Sautamptonas | Sauthemptona | ꯁꯥꯎꯊꯑꯦꯝꯞꯇꯟ | साउथहँप्टन | Southampton | ဆောက်သမ္ပတန်မြို့ | Southampton | ਸਾਊਥਹੈਂਪਟਨ | ساؤتھمپٹن | Southampton | Southampton | සදම්ප්ටන් | Southampton | Southampton | சௌதாம்ப்டன் | సౌతాంప్టన్ | Совт-ҳемптун | เซาแทมป์ตัน | Southampton | Sautxempton | 南安普顿 | סאטהעמפטן | 修咸頓 | 南安普敦 | 修咸頓 | 修咸頓 | 南安普敦
Q55744,Vijay Dhondopant Tendulkar,1928,2008,കോലാപ്പൂർ | कोल्हापूर | Колхапур | Kolhapur | Kolhapur | Kolhapur | Kolhapur | Kolhapur | Kolhapur | Kolhapur | Kolhapur | Kolhapur | Kolhapur | कोल्हापूर | كولهابور | Kolhapur | کولاپور | Калхапур | कोल्हापुर | কোলাপুর | কোলহাপুর | Kolhapur | Kolhápur | Kolhapur | Κολχάπουρ | Kolhapur | Kolhapur | Kolhapur | کولاپور | Kolhapur | Kolhapur | કોલ્હાપૂર | קולהפור | कोल्हापुर | Kolhápur | Կոլհապուր | Kolhapur | コールハープル | ಕೊಲ್ಲಾಪುರ | 콜라푸르 | Kolapuras | Kolapura | Kolhapur | Kolhapur | कोल्हापुर | कोल्हापुर | Kolhapur | କୋହ୍ଲାପୁର | ਕੋਲਹਾਪੁਰ | Kolhapur | کولہاپور | کولهاپور | Kolhapur | Kholapur | कोल्हापुरम् | ᱠᱳᱞᱦᱟᱯᱩᱨ | Kolhapur | කොල්හපුර් | Kolhapur | Колхапур | Колхапур | Kolhapur | கோலாப்பூர் | కొల్హాపూర్ | โกลาปุระ | Kolhapur | Kolhapur | Колхапур | کولہاپور | Kolhapur | 戈尔哈布尔 | კოლჰაპური | 戈爾哈布爾 | 戈尔哈布尔 | 戈尔哈布尔 | 戈爾哈布爾 | 戈爾哈布爾 | 戈尔哈布尔 | 戈爾哈布爾 | Kolhapur
Q71542,Friedrich Ruge,1894,1985,Lipsia | Leipzig | Leipzig | ലീപ്സിഗ് | Leipzig | Leipzig | Lipcse | Лейпциг | Lipsko | Lipsko | Leipzig | Lipsk | Leipzig | Leipzig | Leypsiq | Лейпцыг | Ляйпцыг | Լայպցիգ | Лајпциг | Лейпциг | Leipzig | ላይፕጽግ | Leipzig | لايبزيغ | لايبتزج | Leipzig | لایپزیق | Лейпциг | Leipzig | Leipzig | Лайпциг | লাইপ্ৎসিশ | Leipzig | Leipzig | Leipzig | Лейпциг | Leipzig | لایپزیگ | Lipsia | Leyptsig | Leyptsig | Лейпциг | Leipzig | Leipzig | Leipzig | Leipzig | Leipzig | Lipsk | Λειψία | Leipzig | Leipzig | Leipzig | Leipzig | Leipzig | Leipzig | Leipzig | لایپزیگ | Leipzig | Leipzig | Leipzig | Leipzig | Leipzig | Leipzig | Leipzig | Leipzig | Leipzig | Leipzig | Leipzig | લેઇપઝિગ | Leipzig | Leipzig | Lipekika | לייפציג | लिपजिग | Leipzig | Lipsk | Լայփցիկ | Leipzig | Leipzig | Leipzig | Leipzig | Leipzig | ライプツィヒ | Leipzig | ლაიფციგი | Leipzig | Leipzig | Лейпциг | ಲೈಪ್ಜಿಗ್ | 라이프치히 | 라이프찌히 | Leipzig | Лейпциг | Lipsia | Leipzig | Leipzig | Leipzig | Leipzig | Leipzig | Lipsia | Leipcigas | Leipciga | 萊比錫 | Лэйпциг | Leipzig | Leipzig | Лайпциг | लाइपझिश | Leipzig | Leipzig | လိုက်ပဆစ်မြို့ | لایپتسیش | Leipzig | Leipzig | Lipsia | Leipzig | Leipzig | Leipzig | लेइपजिग | Leipzig | Leipzig | ߟߋߌߔߑߖ߭ߌߜ߭ | Leipzig | Leipzig | Лейпциг | ਲਾਈਪਸਿਸ਼ | Leipzig | Leipzig | Leipzig | Lipsia | لیپزش | Leipzig | Leipzig | Leipzig | Leipzig | Leipzig | Ліпско | Lipsia | Lipsia | Leipzig | ليپزگ | Leipzig | ලේයිප්සිග් | Leipzig | Lajpcigu | Лајпциг | Лајпциг | Leipzig | Leipzig | Leipzig | Lajpcik | லைப்சிக் | లేఇప్జిగ్ | Лейпзиг | ไลพ์ซิช | Leipzig | Leipzig | Лейпциг | Leipzig | Leipzig | Léypzig | لائپزش | Leipzig | Leipzig | Läipcig | Leipzig | Leipzig | Leipzig | Leipzig | Leipzig | Leipzig | 莱比锡 | ლაიფციგი | לייפציג | 萊比錫 | 莱比锡 | 莱比锡 | 莱比锡 | 萊比錫 | 萊比錫 | Leipzig
Q69574,Wilhelm Uhde,1874,1947,Strzelce Krajeńskie | Strzelce Krajeńskie | Strzelce Krajeńskie | Stšelce Krajeņske | Strzelce Krajeńskie | Strzelce Krajeńskie | Strzelce Krajeńskie | Strzelce Krajeńskie | Strzelce Krajeńskie | Strzelce Krajeńskie | Стшелце Крајењскје | Strzelce Krajeńskie | Krajyńske Strzelce | Strzelce Krajeńskie | Стшелсе-Краенске | Стшельце-Краєнське | Strzelce Krajeńskie | Strzelce Krajeńskie | 斯切爾采-克拉延斯凱 | 斯切尔采-克拉延斯凯 | 斯切爾采-克拉延斯凱 | 斯切爾采-克拉延斯凱 | Strzelce Krajeńskie | Strzelce Krajeńskie | Strzelce Krajeńskie | Strzelce Krajeńskie | Стшельце-Краеньске | Strzelce Krajeńskie | Strzelce Krajeńskie | Strzelce Krajeńskie | Strzelce Krajeńskie | Стшэльцы Краеньске | Стшелце Крайненско | Стшельце-Краеньске | Strzelce Krajeńskie | Strzelcé | Strzelce Krajeńskie | Strzelce Krajeńskie | Strzelce Krajeńskie | Strzelce Krajeńskie
Q71546,Gustav Weil,1808,1889,Sulzburg | Sulzburg | Sulzburg | Sulzburg | Sulzburg | Зульцбург | Sulzburg | Sulzburg | Sulzburg | Sulzburg | Sulzburg | زولتسبورغ | زولتسبورج | Sulzburg | Zulsburq | زولتسبورق | Sulzburg | Зулцбург | Sulzburg | Sulzburg | Зульцбург | Sulzburg | Sulzburg | Sulzburg | Sulzburg | Sulzburg | Ζούλτσμπουρκ | Sulzburg | Sulzburg | Sulzburg | Sulzburg | Sulzburg | Sulzburg | زولتسبورگ | Sulzburg | Sulzburg | Sulzburg | Sulzburg | Sulzburg | Sulzburg | Sulzburg | זולצבורג | Sulzburg | Sulzburg | Զուլցբուրգ | Sulzburg | Sulzburg | Sulzburg | Sulzburg | Sulzburg | Sulzburg | ズルツブルク | Sulzburg | Зульцбург | زۋلتسبۋرگ | Зульцбург | Zwlʹcbwrg | Sulzburg | Зульцбург | Sulzburg | Sulzburg | Sulzburg | Sulzburg | Sulzburg | Sulzburg | Sulzburg | Sulzburg | Sulzburg | Sulzburg | Sulzburg | Sulzburg | Sulzburg | Sulzburg | Sulzburg | Sulzburg | Sulzburg | Sulzburg | Sulzburg | Sulzburg | Sulzburg | Sulzburg | Sulzburg | Sulzburg | Sulzburg | Sulzburg | Sulzburg | Sulzburg | Зулцбург | Зулцбург | Zulcburg | Sulzburg | Sulzburg | Зульцбург | Sulzburg | Зульцбург | Sulzburg | Sulzburg | Sulzburg | Sulzburg | Sulzburg | Sulzburg | Sulzburg | Sulzburg | 苏尔茨堡 | 苏尔茨堡 | 蘇爾茨堡 | 蘇爾茨堡 | Sulzburg
Q76526,Ernst Friedrich Schumacher,1911,1977,Bonn | Bonn | বন | Bonn | بون | Bonn | Bonn | Bonn | Bonn | 본 | Boni | Bona | בון | Bonn | Bona | Bonn | ボン | Bonn | Бонн | Бон | Бонн | Бонн | Бон | Бон | Бон | பான் | بون | Bonn | بون | Bonno | Bonn | Bonn | بن | Бонн | Bonna | 波恩 | Bonna | Bonn | Bonn | Bonn | Bonn | Bonn | Bonn | Bonn | Bonn | Bonn | Bonn | Bonn | Bonn | Bonn | Bonn | Bonn | Bonn | Bonn | Bonn | Bonn | Bonn | Bonn | Bonn | Bonn | Bonn | Bonn | Bonn | Bonn | Bonn | Bonn | Bonn | Bonn | Bonn | Bonn | Bonn | Bonn | Bonn | Bonn | Bonn | Bonn | Bonn | Bonn | Bonn | Bonn | Bonn | Bonn | Bonn | Bonn | Bonn | Bonn | Bonn | Bonn | Bonn | Bonn | Bonn | Bonn | Bonn | Bonn | Bonn | Bonn | Bonn | Bonn | Bonn | Bonn | Bonn | Bonn | Bonn | Bonn | Bonn | Bonn | Bonn | Bonn | Bonn | Bonn | Bonn | Bonn | Bonn | Bonn | Bonn | Bonn | Bonn | Bonn | Bonn | Bonn | Bonn | Bonn | Bonn | Bonn | Bonn | Bonn | Bonn | Bonn | Bonn | Bonn | Bonn | Bonn | Bonn | Bonn | Bonn | Bonn | 波恩 | Bonn | ബോൺ | ቦን | Bonceaster | بون (المانيا) | Бонн | བྷོ་ཨིན། | بۆن، ئەڵمانیا | Бонн | Βόννη | Bonn | بؤن | 𐌱𐌰𐌿𐌽𐌽 | બોન | बॉन | Բոնն | ბონი | Бонн | ಬಾನ್ನ್ | Бонн | Bonn | Бонн | Бон | Бонн | बॉन | बोन | Бонн | ਬੌਨ | بون | بون | Bonn | බොන | Бонн | Bonn | Bonn | Bonn | బొన్ | Бонн | บ็อน | Бонн | 波恩 | באן | 波恩 | 波恩 | 波昂
Q76494,Klaus Groth,1819,1899,Heide | Heide | Heide | Heide | Heide | Heide | Heide | Heide | Heide | Heide | Heide | Heide | Heide | Heide | Heide | Heide | Heide | Heide | Heide | Heide | Heide | Heid | 海德 | Heide | Heidė | Heide | Heide | Heide | Heide | Heide | Heide | Heide | Heide | Heide | Heide | Heide | Heide | Heide | Heide | Heide | Heide | Heide | Heide | Heide | Heide | Heide | Heide | Heide | Хайде | 하이데 | היידה | ハイデ | Heide | Хајде | Heide | Гайде | هايده | هایده | هایده | هايدة | Гайдэ (Гольштэйн) | Хайде (Гольштейн) | Хайде | حايدە | Хайде | Xaýde | Хайде | Heide | Хајде | Хайде (Гольштейн) | Хајде | Hajde | Хайде (Гольштейн) | 海德 (荷尔斯泰因) | 海德 (荷爾斯泰因)
Q73961,Johann Gerhard Oncken,1800,1884,Varel | Farel | فارل | فارل | فارل | Фарель | Ֆարել | Фарель | فارەل | Фарель | Farelʹ | 파렐 | Фарель | Varel | Фарел | Altjührden | Фарел | Foarel | Фарель | Фарель | 法雷尔 | 瓦勒尔鎮 | 瓦勒爾鎮 | فارل | Фарел | Varelis | ファーレル | Varel | Varel | Фарель | Varel | Varel | Varel | Varel | Varel | Varel | Varel | Varel | Varel | Varel | Varel | Varel | Varel | Varel | Varel | Varel | Varel | Varel | Varel | Varel | Varel | Varel | Varel | Varel | Varel | Varel | Varel | 法雷爾 | Varel | Varel | Varel | Varel | Varel | Varel | Varel | Varel
Q73980,Hester Stanhope,1776,1839,"Chevening | Chevening | Chevening | Chevening | Chevening | চেভেনিং | Chevening | Chevening | Chevening | چونینگ، کنت | Chevening | ચેવનિંગ | צ'בנינג | Chevening (Kent) | シェベニング (ケント) | ಚೆವೆನಿಂಗ್ | 쉐브닝 | Čeveningas | Chevening | Chevening | Chevening | Чивенинг | செவெனிங் | చీవెనింగ్ | Chevening, Kent | چیوینینج | 雪文宁 | 雪文寧"
Q64437,Friedrich von Adelung,1768,1843,Stettino | Szczecin | Stettin | Szczecin | Štětín | Szczecin | Szczecin | Szczecin | Szczecin | Szczecin | Szczecin | Szczecin | シュチェチン | 什切青 | Szczecin | Szczecin | Stettin | Stettin | Stettin | Stettin | Stettin | Stettin | Stettin | Stettin | Stettin | Stettin | Stettin | Szczecin | ሽጨቺን | شتشيتشين | شتتين | Szczecin | Szczecin | Şetsin | شچچین | Szczecin | Шчэцін | Шчэцін | Шчечин | স্টাজিন | Szczecin | Szczecin | Щецин | شچێچین | Şçetsin | Şçetsin | Szczecëno | Szczecin | Szczecin | Szczecin | Στσέτσιν | Szczecin | Szczecin | Szczecin | Szczecin | Szczecin | شچچین | Szczecin | Szczecin | શ્ટેચિન | Szczecin | Sṳ̍p-chhiet-chhiâng | שצ'צ'ין | श्टेटीन | Szczecin | Šćećin | Շչեցին | Szczecin | Szczecin | Szczecin | Szczecin | Szczecin | შჩეცინი | Щецин | Szczecin | ಸ್ಟೆಟ್ಟಿನ್ | 슈체친 | Stettinum | Szczecin | Stetin | Ščecinas | Ščecina | Щечин | Щецин | Szczecin | Шчеќин | Шчецин | Шчецин | श्टेचिन | Szczecin | Szczecin | Щецин ош | Szczecin | Szczecin | Szczecin | Szczecin | Szczecin | Estettin | Szczecin | Щецин | ششیچن | شچېچېن | Estetino | Estetino | Szczecin | Szczecin | Щецин | Щецин | Szczecin | Szczecin | Szczecin | Шчећин | සෙසින් | Štetín | Szczecin | Szczecin | Шчећин | Szczecin | Szczecin | Sztetin | ஸ்செசின் | స్జేచిన్ | Szczecin | Штеттин | ชแชตชิน | Szczecin | ma tomo Sesin | Szczecin | Щецин | Шӵечин | Shchétsin | Щецин | شٹیچین | Shchetsin | Stetin | Ščecin | Szczecin | Szczecin | Szczecin | 什切青 | შჩეცინი | שטעטין | 舒車前 | 什切青 | 什切青 | 什切青
Q64340,Filippo Mazzola,1460,1505,Parma | Parma | Parma | Parme | Parmo | Parma | Парма | Parma | Parma | Parma | Parma | Парма | Parma | Parma | Parma | Parma | Parma | Parma | Parma | Parma | Parma | Parma | Parma | Parma | Parma | Parma | Parma | Parma | Parma | Parma | Parma | Parma | Parma | Parma | Parma | Parma | Parma | Parma | Parma | Parma | Parma | Parma | Parma | Parma | Parma | Parma | Parma | Parma | Parma | Parma | Parma | Parma | Parma | Parma | Parma | Parma | Parma | Parma | Parma | Parma | Parma | Parma | Parma | Parma | Parma | Parma | Parma | Parma | Парма | Parma | Parma | Parma | Parma | Parma | Parma | Parma | Parma | Parma | Parma | Parma | 帕尔马 | 帕尔马 | بارما | パルマ | بارما | Парма | پارما | პარმა | Парма | Парма | Parma | Парма | پارما | Парма | פארמה | Պարմա | 帕馬 | 帕馬 | Parm | Πάρμα | پارما | Парма | ফার্মা | Парма | Pärma | Parme | પાર્મા | परमा | ಪಾರ್ಮ | 파르마 | Парма | पार्मा | Пармæ | پارما | पार्मा | පර්මා | பார்மா | పార్మా | ปาร์มา | 帕尔马 (意大利) | 巴馬 (意大利) | 帕尔马 | 巴馬
Q64476,Friedrich Schulz,1897,1976,Czerwieńsk | Czerwieńsk | Czerwieńsk | Czerwieńsk | Червенськ | Czerwieńsk | Czerwieńsk | Czerwieńsk | Чэрвеньск | Червеньск | Czerwieńsk | Czerwieńsk | Czerwieńsk | Czerwieńsk | チェルビエンスク | Czerwieńsk | Červeņska | Czerwieńsk | Czerwieńsk | Czerwieńsk | Czerwieńsk | Червјењск | Czerwieńsk | Czerwjyńsk | Czerwieńsk | Червенск | Czerwieńsk | 切爾維延斯克 | 切尔维延斯克 | Czerwieńsk | Червеньск
Q64539,Peter Lindbergh,1944,2019,Leszno | לשנו | Leszno | Leszno | Лешно | Leszno | Лешна | Leszno | Leszno | Лешно | Leszno | Лешно | لشنو | Leszno | Leszno | Lešno | Leszno | Leszno | 莱什诺 | 萊什諾 | Լեշնո | ليشنو | ليشنو | Лешно | লেজনু | Leszno (kapital sa powiat) | Leszno | Leszno | Leszno | Λέσνο | Leszno | Leszno | Leszno | Leszno | Leszno | Leszno | Leszno | Leszno | લેઝ્નો | लेसनो | Leszno | Leszno | レシュノ | Leszno | ლეშნო | ಲೆಸ್ನೊ | 레슈노 | Leszno | Leszno | Lešnas | Lešno | Лэшно | Лешно | लेझनो | Leszno | Leszno | Leszno | Leszno | Leszno | Leszno | ලෙස්නෝ | Leszno | Leszno | Лешно | Leszno | Leszno | ளேஸ்னோ | లెస్నో | เลซโน | Лешно | لیسزنو | Leszno | Leszno | ליסא
Q64481,Hugo von Seeliger,1849,1924,بييلسكو-بياوا | بييلسكو فيالا | Bielsko-Biała | Belsko-Byala | بیلسکو بیاوا | Бельско-Бяла | Бельска-Бяла | Бельска-Бяла | Белско Бяла | বিয়েলস্ক-বিয়ালা | Bielsko-Biała | Бельско-Бяла | Bielsko-Biala | Bílsko-Bělá | Bielsko-Biała | Bielsko-Biała | Bielsko-Biała | Bielitz-Biala | Μπιέλσκο-Μπιάουα | Bielsko-Biała | Bielsko-Biała | Bielsko-Biała | Bielsko-Biała | Bielsko-Biała | Bielsko-Biala | بیلسکو بیاوا | Bielsko-Biała | Bielsko-Biała | Bielsko-Biała | Bielsko-Biała | બીએલ્સ્કો-બિઆલા | Bielsko-Biała | ביילסקו-ביאלה | बीएलस्को-बीआला | Bielsko-Biała | Bielsko-Biała | Բելսկո Բլայա | Bielsko-Biała | Bielsko-Biała | ビェルスコ＝ビャワ | Bielsko-Biała | ბელსკო-ბიალა | ಬೈಲ್ಸ್ಕೊ-ಬಿಯಾಲಾ | 비엘스코비아와 | Bielsko-Biała | Bielsko-Biała | Belsko-Biala | Belsko-Bjala | Бјелско-Бјала | बिअल्स्को -बिअला | Bielsko-Biala | Bielsko-Biała | Bielsko-Biala | Bielsko-Biała | Bielsko-Biała | Bielsko-Biała | Bielsko-Biała | Bielsko-Biała | Bielsko-Biała | Бельско-Бялæ | Bielsko-Biała | Bielsko-Biała | Bielsko-Biała | Bielsko-Biała | Бельско-Бяла | Bielsko-Biała | Bielsko-Biała | බයල්ස්කෝ බයලා | Bielsko-Biela | Bielsko-Biała | Bielsko-Biała | Бјелско-Бјала | Бјелско-Бјала | Bjelsko-Bjala | Bielsko-Biała | Bielsko-Biała | Biylsko-Biŏłŏ | பிஎல்ஸ்க்கோ-பியாலா | బీఎల్స్కో-బీఆలా | บีลสโค-เบียลา | ma tomo Peko-Pawa | Bielsko-Biała | Белско-Бәла | Бельсько-Бяла | بییلسکو-بیالا | Bielsko-Biała | Bielsko-Biała | Bielsko-Biała | Bielsko-Biała | 别尔斯科-比亚瓦 | 別耶斯高－比亞華 | 别尔斯科-比亚瓦 | 别尔斯科-比亚瓦 | 别尔斯科-比亚瓦 | 別爾斯科-比亞瓦 | 別爾斯科-比亞瓦 | 别尔斯科-比亚瓦 | 別爾斯科-比亞瓦
Q64341,Renée Sintenis,1888,1965,Kłodzko | Glocium | Kladsko | Клодзка | Kłodzko | Kłodzko | کووزکو | Kłodzko | Kłodzko | Kłodzko | Kłodzko | Клодзко | كلودزكو | كلودزكو | Kłodzko | Клодзка | Клодзко | Kłodzko | Клодзко | Kłodzko | Kłodzko | Κουότσκο | Kłodzko | Kłodzko | Kłodzko | Kłodzko | Kłodzko | Kłodzko | קלודצקו | Kłodzko | Kłodzko | Kłodzko | クウォツコ | Kłodzko | 크워츠코 | Klodzkas | Klodzko | Клоѕко | Kłodzko | Kłodzko | Kłodzko | Kłodzko | Kłodzko | Kłodzko | Kłodzko | Glootz | Клодско | Kłodzko | Kłodzko | Kłodzko | Клодзко | Клодзко | Kłodzko | Kłodzko | 克沃茲科 | 克沃兹科 | 克沃茲
Q69127,Carl Carls,1880,1958,Фарель | 法雷尔 | 瓦勒尔鎮 | 瓦勒爾鎮 | فارل | Фарел | Varelis | ファーレル | Varel | Varel | Фарель | Varel | Varel | Varel | Varel | Varel | Varel | Varel | Varel | Varel | Varel | Varel | Varel | Varel | Varel | Varel | Varel | Varel | Varel | Varel | Varel | Varel | Varel | Varel | Varel | Varel | Varel | Varel | 法雷爾 | Varel | Varel | Varel | Varel | Varel | Varel | Varel | Varel | Varel | Farel | فارل | فارل | فارل | Фарель | Ֆարել | Фарель | فارەل | Фарель | Farelʹ | 파렐 | Фарель | Varel | Фарел | Altjührden | Фарел | Foarel | Фарель
Q71052,Albert Wangerin,1844,1933,Gryfice | Գրիֆիցե | Грыфице | Gryfice | غريفيتسه | جريفيتسه | Gryfice | Qrifice | قریفایس | Грыфіцы | Грыфіцы | Грифице | Gryfice | Gryfice | Gryfice (kapital sa powiat) | Gryfice | Gryfice | Gryfice | Grifiô Góra | Gryfice | Gryfice | Gryfice | Gryfice | Γκριφίτσε | Gryfice | Gryfice | Gryfice | گریفایس | Gryfice | Gryfice | Gryfice | גריפיצה | Gryfice | Gryfice | Gryfice | グリフィツェ | Gryfice | Gryfice | Gryfice | Gryfice | 그리피체 | Gryficė | Grifice | Грыфицэ | Gryfice | Gryfice | Gryfice | Gryfice | Griphenberg | Gryfice | Gryfice | Gryfice | Gryfice | Gryfice | Gryfice | Gryfice | Gryfice | Gryfice | Gryfice | Gryfice | Gryfice | Грифице | Грифице | Grifice | Gryfice | Gryficy | Грыфице | Gryfice | Gryfice | Gryfice | Грыфитсе | Gryfice | Gryfice | Грифіце | Gryfice | Gryfice | Gryfice | 格雷菲采 | 格雷菲采 | 格雷菲采 | 格雷菲采 | 格雷菲采 | 格雷菲采 | 格雷菲采 | 格雷菲采
Q71259,Eduard Krebsbach,1894,1947,Bonn | Bonn | বন | Bonn | بون | Bonn | Bonn | Bonn | Bonn | 본 | Boni | Bona | בון | Bonn | Bona | Bonn | ボン | Bonn | Бонн | Бон | Бонн | Бонн | Бон | Бон | Бон | பான் | بون | Bonn | بون | Bonno | Bonn | Bonn | بن | Бонн | Bonna | 波恩 | Bonna | Bonn | Bonn | Bonn | Bonn | Bonn | Bonn | Bonn | Bonn | Bonn | Bonn | Bonn | Bonn | Bonn | Bonn | Bonn | Bonn | Bonn | Bonn | Bonn | Bonn | Bonn | Bonn | Bonn | Bonn | Bonn | Bonn | Bonn | Bonn | Bonn | Bonn | Bonn | Bonn | Bonn | Bonn | Bonn | Bonn | Bonn | Bonn | Bonn | Bonn | Bonn | Bonn | Bonn | Bonn | Bonn | Bonn | Bonn | Bonn | Bonn | Bonn | Bonn | Bonn | Bonn | Bonn | Bonn | Bonn | Bonn | Bonn | Bonn | Bonn | Bonn | Bonn | Bonn | Bonn | Bonn | Bonn | Bonn | Bonn | Bonn | Bonn | Bonn | Bonn | Bonn | Bonn | Bonn | Bonn | Bonn | Bonn | Bonn | Bonn | Bonn | Bonn | Bonn | Bonn | Bonn | Bonn | Bonn | Bonn | Bonn | Bonn | Bonn | Bonn | Bonn | Bonn | Bonn | Bonn | Bonn | Bonn | Bonn | 波恩 | Bonn | ബോൺ | ቦን | Bonceaster | بون (المانيا) | Бонн | བྷོ་ཨིན། | بۆن، ئەڵمانیا | Бонн | Βόννη | Bonn | بؤن | 𐌱𐌰𐌿𐌽𐌽 | બોન | बॉन | Բոնն | ბონი | Бонн | ಬಾನ್ನ್ | Бонн | Bonn | Бонн | Бон | Бонн | बॉन | बोन | Бонн | ਬੌਨ | بون | بون | Bonn | බොන | Бонн | Bonn | Bonn | Bonn | బొన్ | Бонн | บ็อน | Бонн | 波恩 | באן | 波恩 | 波恩 | 波昂
Q69698,Nikolaus Becker,1809,1845,Bonn | Bonn | Bonn | Bonn | Bonn | Bonn | Bonn | Bonn | Bonn | Bonn | Bonn | Bonn | Bonn | Bonn | Bonn | Bonn | Bonn | Bonn | Bonn | Bonn | Bonn | Bonn | Bonn | Bonn | Bonn | Bonn | Bonn | Bonn | Bonn | Bonn | Bonn | Bonn | Bonn | Bonn | Bonn | Bonn | Bonn | Bonn | Bonn | Bonn | Bonn | Bonn | Bonn | Bonn | Bonn | Bonn | Bonn | Bonn | Bonn | Bonn | Bonn | Bonn | বন | Bonn | بون | Bonn | Bonn | Bonn | Bonn | 본 | Boni | Bona | בון | Bonn | Bona | Bonn | ボン | Bonn | Бонн | Бон | Бонн | Бонн | Бон | Бон | Бон | பான் | بون | Bonn | بون | Bonno | Bonn | Bonn | بن | Бонн | Bonna | 波恩 | Bonna | Bonn | Bonn | Bonn | Bonn | Bonn | Bonn | Bonn | Bonn | Bonn | Bonn | Bonn | Bonn | Bonn | Bonn | Bonn | Bonn | Bonn | Bonn | Bonn | Bonn | Bonn | Bonn | Bonn | Bonn | Bonn | Bonn | Bonn | Bonn | Bonn | Bonn | Bonn | Bonn | Bonn | Bonn | Bonn | Bonn | Bonn | Bonn | Bonn | Bonn | Bonn | Bonn | Bonn | Bonn | Bonn | Bonn | Bonn | Bonn | Bonn | 波恩 | Bonn | ബോൺ | ቦን | Bonceaster | بون (المانيا) | Бонн | བྷོ་ཨིན། | بۆن، ئەڵمانیا | Бонн | Βόννη | Bonn | بؤن | 𐌱𐌰𐌿𐌽𐌽 | બોન | बॉन | Բոնն | ბონი | Бонн | ಬಾನ್ನ್ | Бонн | Bonn | Бонн | Бон | Бонн | बॉन | बोन | Бонн | ਬੌਨ | بون | بون | Bonn | බොන | Бонн | Bonn | Bonn | Bonn | బొన్ | Бонн | บ็อน | Бонн | 波恩 | באן | 波恩 | 波恩 | 波昂
Q70006,Lotte Jacobi,1896,1990,Toruń | Thorn | Toruń | Toruń | Toruń | Toruń | Toruń | Toruń | Toruń | Toruń | Toruń | Toruń | Toruń | Toruń | Toruń | Toruń | Toruń | Toruń | Toruń | Toruń | Toruń | Toruń | Toruń | Toruń | Toruń | Toruń | Toruń | Toruń | Toruń | Toruń | Toruń | Toruń | Toruń | Toruń | Toruń | Toruń | Toruń | Toruń | Toruń | Toruń | Toruń | Toruń | Toruń | Toruń | Toruń | Toruń | Toruń | Toruń | Toruń | Toruň | Thorn | تورون | تورون | Torun | トルン | Torun | Torun | Torun | 托伦 | 托倫 | ترونی | Торунь | Торунь | Торун | তোরান | Торунь | تۆرون | Torun | Torń | Τόρουν | Torún | ترونی | ટોરન | טורון | टोरून | Թորուն | ტორუნი | ಟೂರನ್ | 토룬 | Торунь | Thorunium | Torunė | Toruņa | Торунь | Торуњ | टूरन | Торунь | تورون | Торунь | ටොරුන් | Toruň | Torunj | Торуњ | Torůń | டொறுந் | టోరున్ | Торун | ตอรุญ | ma tomo Tolun | Торунь | Торунь | Торунь | تورینی | Torun' | 托伦 | ტორუნი | טויערן | 托倫 | 托伦
Q69715,Julius Carl Raschdorff,1823,1914,Pszczyna | Pszczyna | Пщина | Pszczyna | Pszczyna | Пшчына | Пшчина | Пщина | Pszczyna (kapital sa powiat) | Πστσίνα | پشچنا | פשצ'ינה | Պշչինա | プシュチナ | Pszczyna | Plesna | Pščyna | Pščina | Пшчина | Пшчина | Пшчина | Pszczyna | Pszczyna | Pszczyna | Пччына | Пщина | Pshina | 普什奇納 | 普什奇纳 | 普什奇納 | 普什奇納 | Pština | Pszczyna | Pszczyna | Pszczyna | Pszczyna | Pszczyna | Pszczyna | Pszczyna | Pszczyna | Pszczyna | Pszczyna | Pszczyna | Pszczyna | Pszczyna | Pszczyna | Pszczyna | Pszczyna | Pszczyna | Pszczyna | Pszczyna | Pszczyna | Pszczyna | Pszczyna
Q70703,Caesar von Hofacker,1896,1944,"Ludwigsburg | Ludwigsburg | Ludwigsburg | Ludwigsburg | Louisbourg | Людвигсбург | Ludwigsburg | Ludwigsburg | Ludwigsburg | Ludwigsburg | Ludwigsburg | Ludwigsburg | Ludwigsburg | لودفيغسبورغ | لودفيجسبورج | Ludwigsburg | Lüdviqsburq | لودویقزوبورق | Людвигсбург | Ludwigsburg | Ludwigsburg | Людвігсбург | Людвігсбург | Лудвигсбург | Ludwigsburg | Ludwigsburg | Луьдвигсбург | Ludwigsburg (kapital sa distrito) | لودڤیگسبۆرگ | Ludwigsburg | Ludwigsburg | Ludwigsburg | Ludwigsburg | Ludwigsburg | Λούντβιγκσμπουργκ | Ludwigsburg | Ludwigsburg | Ludwigsburg | Ludwigsburg | Ludwigsburg | Ludwigsburg | لودویگزوبورگ | Ludwigsburg | Ludwigsburg | Ludwigsburg | Ludwigsburg | Ludwigsburg | Ludwigsburg | Ludwigsburg | Ludisburg | לודוויגסבורג | Ludwigsburg | Լյուդվիգսբուրգ | Ludwigsburg | Ludwigsburg | Ludwigsburg | Ludwigsburg | Ludwigsburg | Ludwigsburg | ルートヴィヒスブルク | ლუდვიგსბურგი | Ludwigsburg | 루트비히스부르크 | Ludwigsburg | Ludovicoburgum | Ludwigsburg | Ludwigsburg | Ludwigsburg | Ludwigsburg | Ludwigsburg | Liudvigsburgas | Ludvigsburga | Ludwigsburg | Ludwigsburg | Лудвигсбург | Ludwigsburg | Ludwigsburg | Ludwigsburg | Ludwigsburg | Ludwigsburg | लुड्विग्सबर्ग | Ludwigsburg | Ludwigsburg | Ludwigsburg | Ludwigsburg | Ludwigsburg | Ludwigsburgo | Ludwigsburgo | Ludwigsburg | Ludwigsburg | Ludwigsburg | Ludwigsburg | Ludwigsburg | Ludwigsburg, Baden-Württemberg, Nemčija | Лудвигсбург | Ludwigsburg | Ludwigsburg | Ludwigsburg | Ludwigsburg | லட்விக்ஸ்பெர்க் | ลูทวิชส์บวร์ค | Ludwigsburg | Лүдвигсбург | Ludwigsburg | Людвігсбург | لڈوگسبرگ | Ludwigsburg | Ludwigsburg | Ludwigsburg | Ludwigsburg | Ludwigsburg | Ludwigsburg | Ludwigsburg | Ludwigsburg | 路德维希堡 | 路德维希堡 | 路德維希堡 | Ludwigsburg"
Q70764,Anita Berber,1899,1928,ライプツィヒ | Leipzig | ლაიფციგი | Leipzig | Leipzig | Лейпциг | ಲೈಪ್ಜಿಗ್ | 라이프치히 | 라이프찌히 | Leipzig | Лейпциг | Lipsia | Leipzig | Leipzig | Leipzig | Leipzig | Leipzig | Lipsia | Leipcigas | Leipciga | 萊比錫 | Лэйпциг | Leipzig | Leipzig | Лайпциг | लाइपझिश | Leipzig | Leipzig | လိုက်ပဆစ်မြို့ | لایپتسیش | Leipzig | Leipzig | Lipsia | Leipzig | Leipzig | Leipzig | लेइपजिग | Leipzig | Leipzig | ߟߋߌߔߑߖ߭ߌߜ߭ | Leipzig | Leipzig | Лейпциг | ਲਾਈਪਸਿਸ਼ | Leipzig | Leipzig | Leipzig | Lipsia | لیپزش | Leipzig | Leipzig | Leipzig | Leipzig | Leipzig | Ліпско | Lipsia | Lipsia | Leipzig | ليپزگ | Leipzig | ලේයිප්සිග් | Leipzig | Lajpcigu | Лајпциг | Лајпциг | Leipzig | Leipzig | Leipzig | Lajpcik | லைப்சிக் | లేఇప్జిగ్ | Лейпзиг | ไลพ์ซิช | Leipzig | Leipzig | Лейпциг | Leipzig | Leipzig | Léypzig | لائپزش | Leipzig | Leipzig | Läipcig | Leipzig | Leipzig | Leipzig | Leipzig | Leipzig | Leipzig | 莱比锡 | ლაიფციგი | לייפציג | 萊比錫 | 莱比锡 | 莱比锡 | 莱比锡 | 萊比錫 | 萊比錫 | Leipzig | Lipsia | Leipzig | Leipzig | ലീപ്സിഗ് | Leipzig | Leipzig | Lipcse | Лейпциг | Lipsko | Lipsko | Leipzig | Lipsk | Leipzig | Leipzig | Leypsiq | Лейпцыг | Ляйпцыг | Լայպցիգ | Лајпциг | Лейпциг | Leipzig | ላይፕጽግ | Leipzig | لايبزيغ | لايبتزج | Leipzig | لایپزیق | Лейпциг | Leipzig | Leipzig | Лайпциг | লাইপ্ৎসিশ | Leipzig | Leipzig | Leipzig | Лейпциг | Leipzig | لایپزیگ | Lipsia | Leyptsig | Leyptsig | Лейпциг | Leipzig | Leipzig | Leipzig | Leipzig | Leipzig | Lipsk | Λειψία | Leipzig | Leipzig | Leipzig | Leipzig | Leipzig | Leipzig | Leipzig | لایپزیگ | Leipzig | Leipzig | Leipzig | Leipzig | Leipzig | Leipzig | Leipzig | Leipzig | Leipzig | Leipzig | Leipzig | લેઇપઝિગ | Leipzig | Leipzig | Lipekika | לייפציג | लिपजिग | Leipzig | Lipsk | Լայփցիկ | Leipzig | Leipzig | Leipzig | Leipzig | Leipzig
Q71405,Karl-Jesco von Puttkamer,1900,1981,فرانکفورت | Франкфурт | Франкфурт-на-Одере | فرانكفورت | Φρανκφούρτη | 프랑크푸르트 | Франкфурт | فرینکفرٹ | Frankfurt | Frankfurt (Oder) | Frankfurt (Oder) | Frankfurt (Oder) | Frankfurt (Oder) | Frankfurt (Oder) | Frankfurt (Oder) | Frankfurt (Oder) | فرانكفورت على أودر | Frankfurt (Oder) | Frankfurt-na-Oder | Одерҙағы Франкфурт | Frankfurt an da Oder | Франкфурт-на-Одэры | Франкфурт-на-Одры | Франкфурт на Одер | Frankfurt (Oder) | Frankfurt de l'Oder | Одер-тӀера-Франкфурт | Francuforte su l'Oder | Frankfurt nad Odrou | Frankfurt an der Oder | Frankfurt (Oder) | Frankfurt (Oder) | Frankfurt (Oder) | Frankfurt (Oder) | Frankobrod-Odra | Frankfurt (Oder) | Frankfurt (Oder) | Frankfurto ĉe Odro | Fráncfort del Óder | Frankfurt Oderi ääres | Frankfurt Oder | Frankfurt (Oder) | Francfort-sur-l'Oder | Frankfurt (Oder) | Frankfurt (Oder) | Frankfurt (Oder) | Frankfurt oan de Oder | Frankfurt (Oder) | Frankfurt (Oder) | Frankfurt (Oder) | Frankfurt (Oder) | Frankfurt (Oder) | פרנקפורט על האודר | Frankfurt na Odri | Frankobrod nad Wódru | Frankfurt (Oder) | Օդերի Ֆրանկֆուրտ | Frankfurt (Oder) | Frankfurt an der Oder | Frankfurt (Oder) | Frankfurt (Oder) | Frankfurt (Oder) | Francoforte sull'Oder | フランクフルト・アン・デア・オーダー | Frankfurt an der Oder | ოდერის ფრანკფურტი | Frankfurt (Oder) | Frankfurt (Oder) | Francofortum ad Oderam | Frankfurt (Oder) | Frankfurt (Oder) | Frankfurt (Oder) | Frankfurt (Oder) | Frankfurtas prie Oderio | Frankfurte pie Oderas | Frankfurt (Oder) | Frankfurt (Oder) | Франкфурт на Одра | Frankfurt an der Oder | Frankfurt (Oder) | Frankfurt (Oder) | Frankfort an de Oder | Frankfurt (Oder) | Frankfort aan de Oder | Frankfurt an der Oder | Frankfurt (Oder) | Frankfurt (Oder) | Frankfurt (Oder) | Frankfurt nad Odrą | Frankfurt (Oder) | Frankfurt an der Oder | Frankfurt an der Oder | Frankfurt (Oder) | Francuforte subra s'Oder | Frankfurt (Oder) | Frankfurt (Oder) | Frankfurt nad Odrou | Frankfurt ob Odri | Франкфурт на Одри | Frankfurt (Oder) | Frankfurt an der Oder | Frankfurt (Oder) | Frankfurt (Oder) | Francfort del Oder | Франкфурт-ам-Одер | Франкфурт-на-Одері | Frankfurt (Oder) | Francoforte de l'Oder | Frankfurt (Oder) | Frankfurt (Oder) | Frankfurt len Oder | Frankfurt (Oder) | Frankfurt (Oder) | Frankfurt (Oder) | 奥得河畔法兰克福 | ოდერიშ ფრანკფურტი | פראנקפורט אן דער אדער | 奧德河畔法蘭克福 | 奥得河畔法兰克福 | 奧得河畔法蘭克福 | Frankfurt (Oder) | Frankfurt (Oder)
Q71691,Josef Kohler,1849,1919,Offenburg | Offenburg | Offenburg | Offenburg | Offenburg | Offenburg | Оффенбург | Offenburg | Offenburg | Offenburg | Offenburg | Offenburg | Offenburg | Offenburg | Offenburg | Offenburg | Offenburg | Offenburg | Offenburg | Offenburg | Offenburg | Offenburg | Offenburg | Offenburg | Offenburg | Offenburg | Offenburg | Offenburg | Offenburg | Offenburg | Offenburg | Offenburg | Offenburg | Offenburg | Offenburg | Offenburg | أوفنبورغ | اوفينبورج | اوفنبورق | Офенбург | Офенбург | Оффенбург | Όφενμπουργκ | اوفنبورگ | Offenbourg | Offäburg | אופנבורג | Օֆենբուրգ | オッフェンブルク | 오펜부르크 | Offenburg | Offenburgum | Offenburg | Offenburg | Ofenburgas | Оффенбург | Offenburg | Offenburg | Offenburg | Офенбург | Offenburg | Offenburg | Оффенбург | Offenburg | Оффенбург | Offenburg | Offenburg | 奥芬堡 | 奧芬堡 | 奧芬堡
Q70686,Karl von Vierordt,1818,1884,Lohr | Лар | לר | Lahr | Lahr | Lahr | Lahr | Lahr | Lahr | Lahr | Lahr | Lahr | Lahr | Lahr | Lahr | Lahr | Lahr/Schwarzwald | Lahr/Schwarzwald | Lahr/Schwarzwald | 拉爾 | Лар | Лар | Lahr | Лар | Lahr | Lahr | Лар | 拉尔 | Lahr/Schwarzwald | Lahr/Schwarzwald | لار بادن وورتمبرغ | لار بادن وورتمبرج | Lahr/Schwarzwald | لار، بادن-وورتمبرق | Lahr/Schwarzwald | Lahr/Schwarzwald | Lahr/Schwarzwald | Лар (Шварцвальд) | Lahr/Schwarzwald | Lahr/Schwarzwald | Lahr/Schwarzwald | Lahr/Schwarzwald | Lahr/Schwarzwald | Λαρ | Lahr/Schwarzwald | Lahr/Schwarzwald | لار، بادن-وورتمبرگ | Lahr/Schwarzwald | Lahr/Schwarzwald | Lahr/Schwarzwald | Lahr/Schwarzwald | Lahr/Schwarzwald | Lahr/Schwarzwald | Lahr/Schwarzwald | Lahr/Schwarzwald | Lahr/Schwarzwald | Lahr/Schwarzwald | Lahr/Schwarzwald | Lahr/Schwarzwald | Lahr/Schwarzwald | Lahr/Schwarzwald | ラー (バーデン＝ヴュルテンベルク州) | Lahr/Schwarzwald | 라어 | Lahr/Schwarzwald | Lahr/Schwarzwald | Lahr/Schwarzwald | Lahr/Schwarzwald | Lahr/Schwarzwald | Lahr/Schwarzwald | Lahr/Schwarzwald | Lahr/Schwarzwald | Lahr | Lahr/Schwarzwald | Lahr/Schwarzwald | Lahr/Schwarzwald | Lahr/Schwarzwald | Lahr/Schwarzwald | Lahr/Schwarzwald | Lahr/Schwarzwald | Lahr/Schwarzwald | Lahr/Schwarzwald | Lahr/Schwarzwald | Lahr/Schwarzwald | Lahr/Schwarzwald | Lahr/Schwarzwald | Lahr/Schwarzwald | Lahr/Schwarzwald | Lahr/Schwarzwald | Lahr/Schwarzwald | Lahr/Schwarzwald | Lahr/Schwarzwald | Lahr | Lahr/Schwarzwald | Lahr/Schwarzwald | Lahr/Schwarzwald | Lahr/Schwarzwald | Lahr/Schwarzwald | Lahr/Schwarzwald | 拉尔 | 黑林山區拉爾 | Lahr/Schwarzwald
Q70995,Ottomar Anschütz,1846,1907,Leszno | לשנו | Leszno | Leszno | Лешно | Leszno | Лешна | Leszno | Leszno | Лешно | Leszno | Лешно | لشنو | Leszno | Leszno | Lešno | Leszno | Leszno | 莱什诺 | 萊什諾 | Լեշնո | ليشنو | ليشنو | Лешно | লেজনু | Leszno (kapital sa powiat) | Leszno | Leszno | Leszno | Λέσνο | Leszno | Leszno | Leszno | Leszno | Leszno | Leszno | Leszno | Leszno | લેઝ્નો | लेसनो | Leszno | Leszno | レシュノ | Leszno | ლეშნო | ಲೆಸ್ನೊ | 레슈노 | Leszno | Leszno | Lešnas | Lešno | Лэшно | Лешно | लेझनो | Leszno | Leszno | Leszno | Leszno | Leszno | Leszno | ලෙස්නෝ | Leszno | Leszno | Лешно | Leszno | Leszno | ளேஸ்னோ | లెస్నో | เลซโน | Лешно | لیسزنو | Leszno | Leszno | ליסא
Q70527,Gerd von Rundstedt,1875,1953,Aschersleben | Ашерслебен | Aschersleben | Aschersleben | Aschersleben | Aschersleben | Aschersleben | آشرسليبن | آشرسليبن | Aschersleben | Aşersleben | آشرسلبن | Ашерслебен | Aschersleben | Ашэрслебен | Ашэрсьлебэн | Ашерслебен | Aschersleben | Aschersleben | Ашерслебен | Aschersleben | Aschersleben | Aschersleben | Aschersleben | Aschersleben | Άσερσλέμπεν | Aschersleben | Aschersleben | Aschersleben | Aschersleben | Aschersleben | Aschersleben | آشرزلبن | Aschersleben | Aschersleben | Aschersleben | Aschersleben | Aschersleben | Aschersleben | Aschersleben | Aschersleben | אשרסלבן | Aschersleben | Aschersleben | Աշերսլեբեն | Aschersleben | Aschersleben | Aschersleben | Aschersleben | Aschersleben | Aschersleben | アシャースレーベン | Aschersleben | Ашерслебен | اشەرسلەبەن | Ашерслебен | Aşersleben | Aschersleben | Ашерслебен | Ascaria | Aschersleben | Aschersleben | Aschersleben | Aschersleben | Ашэрслэбэн | Aschersleben | Aschersleben | Ашерслебен | Aschersleben | Aschersleben | Aschersleben | Aschersleben | Ascherslebbe | Aschersleben | Aschersleben | Aschersleben | Aschersleben | Aschersleben | Aschersleben | Aschersleben | Aschersleben | Aschersleben | Aschersleben | Aschersleben | Aschersleben | Aschersleben | Aschersleben | Aschersleben | Aschersleben | Aschersleben | Aschersleben | Ашерслебен | Ашерслебен | Ašersleben | Aschersleben | Aschersleben | Aschersleben | Ашерслебен | Aschersleben | Ашерслебен | Aschersleben | Aschersleben | Aschersleben | Aschersleben | Aschersleben | Aschersleben | Aschersleben | Aschersleben | 阿舍斯莱本 | 阿舍斯莱本 | 阿舍斯莱本 | 阿舍斯萊本 | 阿舍斯萊本 | Aschersleben
Q63027,Leo Scheffczyk,1920,2005,Bytom | ಬೈಟಮ್ | 비톰 | Bithomia | Bytom | Bytom | Bytomas | Bitoma | Бытом | Битом | बायटोम | Bytom | Бытом | Bytom | Bytom | Bytom | Bytom | Bytom | Bytom | Bytom | Бытом | Bytom | Bytom | Bytom | Bytom | Бытом | Bytom | Bytom | Bytom | බයිටොම් | Bytom | Bytom | Битом | Битом | Bitom | Bytom | Bytom | Bytům | பயிட்டோம் | బైటోమ్ | ไบทอม | ma tomo Piton | Bytom | Бытом | Битом | بیتوم | Bitom | Bytom | Bytom | Bytom | Bytom | 比托姆 | 比唐 | 比托姆 | 比托姆 | 比托姆 | 比托姆 | 比托姆 | 比托姆 | 比托姆 | Bytom | Bytom | بيطوم | بيتوم | Bytom | Бытaм | Бытам | Битом | বাইট্ম | Bytom | Бытом | Bytom (kapital sa munisipyo) | Bıtom | Bıtom | Bytom | Bytom | Bytom | Bytom | Μπίτομ | Bytom | Bytom | Bytom | Bytom | Bytom | Bytom | Bytom | بیتوم | Bytom | Bytom | Bytom | બાયટોમ | Bytom | ביטום | ब्यटौम | Bytom | Bytom | Bytom | Բիտոմ | Bytom | Bytom | Bytom | ビトム
Q66177,Willi Krakau,1911,1995,Schönebeck | Schönebeck | Schönebeck | Schönebeck | Schönebeck | Шёнебек | Шенебек | Schönebeck | Schönebeck | Schönebeck | Шёнебек | Schönebeck | Schönebeck | Schönebeck | شونهبك | شونهبك | Schönebeck (Elbe) | شونبک | Шёнебек | Шэнебек | Шэнэбэк | Шоьнебек | Schönebeck | Schönebeck | Schönebeck | Schönebeck | Schönebeck | Schönebeck | Schönebeck | شونبک | Schönebeck (Elbe) | Schönebeck | Schönebeck | シェーネベック | 쇠네베크 | Schönebeck | Schönebeck | Шэнэбэк | Schönebeck | Schönebeck | Schönebeck | Schönebeck | Schönebeck | Schönebeck | Schönebeck | Schönebeck | Шенебек | Schönebeck | Schönebeck | Schönebeck | Шёнебек (Эльба) | Шенебек | Schönebeck | Schönebeck | Schönebeck | Schönebeck | 易北河畔舍讷贝克 | 舍納貝克
Q62315,Karl Rosenkranz,1805,1879,Магдебург | Magdeburg | Магдэбург | ম্যাগডেবার্গ | Magdeburg | Magdeburg | Магдебург | Landeshauptstadt Magdeburg | ماگدێبورگ | Магдебург | Magdeburg | Magdeburg | Magdeburg | Magdeburg | Μαγδεμβούργο | Magdeburgo | Magdeburgo | Magdeburg | Magdeburg | ماگدبورگ | Magdeburg | Magdeburg | Magdeburg | Magdebourg | Magdebörj | Magdeburg | Magdeburg | Magdeburgo | 𐌼𐌰𐌲𐌰𐌸𐍃𐌱𐌰𐌿𐍂𐌲𐍃 | મેગડેબર્ગ | Magdeburg | Magdeburg | Makekepuka | מגדבורג | मागदेबुर्ग | Magdeburg | Magdeburg | Magdeburg | Magdeburg | Magdeburg | Magdeburg | Magdeburg | マクデブルク | Kebon Raja Magdeburg | მაგდებურგი | Магдебург | ಮ್ಯಾಗ್ದೆಬರ್ಗ್ | 마그데부르크 | Magdeburg | Магдебург | Magdeburg | Магдебeрг | Magdeburgum | Magdeburg | Magdebürgu | Magdeburg | Magdeburgh | Magdeburgas | Magdeburga | Магдэбург | Magdeburg | Магдебург | माक्देबुर्ग | Magdeburg | Magdeburg | Magdeburg | Magdeburg | Magdeburg | Meideborg | मेगडेबर्ग | Magdeburg | Magdeburg | Magdeborg | Магдебург | Magdeborgh | مگڈیبرگ | Magdeburgo | Magdeburgo | Magdeburg | Magdeburg | Маґдебурґ | Magdeburg | Magdeburg | Magdeburg | මැඩබර්ග් | Magdeburg | Magdeburg | Magdeburgu | Магдебург | Magdeburg | Magdeburg | Magdeburg | Magdeburg | மாக்டெபர்க் | మగ్డెబర్గ్ | มัคเดอบวร์ค | Magdeburg | Magdeburg | Magdeburg | ماجدیبورج | Magdeburgo | Magdeburg | മാഗ്ഡെബുർഗ് | Magdeburg | Магдебург | Dźěwin | Магдэбург | Magdeburk | دورتموند | Magdeburg | Magdeburg | Magdeburg | Магдебург | Магдебург | Магдебург | Մագդեբուրգ | Magdebuag | Магдебург | Magdeburg | Maagdenburg | ማክደቡርክ | Magdeburgo | Mihtiġburg | مغدبورغ | ماجدبورج | Magdeburgu | Maqdeburq | Magdeburg | Magdeburgo | Magdeburg | Magdeburg | Magdeburg | Magdeburg | 马格德堡 | მაგდებურგი | מאגדעבורג | Magdeburg | 麥德堡 | Magdeburg | 马格德堡 | 马格德堡 | 马格德堡 | 馬格德堡 | 馬德堡 | 馬德堡 | 马格德堡 | 马格德堡 | 馬德堡
Q75451,Robert Teichmüller,1863,1939,Brunšwik | Braunschweig | Բրաունշվայգ | Braunschweig | Braunschweig | Braunschweig | Braunschweig | Brúnsvík | ブラウンシュヴァイク | Braunschweig | ბრაუნშვაიგი | Брауншвейг | ಬ್ರಾನ್ಜ್ವಿಕ್ | 브라운슈바이크 | Braunschweig | Брауншвейг | Braunschweig | Braunšveiga | Брауншвэйг | Braunschweig | Брауншвајг | Брауншвайг | ब्राउनश्वाइग | Braunschweig | Brunswick | Braunschweig | Bronswiek | Braunschweig | Brunswick | Брауншвейг | Brunsvique | Brunsvique | Braunschweig | Braunschweig | Braunschweig | බ්රෝන්ෂ්විග් | Braunschweig | Braunschweig | Braunshvajgi | Брауншвајг | Braunschweig | Braunschweig | Braunschweig | பிரான்ஷ்விக் | బ్రౌన్ స్వైగ్ | Брауншвейг | เบราน์ชไวค์ | Брауншвейг | Braunschweig | Braunshwéyg | Brunswick | Braunschweig | Brunswick | Brunswick | Brunswick | Braunschweig | Braunschweig | Брауншвейг | Braunschweig | Braunschweig | Broenswiek | Braunschweig | براونشوایگ | Braunšveigas | Brunszwik | Brunswick | Brunswick | Brunsvicum | Brunswick | Brunsvigo | 不伦瑞克 | Brunswick | 不伦瑞克 | Brunswyk | Braunschweig | براونشفايغ | براونشفايج | Braunschweig | Braunşveyq | براونشوایق | Braunschweig | Браўншвайг | Браўншвайг | Брауншвайг | ব্রঞ্চউইগ | Brunsvic | Брауншвейг | Braunschweig (kapital sa distrito) | براونشڤایگ | Braunschweig | Braunschweig | Braunschweig | Braunschweig | Braunschweig | Μπράουνσβαϊγκ | Braunschweig | Brunswick | Braunschweig | Braunschweig | Braunschweig | Brunswyk | Braunschweig | Braunschweig | બ્રૌન્ચવેગ | Braunschweig | Braunschweig | בראונשווייג | ब्रंजविक | Braunschweig | Брауншвейг | برانشویگ | Braunschweig | Braunschweig | Braunschweig | Braunschweig | Braunschweig | 不伦瑞克 | ברוינשווייג | 布倫瑞克 | 不伦瑞克 | 不倫瑞克 | 賓士域 | 布倫瑞克
Q64030,Wilhelm August Heinrich Blasius,1845,1912,Braunschweig | Բրաունշվայգ | Braunschweig | Braunschweig | Braunschweig | Braunschweig | Brúnsvík | ブラウンシュヴァイク | Braunschweig | ბრაუნშვაიგი | Брауншвейг | ಬ್ರಾನ್ಜ್ವಿಕ್ | 브라운슈바이크 | Braunschweig | Брауншвейг | Braunschweig | Braunšveiga | Брауншвэйг | Braunschweig | Брауншвајг | Брауншвайг | ब्राउनश्वाइग | Braunschweig | Brunswick | Braunschweig | Bronswiek | Braunschweig | Brunswick | Брауншвейг | Brunsvique | Brunsvique | Braunschweig | Braunschweig | Braunschweig | බ්රෝන්ෂ්විග් | Braunschweig | Braunschweig | Braunshvajgi | Брауншвајг | Braunschweig | Braunschweig | Braunschweig | பிரான்ஷ்விக் | బ్రౌన్ స్వైగ్ | Брауншвейг | เบราน์ชไวค์ | Брауншвейг | Braunschweig | Braunshwéyg | Брауншвейг | Brunswick | Braunschweig | Brunswick | Brunswick | Brunswick | Braunschweig | Braunschweig | Брауншвейг | Braunschweig | Braunschweig | Broenswiek | Braunschweig | براونشوایگ | Braunšveigas | Brunszwik | Brunswick | Brunswick | Brunsvicum | Brunswick | Brunsvigo | 不伦瑞克 | Brunswick | 不伦瑞克 | Brunswyk | Braunschweig | براونشفايغ | براونشفايج | Braunschweig | Braunşveyq | براونشوایق | Braunschweig | Браўншвайг | Браўншвайг | Брауншвайг | ব্রঞ্চউইগ | Brunsvic | Брауншвейг | Braunschweig (kapital sa distrito) | براونشڤایگ | Braunschweig | Braunschweig | Braunschweig | Braunschweig | Braunschweig | Μπράουνσβαϊγκ | Braunschweig | Brunswick | Braunschweig | Braunschweig | Braunschweig | Brunswyk | Braunschweig | Braunschweig | બ્રૌન્ચવેગ | Braunschweig | Braunschweig | בראונשווייג | ब्रंजविक | Braunschweig | Brunšwik | برانشویگ | Braunschweig | Braunschweig | Braunschweig | Braunschweig | Braunschweig | 不伦瑞克 | ברוינשווייג | 布倫瑞克 | 不伦瑞克 | 不倫瑞克 | 賓士域 | 布倫瑞克
Q75388,Karl Duncker,1903,1940,Leipcigas | Leipciga | 萊比錫 | Лэйпциг | Leipzig | Leipzig | Лайпциг | लाइपझिश | Leipzig | Leipzig | လိုက်ပဆစ်မြို့ | لایپتسیش | Leipzig | Leipzig | Lipsia | Leipzig | Leipzig | Leipzig | लेइपजिग | Leipzig | Leipzig | ߟߋߌߔߑߖ߭ߌߜ߭ | Leipzig | Leipzig | Лейпциг | ਲਾਈਪਸਿਸ਼ | Leipzig | Leipzig | Leipzig | Lipsia | لیپزش | Leipzig | Leipzig | Leipzig | Leipzig | Leipzig | Ліпско | Lipsia | Lipsia | Leipzig | ليپزگ | Leipzig | ලේයිප්සිග් | Leipzig | Lajpcigu | Лајпциг | Лајпциг | Leipzig | Leipzig | Leipzig | Lajpcik | லைப்சிக் | లేఇప్జిగ్ | Лейпзиг | ไลพ์ซิช | Leipzig | Leipzig | Лейпциг | Leipzig | Leipzig | Léypzig | لائپزش | Leipzig | Leipzig | Läipcig | Leipzig | Leipzig | Leipzig | Leipzig | Leipzig | Leipzig | 莱比锡 | ლაიფციგი | לייפציג | 萊比錫 | 莱比锡 | 莱比锡 | 莱比锡 | 萊比錫 | 萊比錫 | Leipzig | Lipsia | Leipzig | Leipzig | ലീപ്സിഗ് | Leipzig | Leipzig | Lipcse | Лейпциг | Lipsko | Lipsko | Leipzig | Lipsk | Leipzig | Leipzig | Leypsiq | Лейпцыг | Ляйпцыг | Լայպցիգ | Лајпциг | Лейпциг | Leipzig | ላይፕጽግ | Leipzig | لايبزيغ | لايبتزج | Leipzig | لایپزیق | Лейпциг | Leipzig | Leipzig | Лайпциг | লাইপ্ৎসিশ | Leipzig | Leipzig | Leipzig | Лейпциг | Leipzig | لایپزیگ | Lipsia | Leyptsig | Leyptsig | Лейпциг | Leipzig | Leipzig | Leipzig | Leipzig | Leipzig | Lipsk | Λειψία | Leipzig | Leipzig | Leipzig | Leipzig | Leipzig | Leipzig | Leipzig | لایپزیگ | Leipzig | Leipzig | Leipzig | Leipzig | Leipzig | Leipzig | Leipzig | Leipzig | Leipzig | Leipzig | Leipzig | લેઇપઝિગ | Leipzig | Leipzig | Lipekika | לייפציג | लिपजिग | Leipzig | Lipsk | Լայփցիկ | Leipzig | Leipzig | Leipzig | Leipzig | Leipzig | ライプツィヒ | Leipzig | ლაიფციგი | Leipzig | Leipzig | Лейпциг | ಲೈಪ್ಜಿಗ್ | 라이프치히 | 라이프찌히 | Leipzig | Лейпциг | Lipsia | Leipzig | Leipzig | Leipzig | Leipzig | Leipzig | Lipsia
Q64047,Nathanael Pringsheim,1823,1894,Gorzów Śląski | Gorzów Śląski | Gorzów Śląski | Gorzów Śląski | Gorzów Śląski | Gorzów Śląski | Гожув-Слёнски | Gorzów Śląski | Gorzów Śląski | Гожаў Слёнскі | Гожов Шльонски | Gorzów Śląski | Гожув-Слёнски | Gorzów Śląski | Gorzów Śląski | Γκόζουφ Σλόνσκι | Gorzów Śląski | Gorzów Śląski | Gorzów Śląski | Gorzów Śląski | Gorzów Śląski | Gorzów Śląski | Gorzów Śląski | Gorzów Śląski | Gorzów Śląski | Gorzów Śląski | Gorzów Śląski | Гожов Сласки | Gorzów Śląski | Gorzōw | กอชุฟชล็อนสกี | Gorzów Śląski | Гожув-Члөнски | Гожув-Шльонський | Gorzów Śląski | 希隆斯克地區戈茹夫 | 希隆斯克地区戈茹夫 | 希隆斯克地區戈茹夫 | 希隆斯克地區戈茹夫
Q69578,Gisela Uhlen,1919,1997,Lipsia | Leipzig | Leipzig | ലീപ്സിഗ് | Leipzig | Leipzig | Lipcse | Лейпциг | Lipsko | Lipsko | Leipzig | Lipsk | Leipzig | Leipzig | Leypsiq | Лейпцыг | Ляйпцыг | Լայպցիգ | Лајпциг | Лейпциг | Leipzig | ላይፕጽግ | Leipzig | لايبزيغ | لايبتزج | Leipzig | لایپزیق | Лейпциг | Leipzig | Leipzig | Лайпциг | লাইপ্ৎসিশ | Leipzig | Leipzig | Leipzig | Лейпциг | Leipzig | لایپزیگ | Lipsia | Leyptsig | Leyptsig | Leipzig | ලේයිප්සිග් | Leipzig | Lajpcigu | Лајпциг | Лајпциг | Leipzig | Leipzig | Leipzig | Lajpcik | லைப்சிக் | లేఇప్జిగ్ | Лейпзиг | ไลพ์ซิช | Leipzig | Leipzig | Лейпциг | Leipzig | Leipzig | Léypzig | لائپزش | Leipzig | Leipzig | Läipcig | Leipzig | Leipzig | Leipzig | Leipzig | Leipzig | Leipzig | 莱比锡 | ლაიფციგი | לייפציג | 萊比錫 | 莱比锡 | 莱比锡 | 莱比锡 | 萊比錫 | 萊比錫 | Leipzig | Лейпциг | Leipzig | Leipzig | Leipzig | Leipzig | Leipzig | Lipsk | Λειψία | Leipzig | Leipzig | Leipzig | Leipzig | Leipzig | Leipzig | Leipzig | لایپزیگ | Leipzig | Leipzig | Leipzig | Leipzig | Leipzig | Leipzig | Leipzig | Leipzig | Leipzig | Leipzig | Leipzig | લેઇપઝિગ | Leipzig | Leipzig | Lipekika | לייפציג | लिपजिग | Leipzig | Lipsk | Լայփցիկ | Leipzig | Leipzig | Leipzig | Leipzig | Leipzig | ライプツィヒ | Leipzig | ლაიფციგი | Leipzig | Leipzig | Лейпциг | ಲೈಪ್ಜಿಗ್ | 라이프치히 | 라이프찌히 | Leipzig | Лейпциг | Lipsia | Leipzig | Leipzig | Leipzig | Leipzig | Leipzig | Lipsia | Leipcigas | Leipciga | 萊比錫 | Лэйпциг | Leipzig | Leipzig | Лайпциг | लाइपझिश | Leipzig | Leipzig | လိုက်ပဆစ်မြို့ | لایپتسیش | Leipzig | Leipzig | Lipsia | Leipzig | Leipzig | Leipzig | लेइपजिग | Leipzig | Leipzig | ߟߋߌߔߑߖ߭ߌߜ߭ | Leipzig | Leipzig | Лейпциг | ਲਾਈਪਸਿਸ਼ | Leipzig | Leipzig | Leipzig | Lipsia | لیپزش | Leipzig | Leipzig | Leipzig | Leipzig | Leipzig | Ліпско | Lipsia | Lipsia | Leipzig | ليپزگ
Q71981,Hagen Schulze,1943,2014,Tangier | Tánxer | Tánger | ટેંજિયર | टंगेर | Tanger | Tanger | Տանժեր | Tanger | Tangier | Tangeri | タンジェ | ტანჟერი | Tin Iggi | Танжер қаласы | تانجەر قالاسى | تانجەر قالاسى | Танжер қаласы | Танжер қаласы | Tanjer qalası | Tanjer qalası | ಟ್ಯಾಂಜಿಯರ್ | 탕헤르 | Танжер | Tence | Tence | Tingis | Tanjer | Tanger | Tanger | Tanžeras | Tanžera | Танжэр | Тангер | Танжер | टँजियर | Tanjah | Tanġier | တန်ဂျီးယားမြို့ | Tanger | Tànger | Танжер | Tanger | Tanger | Tânger | Tanger | Танжер | Tangeri | Tangeri | Tangier | Tanger | ටැන්ජයර් | Tanger | Tangier | Тангер | Тангер | Tanger | Tanger | Tanger | டன்கிஏர் | ట్యాంజియర్ | Танҷа | แทนเกียร์ | Tangher | Tanca | Тәнҗә | Tanger | Танжер | طنجہ | Tanjer | Tangeri | Tangier | Tandjî | Tangier | 丹吉尔 | ტანჟერი | טאנזשיר | 丹吉爾 | ⵟⴰⵏⵊⴰ | 丹吉尔 | 丹吉尔 | 丹吉尔 | 丹吉爾 | 丹吉爾 | 丹吉尔 | 丹吉爾 | ടാൻജീർ | Tánger | Tangier | טנג'יר | Tanger | Tanger | Tanja | Tanja | Tanger | Tanger | Tanger | Tanger | Tanger | Tanger | Tanger | Tanger | Tanger | Tanger | Thanjah | Tangier | Táncher | طنجة | طانجا | طنجه | Tánxer | Tanjer | طنجه | Танжэр | Танжер | তানজাহ | Tanger | Tanger | Tànger | Танжер | Tanger-Assilah | Tangeri | Tancer | Tancer | Танжер | Ταγγέρη | Tanĝero | Tanger | Tangi | طنجه | Tanger | Tanger
Q69630,Fritz-Hubert Gräser,1888,1960,فرانکفورت | Франкфурт | Франкфурт-на-Одере | فرانكفورت | Φρανκφούρτη | 프랑크푸르트 | Франкфурт | فرینکفرٹ | Frankfurt | Frankfurt (Oder) | Frankfurt (Oder) | Frankfurt (Oder) | Frankfurt (Oder) | Frankfurt (Oder) | Frankfurt (Oder) | Frankfurt (Oder) | فرانكفورت على أودر | Frankfurt (Oder) | Frankfurt-na-Oder | Одерҙағы Франкфурт | Frankfurt an da Oder | Франкфурт-на-Одэры | Франкфурт-на-Одры | Франкфурт на Одер | Frankfurt (Oder) | Frankfurt de l'Oder | Одер-тӀера-Франкфурт | Francuforte su l'Oder | Frankfurt nad Odrou | Frankfurt an der Oder | Frankfurt (Oder) | Frankfurt (Oder) | Frankfurt (Oder) | Frankfurt (Oder) | Frankobrod-Odra | Frankfurt (Oder) | Frankfurt (Oder) | Frankfurto ĉe Odro | Fráncfort del Óder | Frankfurt Oderi ääres | Frankfurt Oder | Frankfurt (Oder) | Francfort-sur-l'Oder | Frankfurt (Oder) | Frankfurt (Oder) | Frankfurt (Oder) | Frankfurt oan de Oder | Frankfurt (Oder) | Frankfurt (Oder) | Frankfurt (Oder) | Frankfurt (Oder) | Frankfurt (Oder) | פרנקפורט על האודר | Frankfurt na Odri | Frankobrod nad Wódru | Frankfurt (Oder) | Օդերի Ֆրանկֆուրտ | Frankfurt (Oder) | Frankfurt an der Oder | Frankfurt (Oder) | Frankfurt (Oder) | Frankfurt (Oder) | Francoforte sull'Oder | フランクフルト・アン・デア・オーダー | Frankfurt an der Oder | ოდერის ფრანკფურტი | Frankfurt (Oder) | Frankfurt (Oder) | Francofortum ad Oderam | Frankfurt (Oder) | Frankfurt (Oder) | Frankfurt (Oder) | Frankfurt (Oder) | Frankfurtas prie Oderio | Frankfurte pie Oderas | Frankfurt (Oder) | Frankfurt (Oder) | Франкфурт на Одра | Frankfurt an der Oder | Frankfurt (Oder) | Frankfurt (Oder) | Frankfort an de Oder | Frankfurt (Oder) | Frankfort aan de Oder | Frankfurt an der Oder | Frankfurt (Oder) | Frankfurt (Oder) | Frankfurt (Oder) | Frankfurt nad Odrą | Frankfurt (Oder) | Frankfurt an der Oder | Frankfurt an der Oder | Frankfurt (Oder) | Francuforte subra s'Oder | Frankfurt (Oder) | Frankfurt (Oder) | Frankfurt nad Odrou | Frankfurt ob Odri | Франкфурт на Одри | Frankfurt (Oder) | Frankfurt an der Oder | Frankfurt (Oder) | Frankfurt (Oder) | Francfort del Oder | Франкфурт-ам-Одер | Франкфурт-на-Одері | Frankfurt (Oder) | Francoforte de l'Oder | Frankfurt (Oder) | Frankfurt (Oder) | Frankfurt len Oder | Frankfurt (Oder) | Frankfurt (Oder) | Frankfurt (Oder) | 奥得河畔法兰克福 | ოდერიშ ფრანკფურტი | פראנקפורט אן דער אדער | 奧德河畔法蘭克福 | 奥得河畔法兰克福 | 奧得河畔法蘭克福 | Frankfurt (Oder) | Frankfurt (Oder)
Q69624,Hermann Recknagel,1892,1945,Hofgeismar | Хофгајсмар | Хофгајсмар | Hofgajsmar | Hofgeismar | Hofgeismar | Хофгайсмар | Hofgeismar | Гофгайсмар | Hofgeismar | Hofgeismar | 霍夫盖斯马尔 | 霍夫盖斯马尔 | 霍夫蓋斯馬爾 | 霍夫蓋斯馬爾 | Hofgeismar | Hofgeismar | Hofgeismar | Hofgeismar | Hofgeismar | Hofgeismar | Hofgeismar | Hofgeismar | Hofgeismar | Hofgeismar | Hofgeismar | Hofgeismar | Hofgeismar | Hofgeismar | Hofgeismar | Hofgeismar | Hofgeismar | Hofgeismar | Hofgeismar | Hofgeismar | Hofgeismar | Hofgeismar | Hofgeismar | Hofgeismar | Hofgeismar | Hofgeismar | Hofgeismar | Hofgeismar | Hofgeismar | Hofgeismar | Hofgeismar | Hofgeismar | Hofgeismar | Hofgeismar | Hofgeismar | Hofgeismar | Hofgeismar | Hofgeismar | Hofgeismar | Hofgeismar | Hofgeismar | Hofgeismar | Hofgeismar | Hofgeismar | Hofgeismar | Hofgeismar | Hofgeismar | Hofgeismar | Hofgeismar | Hofgeismar | Hofgeismar | Hofgeismar | Hofgeismar | Hofgeismar | Hofgeismar | Hofgeismar | Hofgeismar | Hofgeismar | Hofgeismar | Hofgeismar | Hofgeismar | Hofgeismar | Hofgeismar | Hofgeismar | Hofgeismar | Hofgeismar | Hofgeismar | Hofgeismar | Hofgeismar | Hofgeismar | Hofgeismar | Hofgeismar | هوفغايزمار | هوفجايزمار | هوفقایزمار | Хофгайсмар | Χοφγκάισμαρ | هوفگایزمار | הופגייסמר | Hofgeismar | ホーフガイスマー | Hofgeismar | Hofgeismar | Хофгайсмар
Q69617,Hans Jordan,1892,1975,Gernsbach | Gernsbach | Gernsbach | Gernsbach | Gernsbach | Gernsbach | Gernsbach | Gernsbach | Gernsbach | Gernsbach | Gernsbach | Gernsbach | Gernsbach | Gernsbach | Gernsbach | Gernsbach | Gernsbach | Gernsbach | Gernsbach | Gernsbach | Gernsbach | Gernsbach | Gernsbach | Gernsbach | Gernsbach | Gernsbach | Gernsbach | Gernsbach | Gernsbach | Gernsbach | Gernsbach | Gernsbach | Gernsbach | Gernsbach | Gernsbach | Gernsbach | Gernsbach | Gernsbach | Gernsbach | Gernsbach | Gernsbach | Gernsbach | Gernsbach | Gernsbach | Gernsbach | Gernsbach | Gernsbach | Gernsbach | Gernsbach | Gernsbach | Gernsbach | Gernsbach | Gernsbach | Gernsbach | Gernsbach | Gernsbach | Gernsbach | Gernsbach | Gernsbach | Gernsbach | Gernsbach | Gernsbach | Gernsbach | Gernsbach | Gernsbach | Gernsbach | Gernsbach | Gernsbach | Gernsbach | Gernsbach | Gernsbach | غيرنسباخ | جيرنسباخ | قرنزباخ | Гернсбах | Гернсбах | Гернсбах | گرنزباخ | Gernschbach | Gernsbach | ゲルンスバッハ | Гернсбах | گەرنسباح | Гернсбах | Gernsbax | 게른스바흐 | Gernsbach | Гернсбах | Gernsbach | Gernsbach | Gernsbach | Гернсбах | Gernsbach | Гернсбах | Гернсбах | Gernsbah | Gernsbach | Гернсбах | Gernsbach | Гернсбах | Gernsbach | Gernsbach | 盖恩斯巴赫 | 盖恩斯巴赫 | 蓋恩斯巴赫 | 蓋恩斯巴赫
Q69631,Harald Weinrich,1927,2022,Wismar | Wismar | ヴィスマール | Wismar | Wismar | Wismar | Wismar | Wismar | Wismar | Wismar | Wismar | Wismar | Wismar | Wismar | Wismar | Wismar | Wismar | Wismar | Wismar | Wismar | Wismar | Wismar | Wismar | Wismar | Wismar | Wismar | Wismar | Wismar | Wismar | Wismar | Wismar | Wismar | Wismar | Wismar | Wismar | Wismar | Wismar | Wismar | Wismar | Wismar | Wismar | Wismar | Wismar | Wismar | Wismar | Wismar | Wismar | Wismar | Wismar | Wismar | Wismar | Wismar | Wismar | Wismar | Wismar | Wismar | Wismar | Wismar | Wismar | Wismar | Wismar | Wismar | Wismar | Wismar | Wismar | Wismar | Wismar | Wismar | Wismar | Wismar | Wismar | Wismar | Wismar | Висмар | Wismar (kapital sa distrito) | Wismar | Wismar | Wismar | Wismar | Wismar | Wismar | Wismar | Wismar | Wismar | Wismar | Wismar | Wismar | فيسمار | فيسمار | Vismar | ویسمار | Висмар | Вісмар | Вісмар | Визмар | Висмар | Βίσμαρ | ویسمار | Wysmar | ויסמר | विस्मर | Վիսմար | ვისმარი | Висмар | 비스마르 | Висмар | Wismar | Vismaras | Vismāra | Висмар | Wismer | ਵਿਸਮਰ | Висмар | วิสมาร์ | Висмар | Вісмар | 维斯马 | 维斯马 | 維斯馬 | Vismaria | 維斯馬
Q78407,Justus Hermann Lipsius,1834,1920,Lipsia | Leipzig | Leipzig | ലീപ്സിഗ് | Leipzig | Leipzig | Lipcse | Лейпциг | Lipsko | Lipsko | Leipzig | Lipsk | Leipzig | Leipzig | Leypsiq | Лейпцыг | Ляйпцыг | Լայպցիգ | Лајпциг | Лейпциг | Leipzig | ላይፕጽግ | Leipzig | لايبزيغ | لايبتزج | Leipzig | لایپزیق | Лейпциг | Leipzig | Leipzig | Лайпциг | লাইপ্ৎসিশ | Leipzig | Leipzig | Leipzig | Лейпциг | Leipzig | لایپزیگ | Lipsia | Leyptsig | Leyptsig | Лейпциг | Leipzig | Leipzig | Leipzig | Leipzig | Leipzig | Lipsk | Λειψία | Leipzig | Leipzig | Leipzig | Leipzig | Leipzig | Leipzig | Leipzig | لایپزیگ | Leipzig | Leipzig | Leipzig | Léypzig | لائپزش | Leipzig | Leipzig | Läipcig | Leipzig | Leipzig | Leipzig | Leipzig | Leipzig | Leipzig | 莱比锡 | ლაიფციგი | לייפציג | 萊比錫 | 莱比锡 | 莱比锡 | 莱比锡 | 萊比錫 | 萊比錫 | Leipzig | Leipzig | Leipzig | Leipzig | Leipzig | Leipzig | Leipzig | Leipzig | Leipzig | લેઇપઝિગ | Leipzig | Leipzig | Lipekika | לייפציג | लिपजिग | Leipzig | Lipsk | Լայփցիկ | Leipzig | Leipzig | Leipzig | Leipzig | Leipzig | ライプツィヒ | Leipzig | ლაიფციგი | Leipzig | Leipzig | Лейпциг | ಲೈಪ್ಜಿಗ್ | 라이프치히 | 라이프찌히 | Leipzig | Лейпциг | Lipsia | Leipzig | Leipzig | Leipzig | Leipzig | Leipzig | Lipsia | Leipcigas | Leipciga | 萊比錫 | Лэйпциг | Leipzig | Leipzig | Лайпциг | लाइपझिश | Leipzig | Leipzig | လိုက်ပဆစ်မြို့ | لایپتسیش | Leipzig | Leipzig | Lipsia | Leipzig | Leipzig | Leipzig | लेइपजिग | Leipzig | Leipzig | ߟߋߌߔߑߖ߭ߌߜ߭ | Leipzig | Leipzig | Лейпциг | ਲਾਈਪਸਿਸ਼ | Leipzig | Leipzig | Leipzig | Lipsia | لیپزش | Leipzig | Leipzig | Leipzig | Leipzig | Leipzig | Ліпско | Lipsia | Lipsia | Leipzig | ليپزگ | Leipzig | ලේයිප්සිග් | Leipzig | Lajpcigu | Лајпциг | Лајпциг | Leipzig | Leipzig | Leipzig | Lajpcik | லைப்சிக் | లేఇప్జిగ్ | Лейпзиг | ไลพ์ซิช | Leipzig | Leipzig | Лейпциг | Leipzig | Leipzig
Q78434,Christian Rudolph Wilhelm Wiedemann,1770,1840,Braunschweig | Braunschweig | Braunschweig | Braunschweig | Braunschweig | Μπράουνσβαϊγκ | Braunschweig | Brunswick | Braunschweig | Braunschweig | Braunschweig | Brunswyk | Braunschweig | Braunschweig | બ્રૌન્ચવેગ | Braunschweig | Braunschweig | בראונשווייג | ब्रंजविक | Braunschweig | Brunšwik | Braunschweig | Բրաունշվայգ | Braunschweig | Braunschweig | Braunschweig | Braunschweig | Brúnsvík | ブラウンシュヴァイク | Braunschweig | ბრაუნშვაიგი | Брауншвейг | ಬ್ರಾನ್ಜ್ವಿಕ್ | 브라운슈바이크 | Braunschweig | Брауншвейг | Braunschweig | Braunšveiga | Брауншвэйг | Braunschweig | Брауншвајг | Брауншвайг | ब्राउनश्वाइग | Braunschweig | Brunswick | Braunschweig | Bronswiek | Braunschweig | Brunswick | Брауншвейг | Brunswick | Braunschweig | Brunswick | Brunswick | Brunswick | Braunschweig | Braunschweig | Брауншвейг | Braunschweig | Braunschweig | Broenswiek | Braunschweig | براونشوایگ | Braunšveigas | Brunszwik | Brunswick | Brunswick | Brunsvicum | Brunswick | Brunsvigo | 不伦瑞克 | Brunswick | 不伦瑞克 | Brunswyk | Braunschweig | براونشفايغ | براونشفايج | Braunschweig | Braunşveyq | براونشوایق | Braunschweig | Браўншвайг | Браўншвайг | Брауншвайг | ব্রঞ্চউইগ | Brunsvic | Брауншвейг | Braunschweig (kapital sa distrito) | براونشڤایگ | Brunsvique | Brunsvique | Braunschweig | Braunschweig | Braunschweig | බ්රෝන්ෂ්විග් | Braunschweig | Braunschweig | Braunshvajgi | Брауншвајг | Braunschweig | Braunschweig | Braunschweig | பிரான்ஷ்விக் | బ్రౌన్ స్వైగ్ | Брауншвейг | เบราน์ชไวค์ | Брауншвейг | Braunschweig | Braunshwéyg | Брауншвейг | برانشویگ | Braunschweig | Braunschweig | Braunschweig | Braunschweig | Braunschweig | 不伦瑞克 | ברוינשווייג | 布倫瑞克 | 不伦瑞克 | 不倫瑞克 | 賓士域 | 布倫瑞克
Q78404,Ernst Fritz Fürbringer,1900,1988,Braunschweig | Braunschweig | Braunschweig | Braunschweig | Μπράουνσβαϊγκ | Braunschweig | Brunswick | Braunschweig | Braunschweig | Braunschweig | Brunswyk | Braunschweig | Braunschweig | બ્રૌન્ચવેગ | Braunschweig | Braunschweig | בראונשווייג | ब्रंजविक | Braunschweig | Brunšwik | Braunschweig | Բրաունշվայգ | Braunschweig | Braunschweig | Braunschweig | Braunschweig | Brúnsvík | ブラウンシュヴァイク | Braunschweig | ბრაუნშვაიგი | Брауншвейг | ಬ್ರಾನ್ಜ್ವಿಕ್ | 브라운슈바이크 | Braunschweig | Брауншвейг | Braunschweig | Braunšveiga | Брауншвэйг | Braunschweig | Брауншвајг | Брауншвайг | ब्राउनश्वाइग | Braunschweig | Brunswick | Braunschweig | Bronswiek | Braunschweig | Brunswick | Брауншвейг | Brunsvique | Brunswick | Braunschweig | Brunswick | Brunswick | Brunswick | Braunschweig | Braunschweig | Брауншвейг | Braunschweig | Braunschweig | Broenswiek | Braunschweig | براونشوایگ | Braunšveigas | Brunszwik | Brunswick | Brunswick | Brunsvicum | Brunswick | Brunsvigo | 不伦瑞克 | Brunswick | 不伦瑞克 | Brunswyk | Braunschweig | براونشفايغ | براونشفايج | Braunschweig | Braunşveyq | براونشوایق | Braunschweig | Браўншвайг | Браўншвайг | Брауншвайг | ব্রঞ্চউইগ | Brunsvic | Брауншвейг | Braunschweig (kapital sa distrito) | براونشڤایگ | Braunschweig | Brunsvique | Braunschweig | Braunschweig | Braunschweig | බ්රෝන්ෂ්විග් | Braunschweig | Braunschweig | Braunshvajgi | Брауншвајг | Braunschweig | Braunschweig | Braunschweig | பிரான்ஷ்விக் | బ్రౌన్ స్వైగ్ | Брауншвейг | เบราน์ชไวค์ | Брауншвейг | Braunschweig | Braunshwéyg | Брауншвейг | برانشویگ | Braunschweig | Braunschweig | Braunschweig | Braunschweig | Braunschweig | 不伦瑞克 | ברוינשווייג | 布倫瑞克 | 不伦瑞克 | 不倫瑞克 | 賓士域 | 布倫瑞克
Q65153,Franz Delitzsch,1813,1890,Leipzig | Лейпциг | Leipzig | Leipzig | Léypzig | لائپزش | Leipzig | Leipzig | Läipcig | Leipzig | Leipzig | Leipzig | Leipzig | Leipzig | Leipzig | 莱比锡 | ლაიფციგი | לייפציג | 萊比錫 | 莱比锡 | 莱比锡 | 莱比锡 | 萊比錫 | 萊比錫 | Leipzig | Lipsia | Leipzig | Leipzig | ലീപ്സിഗ് | Leipzig | Leipzig | Lipcse | Лейпциг | Lipsko | Lipsko | Leipzig | Lipsk | Leipzig | Leipzig | Leypsiq | Лейпцыг | Ляйпцыг | Լայպցիգ | Лајпциг | Лейпциг | Leipzig | ላይፕጽግ | Leipzig | لايبزيغ | لايبتزج | Leipzig | لایپزیق | Лейпциг | Leipzig | Leipzig | Лайпциг | লাইপ্ৎসিশ | Leipzig | Leipzig | Leipzig | Лейпциг | Leipzig | لایپزیگ | Lipsia | Leyptsig | Leyptsig | Лейпциг | Leipzig | Leipzig | Leipzig | Leipzig | Leipzig | Lipsk | Λειψία | Leipzig | Leipzig | Leipzig | Leipzig | Leipzig | Leipzig | Leipzig | لایپزیگ | Leipzig | Leipzig | Leipzig | Leipzig | Leipzig | Leipzig | Leipzig | Leipzig | Leipzig | Leipzig | Leipzig | લેઇપઝિગ | Leipzig | Leipzig | Lipekika | לייפציג | लिपजिग | Leipzig | Lipsk | Լայփցիկ | Leipzig | Leipzig | Leipzig | Leipzig | Leipzig | ライプツィヒ | Leipzig | ლაიფციგი | Leipzig | Leipzig | Лейпциг | ಲೈಪ್ಜಿಗ್ | 라이프치히 | 라이프찌히 | Leipzig | Лейпциг | Lipsia | Leipzig | Leipzig | Leipzig | Leipzig | Leipzig | Lipsia | Leipcigas | Leipciga | 萊比錫 | Лэйпциг | Leipzig | Leipzig | Лайпциг | लाइपझिश | Leipzig | Leipzig | လိုက်ပဆစ်မြို့ | لایپتسیش | Leipzig | Leipzig | Lipsia | Leipzig | Leipzig | Leipzig | लेइपजिग | Leipzig | Leipzig | ߟߋߌߔߑߖ߭ߌߜ߭ | Leipzig | Leipzig | Лейпциг | ਲਾਈਪਸਿਸ਼ | Leipzig | Leipzig | Leipzig | Lipsia | لیپزش | Leipzig | Leipzig | Leipzig | Leipzig | Leipzig | Ліпско | Lipsia | Lipsia | Leipzig | ليپزگ | Leipzig | ලේයිප්සිග් | Leipzig | Lajpcigu | Лајпциг | Лајпциг | Leipzig | Leipzig | Leipzig | Lajpcik | லைப்சிக் | లేఇప్జిగ్ | Лейпзиг | ไลพ์ซิช | Leipzig
Q63413,Ulrich Wilcken,1862,1944,Stettino | Szczecin | Stettin | Szczecin | Štětín | Szczecin | Szczecin | Szczecin | Szczecin | Szczecin | Szczecin | Szczecin | シュチェチン | 什切青 | Szczecin | Szczecin | Stettin | Stettin | Stettin | Stettin | Stettin | Stettin | Stettin | Stettin | Stettin | Stettin | Stettin | Szczecin | ሽጨቺን | شتشيتشين | شتتين | Szczecin | Szczecin | Şetsin | شچچین | Szczecin | Шчэцін | Шчэцін | Шчечин | স্টাজিন | Szczecin | Szczecin | Щецин | شچێچین | Şçetsin | Şçetsin | Szczecëno | Szczecin | Szczecin | Szczecin | Στσέτσιν | Szczecin | Szczecin | Szczecin | Szczecin | Szczecin | شچچین | Szczecin | Szczecin | શ્ટેચિન | Szczecin | Sṳ̍p-chhiet-chhiâng | שצ'צ'ין | श्टेटीन | Szczecin | Šćećin | Շչեցին | Szczecin | Szczecin | Szczecin | Szczecin | Szczecin | შჩეცინი | Щецин | Szczecin | ಸ್ಟೆಟ್ಟಿನ್ | 슈체친 | Stettinum | Szczecin | Stetin | Ščecinas | Ščecina | Щечин | Щецин | Szczecin | Шчеќин | Шчецин | Шчецин | श्टेचिन | Szczecin | Szczecin | Щецин ош | Szczecin | Szczecin | Szczecin | Szczecin | Szczecin | Estettin | Szczecin | Щецин | ششیچن | شچېچېن | Estetino | Estetino | Szczecin | Szczecin | Щецин | Щецин | Szczecin | Szczecin | Szczecin | Шчећин | සෙසින් | Štetín | Szczecin | Szczecin | Шчећин | Szczecin | Szczecin | Sztetin | ஸ்செசின் | స్జేచిన్ | Szczecin | Штеттин | ชแชตชิน | Szczecin | ma tomo Sesin | Szczecin | Щецин | Шӵечин | Shchétsin | Щецин | شٹیچین | Shchetsin | Stetin | Ščecin | Szczecin | Szczecin | Szczecin | 什切青 | შჩეცინი | שטעטין | 舒車前 | 什切青 | 什切青 | 什切青
Q63326,Theodor Wilhelm Engelmann,1843,1909,Lipsia | Leipzig | Leipzig | ലീപ്സിഗ് | Leipzig | Leipzig | Lipcse | Лейпциг | Lipsko | Lipsko | Leipzig | Lipsk | Leipzig | Leipzig | Leypsiq | Лейпцыг | Ляйпцыг | Լայպցիգ | Лајпциг | Лейпциг | Leipzig | ላይፕጽግ | Leipzig | لايبزيغ | لايبتزج | Leipzig | لایپزیق | Лейпциг | Leipzig | Leipzig | Лайпциг | লাইপ্ৎসিশ | Leipzig | Leipzig | Leipzig | Лейпциг | Leipzig | لایپزیگ | Lipsia | Leyptsig | Leyptsig | Лейпциг | Leipzig | Leipzig | Leipzig | Leipzig | Leipzig | Lipsk | Λειψία | Leipzig | Leipzig | Leipzig | Leipzig | Leipzig | Leipzig | Leipzig | لایپزیگ | Leipzig | Leipzig | Leipzig | Leipzig | Leipzig | Leipzig | Leipzig | Leipzig | Leipzig | Leipzig | Leipzig | લેઇપઝિગ | Leipzig | Leipzig | Lipekika | לייפציג | लिपजिग | Leipzig | Lipsk | Լայփցիկ | Leipzig | Leipzig | Leipzig | Leipzig | Leipzig | ライプツィヒ | Leipzig | ლაიფციგი | Leipzig | Leipzig | Лейпциг | ಲೈಪ್ಜಿಗ್ | 라이프치히 | 라이프찌히 | Leipzig | Лейпциг | Lipsia | Leipzig | Leipzig | Leipzig | Leipzig | Leipzig | Lipsia | Leipcigas | Leipciga | 萊比錫 | Лэйпциг | Leipzig | Leipzig | Лайпциг | लाइपझिश | Leipzig | Leipzig | လိုက်ပဆစ်မြို့ | لایپتسیش | Leipzig | Leipzig | Lipsia | Leipzig | Leipzig | Leipzig | लेइपजिग | Leipzig | Leipzig | ߟߋߌߔߑߖ߭ߌߜ߭ | Leipzig | Leipzig | Лейпциг | ਲਾਈਪਸਿਸ਼ | Leipzig | Leipzig | Leipzig | Lipsia | لیپزش | Leipzig | Leipzig | Leipzig | Leipzig | Leipzig | Ліпско | Lipsia | Lipsia | Leipzig | ليپزگ | Leipzig | ලේයිප්සිග් | Leipzig | Lajpcigu | Лајпциг | Лајпциг | Leipzig | Leipzig | Leipzig | Lajpcik | லைப்சிக் | లేఇప్జిగ్ | Лейпзиг | ไลพ์ซิช | Leipzig | Leipzig | Лейпциг | Leipzig | Leipzig | Léypzig | لائپزش | Leipzig | Leipzig | Läipcig | Leipzig | Leipzig | Leipzig | Leipzig | Leipzig | Leipzig | 莱比锡 | ლაიფციგი | לייפציג | 萊比錫 | 莱比锡 | 莱比锡 | 莱比锡 | 萊比錫 | 萊比錫 | Leipzig
Q82180,Mata Hari,1876,1917,Leeuwarden | Leeuwarden | Leeuwarden | Leeuwarden | Leeuwarden | Leeuwarden | Leeuwarden | Leeuwarden | Leeuwarden | Leeuwarden | Leeuwarden | Leeuwarden | Leeuwarden | Leeuwarden | Leeuwarden | Leeuwarden | Leeuwarden | Leeuwarden | Leeuwarden | Leeuwarden | Leeuwarden | Leeuwarden | Leeuwarden | Leeuwarden | Leeuwarden | Leeuwarden | Leeuwarden | Leeuwarden | Leeuwarden | Leeuwarden | Leeuwarden | Leeuwarden | Leeuwarden | Leeuwarden | Leeuwarden | Leeuwarden | Leeuwarden | Leeuwarden | Leeuwarden | Leeuwarden | Leeuwarden | Leeuwarden | Leeuwarden | Leeuwarden | Leeuwarden | Leeuwarden | Leeuwarden | Leeuwarden | Leeuwarden | Leeuwarden | Leeuwarden | Leeuwarden | Leeuwarden | Leeuwarden | Leeuwarden | Leeuwarden | Leeuwarden | Leeuwarden | Leeuwarden | Leeuwarden | Ljouwert | Liwwadden | ليوواردن | Ljouwert | Լեուվարդեն | Леуварден | Ljouwert | Леуварден | Ljouwert | ليوردن | ليوواردن | Leyvarden | Леўвардэн | Леўвардэн | Леуварден | লিবার্ডেন | Λέουαρντεν | لیوواردن | Ljouwert | Ljouwert | લીઉવાર્ડન | Ljouwert | לייוורדן | लीऊवार्डन | レーワルデン | ლეუვარდენი | ಲೀಯುವರ್ಡೆನ್ | 레이우아르던 | Leovardia | Leuvardenas | Leuvardena | Леуварден | लीयुवार्डेन | Liwwadden | Ljouwert | Леуварден | لیوواردن | Ljouwert | ලීවුවෝර්ඩ්න් | Леуварден | லியூவார்டன் | లీయువార్డెన్ | เลวาร์เดิน | Леуварден | لییوواردین | 吕伐登 | 呂戈登 | 吕伐登 | 利瓦頓 | لیوورت
Q82032,Christopher Tolkien,1924,2020,Leeds | Leeds | Leeds | Leeds | Leeds | Leeds | Leeds | Leeds | Leeds | Leeds | Leeds | Leeds | 利茲 | ሊድስ | Loidis | ܠܝܕܣ | Lids | لیدز | Leeds | Лідс | Лідс | Лийдс | লিডস | Leeds | لیدز | Leeds | Leeds | Leeds | Leeds | લીડ્ઝ | Leeds | Leeds | לידס | लीड्स | Leeds | Լիդս | Leeds | ლიდზი | ಲೀಡ್ಸ್ | Leeds | Ledesia | Leeds | Lidsas | Līdsa | Лидс | ꯂꯤꯗ꯭ꯁ (ꯃꯐꯝ) | लीड्स | Leeds | Leeds | लीड्स | Лидс | ਲੀਡਸ | لیڈز | Leeds | Leeds | Leeds | ලීඩ්ස් | Leeds | Leeds | இலீட்சு | లీడ్స్ | ลีดส์ | Lungsod ng Leeds | Lids | Leeds | Ritis | Lids | Lids | Leeds | 利兹 | לידז | 列斯 | 利兹 | 利兹 | 列斯 | 列斯 | 利兹 | 利兹 | 里茲 | Leeds | Leeds | ലീഡ്സ് | リーズ | Leeds | Leeds | 리즈 | Лидс | Leeds | Leeds | Leeds | Лидс | Leeds | ليدز | ليدز | Лидс | Λιντς | Leeds | Leeds | Leeds | Leeds | Лидс | Лідс | لیڈز | Leeds | 利兹 | Leeds | Leeds | Leeds | Лидс | Лидс | لیدز | Leeds | Leeds | Leeds | Leeds | Leeds | لیدز | Leeds | Leeds | Leeds | Leeds | Leeds | Лидс | Leeds | Leeds | Leeds | Leeds | Leeds | Leeds | Leeds | Leeds | Leeds | Leeds | Leeds | Leeds | Leeds | Leeds | Leeds | Leeds | Leeds | Leeds | Leeds
Q81960,Robert Burns,1759,1796,Alloway | الووی | Alloway | Alloway | Alloway | Alloway | Alloway | Alloway | Alloway | Alloway | Alloway | Alloway | Alloway | Alloway | Alloway | Alloway | Alloway | Алаўэй | Алаўэй | Allmhaigh | Allmhaigh | אלוואי | Alloway (Scozia) | アロウェイ | ალოუეი | Alovėjus | Аллоуэй | Allowa | Алловей | الووے | 阿洛韋
Q70109,Sigmund Lebert,1821,1884,"ลูทวิชส์บวร์ค | Ludwigsburg | Лүдвигсбург | Ludwigsburg | Людвігсбург | لڈوگسبرگ | Ludwigsburg | Ludwigsburg | Ludwigsburg | Ludwigsburg | Ludwigsburg | Ludwigsburg | Ludwigsburg | Ludwigsburg | 路德维希堡 | 路德维希堡 | 路德維希堡 | Ludwigsburg | Ludwigsburg | Ludwigsburg | Ludwigsburg | Ludwigsburg | Louisbourg | Людвигсбург | Ludwigsburg | Ludwigsburg | Ludwigsburg | Ludwigsburg | Ludwigsburg | Ludwigsburg | Ludwigsburg | لودفيغسبورغ | لودفيجسبورج | Ludwigsburg | Lüdviqsburq | لودویقزوبورق | Людвигсбург | Ludwigsburg | Ludwigsburg | Людвігсбург | Людвігсбург | Лудвигсбург | Ludwigsburg | Ludwigsburg | Луьдвигсбург | Ludwigsburg (kapital sa distrito) | لودڤیگسبۆرگ | Ludwigsburg | Ludwigsburg | Ludwigsburg | Ludwigsburg | Ludwigsburg | Λούντβιγκσμπουργκ | Ludwigsburg | Ludwigsburg | Ludwigsburg | Ludwigsburg | Ludwigsburg | Ludwigsburg | لودویگزوبورگ | Ludwigsburg | Ludwigsburg | Ludwigsburg | Ludwigsburg | Ludwigsburg | Ludwigsburg | Ludwigsburg | Ludisburg | לודוויגסבורג | Ludwigsburg | Լյուդվիգսբուրգ | Ludwigsburg | Ludwigsburg | Ludwigsburg | Ludwigsburg | Ludwigsburg | Ludwigsburg | ルートヴィヒスブルク | ლუდვიგსბურგი | Ludwigsburg | 루트비히스부르크 | Ludwigsburg | Ludovicoburgum | Ludwigsburg | Ludwigsburg | Ludwigsburg | Ludwigsburg | Ludwigsburg | Liudvigsburgas | Ludvigsburga | Ludwigsburg | Ludwigsburg | Лудвигсбург | Ludwigsburg | Ludwigsburg | Ludwigsburg | Ludwigsburg | Ludwigsburg | लुड्विग्सबर्ग | Ludwigsburg | Ludwigsburg | Ludwigsburg | Ludwigsburg | Ludwigsburg | Ludwigsburgo | Ludwigsburgo | Ludwigsburg | Ludwigsburg | Ludwigsburg | Ludwigsburg | Ludwigsburg | Ludwigsburg, Baden-Württemberg, Nemčija | Лудвигсбург | Ludwigsburg | Ludwigsburg | Ludwigsburg | Ludwigsburg | லட்விக்ஸ்பெர்க்"
Q70041,Carl Benjamin Klunzinger,1834,1914,Güglingen | Güglingen | Güglingen | Güglingen | Güglingen | Güglingen | Güglingen | Güglingen | Гюглинген | Güglingen | Güglingen | Güglingen | Güglingen | Güglingen | Güglingen | Гиглинген | Güglingen | Güglingen | Güglingen | Гюглинген | Güglingen | Гюглінген | Güglingen | Güglingen | Güglingen | Güglingen | Güglingen | Güglingen | Güglingen | Güglingen | 居格林根 | Güglingen | Güglingen | Güglingen | Güglingen | Güglingen | Güglingen | Güglingen | Güglingen | غوغلينغن | جوجلينجن | Güglingen | قوقلینقن | Güglingen | Güglingen | Güglingen | Гуьглинген | Güglingen | Güglingen | Güglingen | Güglingen | Güglingen | Güglingen | Güglingen | Güglingen | Güglingen | Güglingen | Güglingen | Güglingen | گوگلینگن | Güglingen | Güglingen | Güglingen | Güglingen | Güglingen | Güglingen | Güglingen | Güglingen | Güglingen | Güglingen | Güglingen | Güglingen | Güglingen | Güglingen | Güglingen | Güglingen | ギューグリンゲン | Güglingen | Гюглинген | Güglingen | Гюглинген | Güglingen | Güglingen | Güglingen | Güglingen | Güglingen | Güglingen | Güglingen | Güglingen | Güglingen | Güglingen | Güglingen | Güglingen | Güglingen | Güglingen | Güglingen
Q70084,Hermann Sauppe,1809,1893,Weesenstein | Weesenstein | Weesenstein | Weesenstein | Weesenstein | Weesenstein | Weesenstein | Веезенштейн
Q68901,August Wilhelm Knoch,1742,1818,Brunswick | Braunschweig | Brunswick | Brunswick | Brunswick | Braunschweig | Braunschweig | Брауншвейг | Braunschweig | Braunschweig | Broenswiek | Braunschweig | براونشوایگ | Braunšveigas | Brunszwik | Brunswick | Brunswick | Brunsvicum | Brunswick | Brunsvigo | 不伦瑞克 | Brunswick | 不伦瑞克 | Brunswyk | Braunschweig | براونشفايغ | براونشفايج | Braunschweig | Braunşveyq | براونشوایق | Braunschweig | Браўншвайг | Браўншвайг | Брауншвайг | ব্রঞ্চউইগ | Brunsvic | Брауншвейг | Braunschweig (kapital sa distrito) | براونشڤایگ | Braunschweig | Braunschweig | Braunschweig | Braunschweig | Braunschweig | Μπράουνσβαϊγκ | Braunschweig | Brunswick | Braunschweig | Braunschweig | Braunschweig | Brunswyk | Braunschweig | Braunschweig | બ્રૌન્ચવેગ | Braunschweig | Braunschweig | בראונשווייג | ब्रंजविक | Braunschweig | Brunšwik | Braunschweig | Բրաունշվայգ | Braunschweig | Braunschweig | Braunschweig | Braunschweig | Brúnsvík | ブラウンシュヴァイク | Braunschweig | ბრაუნშვაიგი | Брауншвейг | ಬ್ರಾನ್ಜ್ವಿಕ್ | 브라운슈바이크 | Braunschweig | Брауншвейг | Braunschweig | Braunšveiga | Брауншвэйг | Braunschweig | Брауншвајг | Брауншвайг | ब्राउनश्वाइग | Braunschweig | Brunswick | Braunschweig | Bronswiek | Braunschweig | Brunswick | Брауншвейг | Brunsvique | Brunsvique | Braunschweig | Braunschweig | Braunschweig | බ්රෝන්ෂ්විග් | Braunschweig | Braunschweig | Braunshvajgi | Брауншвајг | Braunschweig | Braunschweig | Braunschweig | பிரான்ஷ்விக் | బ్రౌన్ స్వైగ్ | Брауншвейг | เบราน์ชไวค์ | Брауншвейг | Braunschweig | Braunshwéyg | Брауншвейг | برانشویگ | Braunschweig | Braunschweig | Braunschweig | Braunschweig | Braunschweig | 不伦瑞克 | ברוינשווייג | 布倫瑞克 | 不伦瑞克 | 不倫瑞克 | 賓士域 | 布倫瑞克
Q68618,Friedrich Blume,1893,1975,Schlüchtern | Schlüchtern | Шлюхтерн | Schlüchtern | Schlüchtern | Schlüchtern | Schlüchtern | Schlüchtern | Schlüchtern | Schlüchtern | Schlüchtern | Schlüchtern | Schlüchtern | Schlüchtern | Schlüchtern | Schlüchtern | Schlüchtern | Schlüchtern | Schlüchtern | Schlüchtern | Schlüchtern | Schlüchtern | Schlüchtern | Schlüchtern | Schlüchtern | شلوشترن | شلوشترن | اشلوشترن | Шлюхтэрн | Шлуьхтерн | Σλούχτερν | اشلوشترن | שליכטרן | シュリュヒテルン | Шлюхтерн | شليۋحتەرن | Шлюхтерн | Şlyuxtern | Schlüchtern | Шлүхтерн | Schlüchtern | Шлюхтэрн | Schlüchtern | Schlüchtern | Schlüchtern | Шлихтерн | Шлихтерн | Šlihtern | Шлюхтерн | Шлюхтерн | Schlüchtern | Schlüchtern | 施吕希滕 | 施吕希滕 | 施呂希滕 | 施呂希滕 | Schlüchtern | Schlüchtern | Schlüchtern
Q68586,Rudolph Dirks,1877,1968,Heide | Heide | Heide | Heide | Heide | Heide | Heide | Heide | Heide | Heide | Heide | Heide | Heide | Heide | Heide | Heide | Heide | Heide | Heide | Heide | Heide | Heid | 海德 | Heide | Heidė | Heide | Heide | Heide | Heide | Heide | Heide | Heide | Heide | Heide | Heide | Heide | Heide | Heide | Heide | Heide | Heide | Heide | Heide | Heide | Heide | Heide | Heide | Heide | Хайде | 하이데 | היידה | ハイデ | Heide | Хајде | Heide | Гайде | هايده | هایده | هایده | هايدة | Гайдэ (Гольштэйн) | Хайде (Гольштейн) | Хайде | حايدە | Хайде | Xaýde | Хайде | Heide | Хајде | Хайде (Гольштейн) | Хајде | Hajde | Хайде (Гольштейн) | 海德 (荷尔斯泰因) | 海德 (荷爾斯泰因)
Q68705,Eduard Seler,1849,1922,Krosno Odrzańskie | Кросна Аджаньске | Кросно Одренско | Krosno Odrzańskie | Кросно-Оджаньске | Krosno Odrzańskie (kapital sa powiat) | Krosno Odrzańskie | Krosno Odrzańskie | Krosno Odrzańskie | Krosno | Κρόσνο Οντζάνσκιε | Krosno Odrzańskie | Krosno ĉe la Odro | Krosno Odrzańskie | Krosno Odrzańskie | Krosno Odrzańskie | Krosno Odrzańskie | קרוסנו אורדז'נסקי | Krosno Odrzańskie | Krosno Odrzańskie | Կրոսնո Օդդժանսկիե | Krosno Odrzańskie | Krosno Odrzańskie | クロッセン | Krosno Odrzańskie | 크로스노오잔스키에 | Crosna | Krosno Održanskas | Krosno Odžaņske | Krosno Odrzańskie | Krosno Odrzańskie | Krosno Odrzańskie | Krosno Odrzańskie | Krosno Odrzańskie | Krosno Odrzańskie | Krosno Odrzańskie | Кросно-Оджаньске | Krosno Odrzańskie | Krosno Odrzańskie | Krosno Odrzańskie | Кросно Оджањскје | Krosno Odrzańskie | Uodrzańske Krosno | Krosno Odrzańskie | Кросно-Оджаньске | Кросно-Оджанське | Krosno Odrzańskie | Krosno Odrzańskie | 奧得河畔克羅斯諾 | 奥得河畔克罗斯诺 | 奥得河畔克罗斯诺 | 奧得河畔克羅斯諾 | 奧得河畔克羅斯諾 | 奥得河畔克罗斯诺 | 奧得河畔克羅斯諾
Q68753,Oscar Hertwig,1849,1922,"Фридберг | Friedberg | Friedberg | Friedberg | Friedberg | Fridberg | Friedberg | Friedberg | Friedberg | Friedberg | Friedberg | Friedberg | Friedberg | Friedberg | Friedberg | Friedberg | Friedberg | Friedberg | Friedberg | Friedberg | Friedberg | Friedberg | פרידברג | Friedberg | Friedberg | Friedberg | Friedberg | Friedberg | Friedberg | Friedberg | Friedberg | Friedberg | Friedberg | Friedberg | Friedberg | Friedberg | Friedberg | Friedberg | Friedberg | Friedberg | Friedberg | Friedberg | Friedberg | Friedberg | Friedberg | Friedberg | Friedberg | Friedberg | Friedberg | Friedberg | Friedberg | Friedberg | Friedberg | Friedberg | Фрыдберг | فریدبرگ | Friedberch | フリートベルク | فریدبرق | Friedberg | Фридберг | Фридберг | Фридберг | Фрідберг | Friedberg (Hessen) | فريدبرغ هسن | فريدبرج هسن | Friedberg (Hessen) | Friedberg (Hessen) | Фридберг | Фридберг | Friedberg (kapital sa distrito) | Friedberg (Hessen) | Friedberg (Hessen) | Friedberg (Hessen) | Φρίντμπεργκ | Friedberg (Hessen) | Friedberg (Hessen) | Friedberg (Hessen) | Friedberg (Hessen) | Friedberg (Hessen) | 프리트베르그 | Friedberg, Hessen | Friedberg (Hessen) | Friedberg (Hessen) | Fridbergas | Friedberg (Hessen) | Friedberg (Hessen) | Friedberg (Hessen) | Фридберг (Гессен) | Friedberg (Hessen) | Friedberg (Hessen) | Friedberg (Hessen) | Friedberg (Hessen) | Friedberg (Hessen) | Friedberg (Hessen) | Friedberg (Hessen) | Friedberg (Hessen) | Friedberg (Hessen) | 黑森州弗里德贝格 | 黑森州弗里德贝格 | 黑森州弗里德貝格 | 黑森州弗里德貝格 | Friedberg (Hessen)"
Q68140,Ferdinand Wüstenfeld,1808,1899,Hann. Münden | Hann. Münden | موندن | موندن | Hann. Münden | هان. موندن | Hann. Münden | Мюндэн | Ган. Мюндэн | Хан. Мюнден | Hann. Münden | Hann. Münden | Муьнден | Hann. Münden | Hann. Münden | Hannoversch Münden | Hann. Münden | Hann. Münden | Hann. Münden | Hann. Münden | Hann. Münden | Hann. Münden | Hann. Münden | Hann. Münden | Hannoversch Münden | Hann. Münden | Hann. Münden | Hannoversch Munden | هان. موندن | Hann. Münden | Hann. Münden | Hann. Münden | Hann. Münden | Hann. Münden | Hann. Münden | Hann. Münden | Hann. Münden | Hann. Münden | האן-מינדן | Hann. Münden | Hannoversch Münden | Հան Մյունդեն | Hann. Münden | Hann. Münden | Hann. Münden | Hann. Münden | Hann. Münden | Hann. Münden | ハン・ミュンデン | ჰანოვერშ-მიუნდენი | Hann. Münden | Ганн. Мюнден | گانن. ميۋندەن | گانن. ميۋندەن | Ганн. Мюнден | Ганн. Мюнден | Gann. Myunden | Gann. Myunden | 한뮌덴 | Hann. Münden | Ганн. Мюнден | Mundia Hannoverana | Hann. Münden | Hann. Münden | Hann. Münden | Hann. Münden | Ганн. Мюндэн | Hann. Münden | Hann. Münden | Хан. Минден | Hann. Münden | Hann. Münden | Hann. Münden | Hann. Münden | Hann. Münden | Hann. Münden | Hannoversch Münden | Hann. Münden | Hann. Münden | Hann. Münden | Hann. Münden | Hann. Münden | Hann. Münden | Hann. Münden | Hann. Münden | Hann. Münden | Ганн. Мюнден | Hann. Münden | Hann. Münden | Hann. Münden | Hann. Münden | Hann. Münden | Hannoversch Münden | Хан. Минден | Хан. Минден | Han. Minden | Hann. Münden | Hann. Münden | Ҳонн. Мунден | Hann. Münden | Мюнден | Hann. Münden | Ганноверш-Мюнден | Hann. Münden | Hann. Münden | Hann. Münden | Hann. Münden | Hann. Münden | Hann. Münden | Hann. Münden | Hann. Münden | 漢明登 | 漢明登 | 漢明登
Q68169,Friedrich Ludwig von Sckell,1750,1823,Weilburg | Weilburg | Weilburg | Weilburg | Weilburg | Weilburg | Weilburg | Weilburg | Weilburg | Weilburg | Weilburg | Weilburg | Weilburg | Weilburg | Weilburg | Weilburg | Weilburg | Weilburg | Weilburg | Weilburg | Weilburg | Weilburg | Weilburg | Weilburg | Weilburg | Weilburg | Weilburg | Weilburg | Weilburg | Weilburg | Weilburg | Weilburg | Weilburg | Weilburg | Weilburg | Weilburg | Weilburg | Weilburg | Weilburg | Weilburg | Weilburg | Weilburg | Weilburg | Weilburg | Weilburg | Weilburg | Weilburg | Weilburg | Weilburg | Weilburg | Weilburg | Weilburg | Weilburg | Weilburg | فايلبورغ | فايلبورج | Vaylburq | وایلبورق | Вайльбург | Вайлбург | Вайльбург | Βάιλμπουργκ | Weilburg | وایلبورگ | Weilburg | ויילבורג | Weilburg | ヴァイルブルク | Вайльбург | ۆايلبۋرگ | Вайльбург | Vaýlʹbwrg | 바일부르크 | Weilburg | Вайльбург | Weilburg | Weilborg | Вайльбург | Weilburg | Вајлбург | Вајлбург | Vajlburg | Weilburg | Вайльбург | Weilburg | Вайльбург | Weilburg | Weilburg | 魏爾堡 | 魏尔堡 | 魏爾堡 | 魏爾堡 | Weilbourg | Weilburg | Weilburg | Weilburg | Weilburg | Weilburg | Weilburg | Weilburg | Weilburg | Weilburg | Weilburg | Weilburg | Weilburg | Weilburg | Weilburg | Weilburg | Weilburg
Q72062,Paul Ludwig Landsberg,1901,1944,Bonn | Bonn | বন | Bonn | بون | Bonn | Bonn | Bonn | Bonn | 본 | Boni | Bona | בון | Bonn | Bona | Bonn | ボン | Bonn | Бонн | Бон | Бонн | Бонн | Бон | Бон | Бон | பான் | بون | Bonn | بون | Bonno | Bonn | Bonn | بن | Бонн | Bonna | 波恩 | Bonna | Bonn | Bonn | Bonn | Bonn | Bonn | Bonn | Bonn | Bonn | Bonn | Bonn | Bonn | Bonn | Bonn | Bonn | Bonn | Bonn | Bonn | Bonn | Bonn | Bonn | Bonn | Bonn | Bonn | Bonn | Bonn | Bonn | Bonn | Bonn | Bonn | Bonn | Bonn | Bonn | Bonn | Bonn | Bonn | Bonn | Bonn | Bonn | Bonn | Bonn | Bonn | Bonn | Bonn | Bonn | Bonn | Bonn | Bonn | Bonn | Bonn | Bonn | Bonn | Bonn | Bonn | Bonn | Bonn | Bonn | Bonn | Bonn | Bonn | Bonn | Bonn | Bonn | Bonn | Bonn | Bonn | Bonn | Bonn | Bonn | Bonn | Bonn | Bonn | Bonn | Bonn | Bonn | Bonn | Bonn | Bonn | Bonn | Bonn | Bonn | Bonn | Bonn | Bonn | Bonn | Bonn | Bonn | Bonn | Bonn | Bonn | Bonn | Bonn | Bonn | Bonn | Bonn | Bonn | Bonn | Bonn | Bonn | Bonn | 波恩 | Bonn | ബോൺ | ቦን | Bonceaster | بون (المانيا) | Бонн | བྷོ་ཨིན། | بۆن، ئەڵمانیا | Бонн | Βόννη | Bonn | بؤن | 𐌱𐌰𐌿𐌽𐌽 | બોન | बॉन | Բոնն | ბონი | Бонн | ಬಾನ್ನ್ | Бонн | Bonn | Бонн | Бон | Бонн | बॉन | बोन | Бонн | ਬੌਨ | بون | بون | Bonn | බොන | Бонн | Bonn | Bonn | Bonn | బొన్ | Бонн | บ็อน | Бонн | 波恩 | באן | 波恩 | 波恩 | 波昂
Q72074,Oskar Becker,1889,1964,Lipsia | Leipzig | Leipzig | ലീപ്സിഗ് | Leipzig | Leipzig | Lipcse | Лейпциг | Lipsko | Lipsko | Leipzig | Lipsk | Leipzig | Leipzig | Leypsiq | Лейпцыг | Ляйпцыг | Լայպցիգ | लेइपजिग | Leipzig | Leipzig | ߟߋߌߔߑߖ߭ߌߜ߭ | Leipzig | Leipzig | Лейпциг | ਲਾਈਪਸਿਸ਼ | Leipzig | Leipzig | Leipzig | Lipsia | لیپزش | Leipzig | Leipzig | Leipzig | Leipzig | Leipzig | Ліпско | Lipsia | Lipsia | Leipzig | ليپزگ | Leipzig | ලේයිප්සිග් | Leipzig | Lajpcigu | Лајпциг | Лајпциг | Leipzig | Leipzig | Leipzig | Lajpcik | லைப்சிக் | లేఇప్జిగ్ | Лейпзиг | ไลพ์ซิช | Leipzig | Leipzig | Лейпциг | Leipzig | Leipzig | Léypzig | لائپزش | Leipzig | Leipzig | Läipcig | Leipzig | Leipzig | Leipzig | Leipzig | Leipzig | Leipzig | 莱比锡 | ლაიფციგი | לייפציג | 萊比錫 | 莱比锡 | 莱比锡 | 莱比锡 | 萊比錫 | 萊比錫 | Leipzig | Лајпциг | Лейпциг | Leipzig | ላይፕጽግ | Leipzig | لايبزيغ | لايبتزج | Leipzig | لایپزیق | Лейпциг | Leipzig | Leipzig | Лайпциг | লাইপ্ৎসিশ | Leipzig | Leipzig | Leipzig | Лейпциг | Leipzig | لایپزیگ | Lipsia | Leyptsig | Leyptsig | Лейпциг | Leipzig | Leipzig | Leipzig | Leipzig | Leipzig | Lipsk | Λειψία | Leipzig | Leipzig | Leipzig | Leipzig | Leipzig | Leipzig | Leipzig | لایپزیگ | Leipzig | Leipzig | Leipzig | Leipzig | Leipzig | Leipzig | Leipzig | Leipzig | Leipzig | Leipzig | Leipzig | લેઇપઝિગ | Leipzig | Leipzig | Lipekika | לייפציג | लिपजिग | Leipzig | Lipsk | Լայփցիկ | Leipzig | Leipzig | Leipzig | Leipzig | Leipzig | ライプツィヒ | Leipzig | ლაიფციგი | Leipzig | Leipzig | Лейпциг | ಲೈಪ್ಜಿಗ್ | 라이프치히 | 라이프찌히 | Leipzig | Лейпциг | Lipsia | Leipzig | Leipzig | Leipzig | Leipzig | Leipzig | Lipsia | Leipcigas | Leipciga | 萊比錫 | Лэйпциг | Leipzig | Leipzig | Лайпциг | लाइपझिश | Leipzig | Leipzig | လိုက်ပဆစ်မြို့ | لایپتسیش | Leipzig | Leipzig | Lipsia | Leipzig | Leipzig | Leipzig
Q71881,Eberhard Schrader,1836,1908,ব্রঞ্চউইগ | Brunsvic | Брауншвейг | Braunschweig (kapital sa distrito) | براونشڤایگ | Braunschweig | Braunschweig | Braunschweig | Braunschweig | Braunschweig | Μπράουνσβαϊγκ | Braunschweig | Brunswick | Braunschweig | Braunschweig | Braunschweig | Brunswyk | Braunschweig | Braunschweig | બ્રૌન્ચવેગ | Braunschweig | Braunschweig | בראונשווייג | ब्रंजविक | Braunschweig | Braunschweig | Broenswiek | Braunschweig | براونشوایگ | Braunšveigas | Brunszwik | Brunswick | Brunswick | Brunsvicum | Brunswick | Brunsvigo | 不伦瑞克 | Brunswick | 不伦瑞克 | Brunswyk | Braunschweig | براونشفايغ | براونشفايج | Braunschweig | Braunşveyq | براونشوایق | Braunschweig | Браўншвайг | Браўншвайг | Брауншвайг | Brunswick | Braunschweig | Brunswick | Brunswick | Brunswick | Braunschweig | Braunschweig | Брауншвейг | Braunschweig | Brunšwik | Braunschweig | Բրաունշվայգ | Braunschweig | Braunschweig | Braunschweig | Braunschweig | Brúnsvík | ブラウンシュヴァイク | Braunschweig | ბრაუნშვაიგი | Брауншвейг | ಬ್ರಾನ್ಜ್ವಿಕ್ | 브라운슈바이크 | Braunschweig | Брауншвейг | Braunschweig | Braunšveiga | Брауншвэйг | Braunschweig | Брауншвајг | Брауншвайг | ब्राउनश्वाइग | Braunschweig | Brunswick | Braunschweig | Bronswiek | Braunschweig | Brunswick | Брауншвейг | Brunsvique | Brunsvique | Braunschweig | Braunschweig | Braunschweig | බ්රෝන්ෂ්විග් | Braunschweig | Braunschweig | Braunshvajgi | Брауншвајг | Braunschweig | Braunschweig | Braunschweig | பிரான்ஷ்விக் | బ్రౌన్ స్వైగ్ | Брауншвейг | เบราน์ชไวค์ | Брауншвейг | Braunschweig | Braunshwéyg | Брауншвейг | برانشویگ | Braunschweig | Braunschweig | Braunschweig | Braunschweig | Braunschweig | 不伦瑞克 | ברוינשווייג | 布倫瑞克 | 不伦瑞克 | 不倫瑞克 | 賓士域 | 布倫瑞克
Q74849,Alberto Mazzucato,1813,1877,Udine | Udine | Удине | Udine | Utinum | 우디네 | Удзінэ | Удынэ | Удине | Udine | Udine | Udine | אודינה | Udine | Ուդինե | Удине | Udine | Udine | Udine | Udine | Удине | Udine | Udine | Udine | Udine | Udine | Udine | Удине | Удине | Videm | Udine | أوديني | اودينى | Udine | Udine | اودینه | Udiné | Udine | Udine | Udine | Удине | Udine | Udine | Udine | Ούντινε | Udine | Udine | Udine | Údine | Udine | Udine | اودینه | Udine | Udin | Udine | Udine | Udine | Udine | Udine | Udine | Udine | Údíne | ウーディネ | უდინე | Удине | Udine | Udine | Udin | Udine | ອູດິເນ | Udinė | Udīne | Удинэ | उदिने | Udine | Udine | Udine | Udine | Udine | Udine | Udine | Удине | Udine | Ùdin | یوڈائن | Udine | Udine | ऊदीने | Ùdine | Udini | Udine | Udine | Udine | Udine | Udine | உடீன் | อูดีเน | Udine | Удіне | یوڈائن | Ùdine | Udine | 乌迪内 | 烏甸尼 | 烏迪內 | 乌迪内 | 乌迪内 | 烏迪內 | 烏甸尼
Q72070,Hedwig Lachmann,1865,1918,Слупск | Слупск | স্লা্পস্ক | Słupsk | Słupsk | Слупск | Słupsk | Słupsk | Stôłpsk | Słupsk | Słupsk | Słupsk | Słupsk | Σουούπσκ | Słupsk | Słupsk | Słupsk | Słupsk | Słupsk | سووپسک | Słupsk | Słupsk | Słupsk | સ્લુપ્સ્ક | Słupsk | Słupsk | שטולפ | सलउपस्क | Słupsk | Słupsk | Սլուպսկ | Słupsk | Słupsk | スウプスク | Słupsk | სლუპსკი | ಸ್ಲುಫ್ಸ್ಕ್ | 스웁스크 | Stolpe | Słupsk | Slupskas | Slupska | Слупск | Слупск | स्लाप्स | Słupsk | Słupsk | Słupsk | Słupsk | Stolp | Słupsk | Słupsk | Słupsk | Слупск | Słupsk | Słupsk | Слупск | Слупск | Słupsk | ස්ලප්ස්ක් | Słupsk | Słupsk | Слупск | Słupsk | Słupsk | சலமஸ்க் | సలుపఁస్క్ | สวุปสก์ | Słupsk | Слупск | Слупск | Слупськ | سلوپسک | Slupsk | Słupsk | Słupsk | 斯武普斯克 | 斯烏普斯克 | 斯武普斯克 | 斯武普斯克 | 斯武普斯克 | 斯武普斯克 | 斯武普斯克 | 斯武普斯克 | 斯武普斯克 | Słupsk | Słupsk | Słupsk | Słupsk | سووبسك | سووبسك | Słupsk | Slupsk | Слупск | Слупск
Q72054,Ilhami Emin,1931,2020,Радовиш | Radoviš | Radoviš | Radoviš | ラドヴィシュ | Радовиш | Radoviş | Радовиш | Radovisj | رادوفيتش | رادوفيتش | Radoviš | Радавіш | Радавіш | Ràdovix | Radovish (kapital sa rehiyon sa Macedonia) | Radoviš | Radoviš | Ράντοβις | Radoviš | Radoviš | Radoviš | رادوفیس | Radoviš | ראדוביש | Radoviš | Radoviš | Ռադովիշ | Radoviš | რადოვიში | Радовиш | 라도비시 | Radovišas | Радовиш | Радовиш | Radowisz | رادوفیس | Radoviš | Radoviš | Radoviš | Radoviš | Radovishti | Радовиш | Радовиш | Radoviš | Радовиш | Radovij | 拉多維什 | Radoviš
Q76702,Oswald von Nell-Breuning,1890,1991,Tréveris | Tréveris | Тревир | Treviri | Trier | ට්රයර් | Triri | Трир | Trier | Trier | டிராயர் | ట్రియెర్ | Трир | เทรียร์ | Trier | Trier | Трир | Trier | Трир | Трір | ٹرائر | Trier | Trevere | Trier | Trive | Trier | 特里尔 | טריער | 堤雅 | Trier | 特里尔 | 特里尔 | 特里尔 | 特里爾 | 特里爾 | 特里爾 | 特里尔 | 特里尔 | 特里爾 | Treviri | Trier | ട്രിയർ | Trier | Trier | Трир | Trèves | Trier | Trier | Trier | Trier | Trier | Trier | Trier | Trier | Trier | Trier | Trier | Trier | Trier | Trier | Trier | Trier | Trier | Trier | Trier | Trier | Trier | Trier | Trier | Trier | Trier | Trier | Trier | Trier | Trier | Trier | Trier | Trier | Trier | Treviro | ترير | ትሪር | Treveris | ترير | ترير | Tréveris | Trir | ترییر | Trier | Трыр | Трыр | Трир | ট্রিয়ের | Trier | Trèveris | Трир | Trier (munisipyo) | تریر | Treviri | Trevír | Трир | Trier | Τριρ | Trier | Tréveris | Treveris | ترییر | Trier | Trier | Trier | Tréveris | ટ્રાયર | Trier | טריר | ट्रीअर/ ट्रीअ | Trier | Թրիեր | Treveris | トリーア | ტრირი | Трир | ಟ್ರಯರ್ | 트리어 | Trier | Трир | Augusta Treverorum | Tréier | Trier | Trevir | Tryras | Trīre | Трир | ट्रायर | Trier | Trevèri | Трир | ਟਰਾਏਰ | Trewir | ٹریر
Q76389,Marianne Hold,1929,1994,Pisz | Pisz | Pisz | Пиш | Pisz | Pisz | Пиш | Піш | Pisz | 皮什 | 皮什 | 皮什 | 皮什 | Piša | פיש | Pisz | Pisz | Pisz | Πις | Піш | Пиш | Pisz | Pisz | Pisz | Pisz | Pisz | Pisz | Пиш | Пиш | Pisz | Pisz | Pisz | Pisz | Pisz | Pisz | Pisz | پیسز | Pisz | ピシュ | Pisz | Pisz | Pišas | Пиш | Pisz | Pisz
Q76410,Leopold Kronecker,1823,1891,Legnica | لغنيتسا | لجنيتسا | Legnica | لقنیتسا | Лягніца | Лягніца | Легница | লেগনিকা | Legnica | Легница | Legnica | Lehnice | Legnica | Legnica | Legnica | Legnica | Legnica | Legnica | Λεγκνίτσα | Legnica | Legnica | Legnica | Legnica | Legnica | Legnica | Legnica | لگنیتسا | Legnica | Legnica | Legnica | Liegnitz | લેગ્નિકા | Legnica | לגניצה | लेग्निका | Lěhnica | Legnica | Լեգնիցա | Legnica | Legnica | レグニツァ | Legnica | ლეგნიცა | ಲೆಗ್ನಿಕಾ | 레그니차 | Liegnitz | Lignitium | Legnica | Legņica | Лэгница | Легниц хот | लेंगणीका | Legnica | Legnica | Legnica | Legnica | Legnica | Legnica | Liegnitz | Legnica | Legnica | Legnica | Легницæ | Legnica | Legnica | Legnica | Legnica | Легница | Legnica | Legnica | ලේග්නිකා | Legnica | Legnica | Легњица | Legnica | Ligńica | லெஜினிகா | లెగ్నిక | ลักนิเซีย | ma tomo Lenkisa | Legnica | Легнитса | Легниця | لیجنیکا | Legnica | Legnica | 莱格尼察 | ლეგნიცა | 萊格尼察 | 萊格尼察 | 莱格尼察 | 莱格尼察 | 萊格尼察 | 萊格尼察 | 莱格尼察 | 萊格尼察 | Liegnz
Q76414,Ludwig Bemelmans,1898,1962,Merano | מראנו | Meran | Мерано | 梅拉诺 | 梅拉諾 | 梅拉諾 | Merano | メラーノ | Merano | ميرانو | Merano | مرانو | Meran | Мерана | Мэрана | Мерано | Merano | Meran | Мерано | Merano | مێرانۆ | Merano | Merano | Meran | Meran | Μεράνο | Merano | Merano | Meran | Merano | Merano vald | Meran | مرانو | Meran | Meran | Mérano | Merano | Merano | Meran | Merano | Մերանո | Մերանօ | Merano | Meran | Мерано | مەرانو | مەرانو | Мерано | Мерано | Merano | Merano | Meran | 메라노 | Merano | Meranum | Merano | Merano | Meranas | Мерано | Merano | Merano | Merano | Merano | Meran | Meran | Meran | Мерано | Meran | Meran | Merano | Merano | Merano | Merano | Мерано | Merano | Merano | Merano | Merano | Merano | Мерано | Мерано | Merano | Merano | Merano | Merano | Merano | Мерано | Meran | Merano | Meran | Merano | 梅拉诺 | מעראן | 梅拉诺 | 梅拉诺 | 梅拉諾 | 梅拉诺 | Merano
Q63995,Elisabeth Volkenrath,1919,1945,Świerzawa | Свјежава | Świerzawa | Śwjerzawa | Świerzawa | Чвежава | Швежава | Świerzawa | Свежава | Świerzawa | Świerzawa | Świerzawa | Świerzawa | Świerzawa | Świerzawa | Свяжава | Свежава | Świerzawa | Świerzawa | Świerzawa | Świerzawa | Świerzawa | Świerzawa | Svežava | Świerzawa | Świerzawa | Świerzawa
Q77442,Carl Joachim Friedrich,1901,1984,Leipcigas | Leipciga | 萊比錫 | Лэйпциг | Leipzig | Leipzig | Лайпциг | लाइपझिश | Leipzig | Leipzig | လိုက်ပဆစ်မြို့ | لایپتسیش | Leipzig | Leipzig | Lipsia | Leipzig | Leipzig | Leipzig | लेइपजिग | Leipzig | Leipzig | ߟߋߌߔߑߖ߭ߌߜ߭ | Leipzig | Leipzig | Лейпциг | ਲਾਈਪਸਿਸ਼ | Leipzig | Leipzig | Leipzig | Lipsia | لیپزش | Leipzig | Leipzig | Leipzig | Leipzig | Leipzig | Ліпско | Lipsia | Lipsia | Leipzig | ليپزگ | Leipzig | ලේයිප්සිග් | Leipzig | Lajpcigu | Лајпциг | Лајпциг | Leipzig | Leipzig | Leipzig | Lajpcik | லைப்சிக் | లేఇప్జిగ్ | Лейпзиг | ไลพ์ซิช | Leipzig | Leipzig | Лейпциг | Leipzig | Leipzig | Léypzig | لائپزش | Leipzig | Leipzig | Läipcig | Leipzig | Leipzig | Leipzig | Leipzig | Leipzig | Leipzig | 莱比锡 | ლაიფციგი | לייפציג | 萊比錫 | 莱比锡 | 莱比锡 | 莱比锡 | 萊比錫 | 萊比錫 | Leipzig | Lipsia | Leipzig | Leipzig | ലീപ്സിഗ് | Leipzig | Leipzig | Lipcse | Лейпциг | Lipsko | Lipsko | Leipzig | Lipsk | Leipzig | Leipzig | Leypsiq | Лейпцыг | Ляйпцыг | Լայպցիգ | Лајпциг | Лейпциг | Leipzig | ላይፕጽግ | Leipzig | لايبزيغ | لايبتزج | Leipzig | لایپزیق | Лейпциг | Leipzig | Leipzig | Лайпциг | লাইপ্ৎসিশ | Leipzig | Leipzig | Leipzig | Лейпциг | Leipzig | لایپزیگ | Lipsia | Leyptsig | Leyptsig | Лейпциг | Leipzig | Leipzig | Leipzig | Leipzig | Leipzig | Lipsk | Λειψία | Leipzig | Leipzig | Leipzig | Leipzig | Leipzig | Leipzig | Leipzig | لایپزیگ | Leipzig | Leipzig | Leipzig | Leipzig | Leipzig | Leipzig | Leipzig | Leipzig | Leipzig | Leipzig | Leipzig | લેઇપઝિગ | Leipzig | Leipzig | Lipekika | לייפציג | लिपजिग | Leipzig | Lipsk | Լայփցիկ | Leipzig | Leipzig | Leipzig | Leipzig | Leipzig | ライプツィヒ | Leipzig | ლაიფციგი | Leipzig | Leipzig | Лейпциг | ಲೈಪ್ಜಿಗ್ | 라이프치히 | 라이프찌히 | Leipzig | Лейпциг | Lipsia | Leipzig | Leipzig | Leipzig | Leipzig | Leipzig | Lipsia
Q72129,Ruth Berlau,1906,1974,Köbenhavn | Copenhagen | København | Kaupmannahöfn | Copenaghen | Kopenhagen | კოპენჰაგენი | Kopengagen | Kopenhagen | Kopɛnhaagɩ | Kopenhagen | Копенгаген | Копенгаген | ಕೋಪನ್ ಹ್ಯಾಗನ್ | 코펜하겐 | 쾨뻰하븐 | کوپَن ہیگن | Kopenhag | Копенгаген | Kopenhavn | Копенгаген | Hafnia | Kopenhage | Kopenhagen | Kobenhavn | Koupenhage | Copenaghen | Cupenaghen | کوپنهاگ | Kopenhaga | Kopenhaga | Kopenhāgena | 哥本哈根 | Копэнгавн | Kaopenagy | Copenhagen | Kopenhagen | Копенхаген | Копенхаген | कोपनहेगन | Kopenhagen | Copenhagen | Copeñaguen | ကိုပင်ဟေဂင်မြို့ | Копенгаген ош | کپنهاگن | Copenhagen | Copenague | Copenhagen | Copenaghen | Kopenhagen | Kopenhoaven | कोपनहेगन | कोपेनहेगन | København | Copèneĥague | Baandaʼiniihii Bitsinaaʼeeł Báhazʼání | Copenaga | Kopengagen | କୋପେନହେଗେନ | Копенгаген | ਕੋਪਨਹੈਗਨ | Kopenhage | Kopenhagen | Kopenhague | Kopenhagen | Copenhagen | Copenàghen | کوپن ہیگن | کوپنهاګن | Copenhaga | Copenhague | København | Copenhagen | Copenhagen | Copenhaga | Кодань | Copenhagen | कोपनहागन | Копенһаген | Copenaghen | Copenaghen | Colpenhaven | ڪوپن هيگن | Københápman | Kuopenhaga | Kopenhagen | කෝපන්හේගන් | Kodaň | København | Kööbenhaammân | Copenhagen | Kobanhaygan | Kopenhagen | Копенхаген | Copenhagen | Kopenhagen | Kopenhagen | Kopynhaga | Ke-pen-ha-ken | Copenhagen | Copenhague | København | Keypmannahavn | Copenhague | Kopenhagen | Kodaň | കോപ്പൻഹേഗൻ | Köpenhamn | קופנהגן | Kopenhaga | Kööpenhamina | コペンハーゲン | Copenhagen | کپنهاگ | Կոպենհագեն | Copenhagen | Kopenhagen | كوبنهاغن | København | Copenhaguen | København | København | Copenhagen | Копенхаген | Копенгаген | 哥本哈根 | Kopenhago | 哥本哈根 | Kopenhagen | Kopenhagen | ኮፐንሀገን | Copenaguen | Cēapmannhæfen | ܩܘܦܢܗܐܓܢ | كوپنهاڭن | كوبينهاجين | Copenḥague | Копенгаген | København | Kobenhavn | Kopenhagen | کوپینهاگ | Копенгаген | Kopenhagen | Copenhagen | Капенгаген | Капэнгаген | Kopenhagen | Copenhagen | কোপেনহেগেন | ཁོ་ཕེན་ཧ་ཀེན། | Kopenhagen | Kopenhagen | Копенһаген | Copenhague | Copenhagen | Копенгаген | کۆپنھاگن | Copenaghen | Kopenhagen | Kòpenhaga | Кобєнхавнъ | Копенгаген | Kopenhag | Kopenhagen | कोपनहेगन | Copenhagen | Κοπεγχάγη | Cupenàghen | Copenhagen | Copenhagen | Copenhagen | Kopenhaagen | Kopenhage | Copenagui | Kopenhuuwen | Kopenhagen | Cóbanhávan | Kopenhagen | Copenhagen | Copenhague | کؤپنهاگ | Kopenihage | 𐌺𐌰𐌿𐍀𐌰𐌼𐌰𐌽𐌽𐌴𐌷𐌰𐌱𐌽𐌰 | Copenhagen | Kopenhagen | કોપનહેગન | København | Kwapanhagan | Copenhagen | कोपनहेगन | Copenhagen | Kopenhagen | Kopenhagen | Kopènag | Koppenhága | Քոփընհակըն | Copenhagen | Kopenhagen | கோபனாவன் | కోపెన్హాగన్ | Копенҳаген | Копенҳаген | โคเปนเฮเกน | Kopengagen | Copenhagen | Kopenhaqen | Kopenhag | Копенһаген | Копенһаген | København | Копенгаген | Kopénhagén | Копенгаген | کوپن ہیگن | Kopengagen | Copenaghen | Kopengagen | Kopenhagen | København | Kopõnhaagõn | Copenhågue | Copenhagen | Kopenagen | 哥本哈根 | კოპენჰაგენი | קאפנהאגן | Copenhagen | 哥本哈根 | Kopenagen | 哥本哈根 | 哥本哈根 | 哥本哈根 | 哥本哈根 | i-Copenhagen
Q72115,Günther Enderlein,1872,1968,Leipzig | Leipzig | Leipzig | Leipzig | લેઇપઝિગ | Leipzig | Leipzig | Lipekika | לייפציג | लिपजिग | Leipzig | Lipsk | Լայփցիկ | Leipzig | Leipzig | Leipzig | Leipzig | Leipzig | ライプツィヒ | Leipzig | ლაიფციგი | Leipzig | Leipzig | Лейпциг | ಲೈಪ್ಜಿಗ್ | 라이프치히 | 라이프찌히 | Leipzig | Лейпциг | Lipsia | Leipzig | Leipzig | Leipzig | Leipzig | Leipzig | Lipsia | Leipcigas | Leipciga | 萊比錫 | Лэйпциг | Leipzig | Leipzig | Лайпциг | लाइपझिश | Leipzig | Leipzig | လိုက်ပဆစ်မြို့ | لایپتسیش | Leipzig | Leipzig | Lipsia | Leipzig | Leipzig | Leipzig | लेइपजिग | Leipzig | Leipzig | ߟߋߌߔߑߖ߭ߌߜ߭ | Leipzig | Leipzig | Лейпциг | ਲਾਈਪਸਿਸ਼ | Leipzig | Leipzig | Leipzig | Lipsia | لیپزش | Leipzig | Leipzig | Leipzig | Leipzig | Leipzig | Ліпско | Lipsia | Lipsia | Leipzig | ليپزگ | Leipzig | ලේයිප්සිග් | Leipzig | Lajpcigu | Лајпциг | Лајпциг | Leipzig | Leipzig | Leipzig | Lajpcik | லைப்சிக் | లేఇప్జిగ్ | Лейпзиг | ไลพ์ซิช | Leipzig | Leipzig | Лейпциг | Leipzig | Leipzig | Léypzig | لائپزش | Leipzig | Leipzig | Lipsia | Leipzig | Leipzig | ലീപ്സിഗ് | Leipzig | Leipzig | Lipcse | Лейпциг | Lipsko | Lipsko | Leipzig | Lipsk | Leipzig | Leipzig | Leypsiq | Лейпцыг | Ляйпцыг | Լայպցիգ | Лајпциг | Лейпциг | Leipzig | ላይፕጽግ | Leipzig | لايبزيغ | لايبتزج | Leipzig | لایپزیق | Лейпциг | Leipzig | Leipzig | Лайпциг | লাইপ্ৎসিশ | Leipzig | Leipzig | Leipzig | Лейпциг | Leipzig | لایپزیگ | Lipsia | Leyptsig | Leyptsig | Лейпциг | Leipzig | Leipzig | Leipzig | Leipzig | Leipzig | Lipsk | Λειψία | Leipzig | Leipzig | Leipzig | Leipzig | Leipzig | Leipzig | Leipzig | لایپزیگ | Leipzig | Leipzig | Leipzig | Leipzig | Leipzig | Leipzig | Leipzig | Läipcig | Leipzig | Leipzig | Leipzig | Leipzig | Leipzig | Leipzig | 莱比锡 | ლაიფციგი | לייפציג | 萊比錫 | 莱比锡 | 莱比锡 | 莱比锡 | 萊比錫 | 萊比錫 | Leipzig
Q72120,Heinrich Strack,1805,1880,Bückeburg | Bückeburg | Μπύκεμπουργκ | Bückeburg | Bückeburg | Bückeburg | Bückeburg | Bückeburg | Bückeburg | بوکبرگ | Bückeburg | Bückeburg | Bückeburg | Bückeburg | Bückeburg | Bückeburg | Bückeburg | Bückeburg | ביקבורג | Bückeburg | Bückeburg | Bückeburg | Bückeburg | Bückeburg | Bückeburg | Bückeburg | Bückeburg | ビュッケブルク | Bückeburg | Бюкебург | بيۋكەبۋرگ | بيۋكەبۋرگ | Бюкебург | Бюкебург | Byukebwrg | Byukebwrg | 뷔케부르크 | Bückeburg | Бюккебург | Bückeburg | Bückeburg | Bückeburg | Bückeburg | Bückeburg | Bückeburg | Бикебург | Bückeburg | Bückeburg | Bückeburg | Bückeborg | Bückeburg | Bückeburg | Bückeburg | Bückeburg | بيوكهبورغ | بيوكهبورج | Bückeburg | بوکهبورق | Bückeburg | Бюкебург | Bückeburg | Bückeburg | Bückeburg | Bückeburg | Bückeburg | Bückeburg | Bückeburg | Bückeburg | Bückeburg | Bückeburg | Bückeburg | Bückeburg | Bückeburg | Bückeburg | Bückeburg | Bückeburg | Bückeburg | Bückeburg | Bückeburg | Бюккебург | Bückeburg | Bückeburg | Bückeburg | Bückeburg | Bückeburg | Bückeburg | Бикебург | Бикебург | Bikeburg | Bückeburg | Bückeburg | Bückeburg | Bückeburg | Bückeburg | Бюккебург | Bückeburg | Bückeburg | Bückeburg | Bückeburg | Bückeburg | Bückeburg | Bückeburg | 比克堡 | 比克堡 | 比克堡 | 比克堡 | 比克堡 | 比克堡 | 比克堡 | Bückeburg
Q72153,Julius Fürst,1805,1873,Żerków | Żerków | Żerków | Żerków | Żerków | Żerków | Жеркув | Żerków | Жэркаў | Жеркув | Żerków | Żerków | Żerków | Żerków | ז'רקוב | Ժերկուվ | Żerków | Žerkova | Żerków | Żerków | Żerków | Żerków | Жерков | Żerkůw | Żerków | Жеркув | Жеркув | Żerków | Żerków | 熱爾庫夫 | 热尔库夫
Q72476,Carl Andreas Koefoed,1855,1948,Skanderborg | Skanderborg | Skanderborg | Сканнерборг | Skanderborg | Skanderborg | Skanderborg | Skanderborg | Skanderborg | Skanderborg | Skanderborg | Skanderborg | Skanderborg | Skanderborg | Skanderborg | Skanderborg | Skanderborg | Skanderborg | Skanderborg | Skanderborg | Skanderborg | Skanderborg | Skanderborg | Skanderborg | Skanderborg | Skanderborg | Skanderborg | Skanderborg | Skanderborg | Сканеборг | Скандерборг | اسکندربرگ | Skanderborg kommuna | סקנדרבורג | Scanderburgum | Skanderborgas | Skanderborg | Kommun Skanderborg | Скандерборг | Сканнерборг | 斯坎訥堡 | 斯坎讷堡自治市 | 斯坎訥堡自治市
Q72145,Manuel Joël,1826,1890,Międzychód | Międzychód | Międzychód | Мендзыхуд | Międzychód | בירנבאום | Międzychód | Międzychód | Międzychód | Мяндзыхуд | Мендзиход | Мендзыхуд | Międzychód (kapital sa powiat) | Międzychód | Międzychód | Międzychód | Μιεντζίχουτ | Międzychód | Międzychód | میندزیخوت | Międzychód | Międzychód | ミェンジフト | Międzychód | Mendzihoda | Międzychód | Międzychód | Międzychód | Międzychód | Międzychód | Мјендзиход | Międzychód | Mjyndzychůd | Międzychód | Мендзыхуд | Мендзихуд | Międzychód | 緬濟胡德 | 缅济胡德 | 缅济胡德 | 緬濟胡德 | 緬濟胡德
Q74543,Max Lingner,1888,1959,Leipzig | Leipzig | لایپزیگ | Leipzig | Leipzig | Leipzig | Leipzig | Leipzig | Leipzig | Leipzig | Leipzig | Leipzig | Leipzig | Leipzig | લેઇપઝિગ | Leipzig | Leipzig | Lipekika | לייפציג | लिपजिग | Leipzig | Lipsk | Լայփցիկ | Leipzig | Leipzig | Leipzig | Leipzig | Leipzig | ライプツィヒ | Leipzig | ლაიფციგი | Leipzig | Leipzig | Лейпциг | ಲೈಪ್ಜಿಗ್ | 라이프치히 | 라이프찌히 | Leipzig | Лейпциг | Lipsia | Leipzig | Leipzig | Leipzig | Leipzig | Leipzig | Lipsia | Leipcigas | Leipciga | 萊比錫 | Лэйпциг | Leipzig | Leipzig | Лайпциг | लाइपझिश | Leipzig | Leipzig | လိုက်ပဆစ်မြို့ | لایپتسیش | Leipzig | Leipzig | Lipsia | Leipzig | Leipzig | Leipzig | लेइपजिग | Leipzig | Leipzig | ߟߋߌߔߑߖ߭ߌߜ߭ | Leipzig | Leipzig | Лейпциг | ਲਾਈਪਸਿਸ਼ | Leipzig | Leipzig | Leipzig | Lipsia | لیپزش | Leipzig | Leipzig | Leipzig | Leipzig | Leipzig | Ліпско | Lipsia | Lipsia | Leipzig | ليپزگ | Leipzig | ලේයිප්සිග් | Leipzig | Lajpcigu | Лајпциг | Лајпциг | Leipzig | Leipzig | Leipzig | Lajpcik | லைப்சிக் | లేఇప్జిగ్ | Лейпзиг | ไลพ์ซิช | Leipzig | Leipzig | Лейпциг | Leipzig | Leipzig | Léypzig | لائپزش | Leipzig | Leipzig | Läipcig | Leipzig | Leipzig | Leipzig | Leipzig | Leipzig | Leipzig | 莱比锡 | ლაიფციგი | לייפציג | 萊比錫 | 莱比锡 | 莱比锡 | 莱比锡 | 萊比錫 | 萊比錫 | Leipzig | Lipsia | Leipzig | Leipzig | ലീപ്സിഗ് | Leipzig | Leipzig | Lipcse | Лейпциг | Lipsko | Lipsko | Leipzig | Lipsk | Leipzig | Leipzig | Leypsiq | Лейпцыг | Ляйпцыг | Լայպցիգ | Лајпциг | Лейпциг | Leipzig | ላይፕጽግ | Leipzig | لايبزيغ | لايبتزج | Leipzig | لایپزیق | Лейпциг | Leipzig | Leipzig | Лайпциг | লাইপ্ৎসিশ | Leipzig | Leipzig | Leipzig | Лейпциг | Leipzig | لایپزیگ | Lipsia | Leyptsig | Leyptsig | Лейпциг | Leipzig | Leipzig | Leipzig | Leipzig | Leipzig | Lipsk | Λειψία | Leipzig | Leipzig | Leipzig | Leipzig | Leipzig
Q74927,Margit Nünke,1930,2015,Stettino | Szczecin | Stettin | Szczecin | Štětín | Szczecin | Szczecin | Szczecin | Szczecin | Szczecin | Szczecin | Szczecin | シュチェチン | 什切青 | Szczecin | Szczecin | Stettin | Stettin | Stettin | Stettin | Stettin | Stettin | Stettin | Stettin | Stettin | Stettin | Stettin | Szczecin | ሽጨቺን | شتشيتشين | شتتين | Szczecin | Szczecin | Şetsin | شچچین | Szczecin | Шчэцін | Шчэцін | Шчечин | স্টাজিন | Szczecin | Szczecin | Щецин | شچێچین | Şçetsin | Şçetsin | Szczecëno | Szczecin | Szczecin | Szczecin | Στσέτσιν | Szczecin | Szczecin | Szczecin | Szczecin | Szczecin | شچچین | Szczecin | Szczecin | શ્ટેચિન | Szczecin | Sṳ̍p-chhiet-chhiâng | שצ'צ'ין | श्टेटीन | Szczecin | Šćećin | Շչեցին | Szczecin | Szczecin | Szczecin | Szczecin | Szczecin | შჩეცინი | Щецин | Szczecin | ಸ್ಟೆಟ್ಟಿನ್ | 슈체친 | Stettinum | Szczecin | Stetin | Ščecinas | Ščecina | Щечин | Щецин | Szczecin | Шчеќин | Шчецин | Шчецин | श्टेचिन | Szczecin | Szczecin | Щецин ош | Szczecin | Szczecin | Szczecin | Szczecin | Szczecin | Estettin | Szczecin | Щецин | ششیچن | شچېچېن | Estetino | Estetino | Szczecin | Szczecin | Щецин | Щецин | Szczecin | Szczecin | Szczecin | Шчећин | සෙසින් | Štetín | Szczecin | Szczecin | Шчећин | Szczecin | Szczecin | Sztetin | ஸ்செசின் | స్జేచిన్ | Szczecin | Штеттин | ชแชตชิน | Szczecin | ma tomo Sesin | Szczecin | Щецин | Шӵечин | Shchétsin | Щецин | شٹیچین | Shchetsin | Stetin | Ščecin | Szczecin | Szczecin | Szczecin | 什切青 | შჩეცინი | שטעטין | 舒車前 | 什切青 | 什切青 | 什切青
Q78195,Walter Biemel,1918,2015,Belgrado | Belgrado | Belehrad | Bělehrad | Belgrade | ബെൽഗ്രേഡ് | Belgrad | בלגרד | Belgrad | Belgrade | ベオグラード | 贝尔格莱德 | Belgrado | Belgrado | Белград | Beograd | Белград | Београд | Белград | Belgrado | Бялград | Բելգրադ | Белград | Београд | Belgrad | Belgrad | Belgrad | Belgrad | Belgrad | Belgrad | Belgrad | Belgrad | Belgrad | Belgrad | Belgrad | Belgrad | Belgrad | Belgrad | Belgrad | Belgrad | Belgrad | Belgrad | Белград | بلگراد | Белград | Belgrade | Belgrade | 贝尔格莱德 | بلگراد | 貝爾格勒 | 貝爾格勒 | Beograd | Beograd | Beograd | Beograd | Beograd | Beograd | Beograd | Beograd | Beograd | Beograd | Beograd | Beograd | Beograd | Белград | Belgrade | Белград | Belgrado | በልግራድ | Belgrado | Hwītburg | بلغراد | بلڭراد | بلجراد | Belgráu | Белград | Beograd | Belqrad | بلقراد | Белград | Beograd | Belgrade | Бялград | Bèlgrado | বেলগ্রেড | བེལ་གེ་རེ་ཌི། | Beograd | Белград | Belgrado | Belgrade | بێلگراد | Belgradu | Belgrad | Belgrad | Belgrad | Бѣлъ Градъ · Срьбїи | Белград | Belgrad | Běłogrod | Βελιγράδι | Belgrade | Belgrade | Beogrado | Belgradu | Beograd | Bèlgrade | Belgrad | Belgrât | Belgrado | Béalgrád | Belgrad | Belgrade | Belgrado | Belyrat | બેલગ્રેડ | Belgraaid | Belgrade | बॅलग्रेड | Belgrade | Běłohród | Bèlgrad | Belgrád | Պելկրատ | Belgrade | Beograd | ბელგრადი | Belgrad | Belgrad | Beograd | Белград | Белград | ಬೆಲ್ಗ್ರೇಡ್ | 베오그라드 | Belgrad | Белград | Beograd | Белград | Belgradum | Belogrado | Beograd | Belgrado | Belgraddo | Belgrad | Belgrad | ແບນເກຣດ | بلگراد | Belgradas | Belgrada | 貝爾格勒 | Бэоград | Belgrade | Белград | बेलग्रेड | Belgrade | Belgrad | Белград ош | Belgrad | Belgrado | Be̍h-o͘-gô-la̍t | बेल्ग्रेड | Beograd | Bineʼ Naʼadziʼiiłgaaí | Belgrad | Белград | ਬੈਲਗ੍ਰਾਦ | Belgrado | Belgrade | Belgrade | بلغراد | بلګراډ | Belgrado | Beograd | Belgrade | Белеград | Biligrad | Белград | Belgrado | Belgradu | Belgrade | بلغراد | Belgrad | Belgrads | බෙල්ග්රේඩ් | Belgrade | Belgrade | Belgaraad | Beogradi | Beograd | Belgrad | பெல்கிறேட் | బెల్గ్రేడ్ | Белград | Белград | เบลเกรด | Belgrad | Belgrade | Belqrad | Belgrade | Beograd | Белград | بېلگراد | بېلگراد | Bélgrad | بلغراد | Belgrad | Belgrado | Belgrad | Belgrado | Belgrad | Belgrade | 贝尔格莱德 | ბელგრადი | בעלגראד | Belgrade | 貝爾格萊德 | Belgrado | 贝尔格莱德 | 貝爾格萊德 | 貝爾格萊德 | 贝尔格莱德 | 贝尔格莱德 | i-Belgrade
Q74580,Christian Georg Schmorl,1861,1932,Mohilno | Mügeln | Mügeln | Mügeln | Mügeln | Mügeln | Mīgelne | Мигелн | Mügeln | Mügeln | Mügeln | Mügeln | Mügeln | Mügeln | Мюгельн | Mügeln | Mügeln | Мигелн | Mügeln | Мюгельн | Mügeln | Мюгельн | Mügeln | Mügeln | Mügeln | Mügeln | 米格尔恩 | موغلن | موجلن | Mügeln | موقلن | Мюгельн | Mügeln | Муьгельн | Mügeln | Mügeln | Mügeln | Mügeln | Mügeln | Mügeln | Mügeln | Mügeln | Mügeln | موگلن | Mügeln | Mügeln | Mügeln
Q74595,Franz König,1832,1910,Rotenburg an der Fulda | Rotenburg an der Fulda | روتنبورغ أن در فولدا | روتنبورج ان در فولدا | Rotenburg an der Fulda | روتنبورق آن در فولدا | Rotenburg an der Fulda | Ротэнбург-на-Фульдзе | Ротенбург на Фулда | Rotenburg an der Fulda | Rotenburg an der Fulda | Ротенбург-ан-дер-Фульда | Rotenburg an der Fulda | Rotenburg an der Fulda | Rotenburg an der Fulda | Rotenburg an der Fulda | Rotenburg an der Fulda | Rotenburg an der Fulda | Rotenburg an der Fulda | Rotenburg an der Fulda | Ρότενμπουργκ αν ντερ Φούλντα | Rotenburg an der Fulda | Rotenburg an der Fulda | Rotenburg an der Fulda | Rotenburg an der Fulda | Rotenburg del Fulda | Rotenburg an der Fulda | Rotenburg an der Fulda | روتنبورگ آن در فولدا | Rotenburg an der Fulda | Rotenburg an der Fulda | Rotenburg an der Fulda | Rotenburg an der Fulda | Rotenburg an der Fulda | Rotenburg an der Fulda | Rotenburg an der Fulda | Rotenburg an der Fulda | רוטנבורג אן דר פולדה | Rotenburg an der Fulda | Rotenburg a.d. Fulda | Ռոտենբուրգ ան դեր Ֆուլդա | Rotenburg an der Fulda | Rotenburg an der Fulda | Rotenburg an der Fulda | Rotenburg an der Fulda | Rotenburg an der Fulda | Rotenburg an der Fulda | ローテンブルク・アン・デア・フルダ | Rotenburg an der Fulda | Ротенбург-на-Фульде | روتەنبۋرگ-نا-فۋلدە | Ротенбург-на-Фульде | Rotenbwrg-na-Fwlʹde | Rotenburg an der Fulda | Фульдедеги Ротенбург | Rotenburg an der Fulda | Rotenburg an der Fulda | Rotenburg an der Fulda | Rotenburg an der Fulda | Rotenburg an der Fulda | Rotenburg an der Fulda | Rotenburg an der Fulda | Rotenburg an der Fulda | Rotenburg an der Fulda | Rotenburg an der Fulda | Rotenburg an der Fulda | Rotenburg an der Fulda | Rotenburg an der Fulda | Rotenburg an der Fulda | Rotenburg an der Fulda | Rotenburg an der Fulda | Rotenburg an der Fulda | Rotenburg an der Fulda | Rotenburg an der Fulda | Rotenburg an der Fulda | Rotenburg an der Fulda | Rotenburg an der Fulda | Ротенбург-ан-дер-Фульда | Rotenburg an der Fulda | Rotenburg an der Fulda | Rotenburg an der Fulda | Rotenburg an der Fulda | Rotenburg an der Fulda | Rotenburg an der Fulda | Ротенбург ан дер Фулда | Ротенбург ан дер Фулда | Rotenburg an der Fulda | Rotenburg an der Fulda | Rotenburg an der Fulda | Ротенбург-ан-дер-Фульда | Rotenburg an der Fulda | Ротенбург-на-Фульді | Rotenburg an der Fulda | Rotenburg an der Fulda | Rotenburg an der Fulda | Rotenburg an der Fulda | Rotenburg an der Fulda | Rotenburg an der Fulda | Rotenburg an der Fulda | Rotenburg an der Fulda | 富尔达河畔罗滕堡 | 富爾達河畔羅滕堡 | Rotenburg an der Fulda
Q78178,Ernst von Rebeur-Paschwitz,1861,1895,فرانکفورت | Франкфурт | Франкфурт-на-Одере | فرانكفورت | Φρανκφούρτη | 프랑크푸르트 | Франкфурт | فرینکفرٹ | Frankfurt | Frankfurt (Oder) | Frankfurt (Oder) | Frankfurt (Oder) | Frankfurt (Oder) | Frankfurt (Oder) | Frankfurt (Oder) | Frankfurt (Oder) | فرانكفورت على أودر | Frankfurt (Oder) | Frankfurt-na-Oder | Одерҙағы Франкфурт | Frankfurt an da Oder | Франкфурт-на-Одэры | Франкфурт-на-Одры | Франкфурт на Одер | Frankfurt (Oder) | Frankfurt de l'Oder | Одер-тӀера-Франкфурт | Francuforte su l'Oder | Frankfurt nad Odrou | Frankfurt an der Oder | Frankfurt (Oder) | Frankfurt (Oder) | Frankfurt (Oder) | Frankfurt (Oder) | Frankobrod-Odra | Frankfurt (Oder) | Frankfurt (Oder) | Frankfurto ĉe Odro | Fráncfort del Óder | Frankfurt Oderi ääres | Frankfurt Oder | Frankfurt (Oder) | Francfort-sur-l'Oder | Frankfurt (Oder) | Frankfurt (Oder) | Frankfurt (Oder) | Frankfurt oan de Oder | Frankfurt (Oder) | Frankfurt (Oder) | Frankfurt (Oder) | Frankfurt (Oder) | Frankfurt (Oder) | פרנקפורט על האודר | Frankfurt na Odri | Frankobrod nad Wódru | Frankfurt (Oder) | Օդերի Ֆրանկֆուրտ | Frankfurt (Oder) | Frankfurt an der Oder | Frankfurt (Oder) | Frankfurt (Oder) | Frankfurt (Oder) | Francoforte sull'Oder | フランクフルト・アン・デア・オーダー | Frankfurt an der Oder | ოდერის ფრანკფურტი | Frankfurt (Oder) | Frankfurt (Oder) | Francofortum ad Oderam | Frankfurt (Oder) | Frankfurt (Oder) | Frankfurt (Oder) | Frankfurt (Oder) | Frankfurtas prie Oderio | Frankfurte pie Oderas | Frankfurt (Oder) | Frankfurt (Oder) | Франкфурт на Одра | Frankfurt an der Oder | Frankfurt (Oder) | Frankfurt (Oder) | Frankfort an de Oder | Frankfurt (Oder) | Frankfort aan de Oder | Frankfurt an der Oder | Frankfurt (Oder) | Frankfurt (Oder) | Frankfurt (Oder) | Frankfurt nad Odrą | Frankfurt (Oder) | Frankfurt an der Oder | Frankfurt an der Oder | Frankfurt (Oder) | Francuforte subra s'Oder | Frankfurt (Oder) | Frankfurt (Oder) | Frankfurt nad Odrou | Frankfurt ob Odri | Франкфурт на Одри | Frankfurt (Oder) | Frankfurt an der Oder | Frankfurt (Oder) | Frankfurt (Oder) | Francfort del Oder | Франкфурт-ам-Одер | Франкфурт-на-Одері | Frankfurt (Oder) | Francoforte de l'Oder | Frankfurt (Oder) | Frankfurt (Oder) | Frankfurt len Oder | Frankfurt (Oder) | Frankfurt (Oder) | Frankfurt (Oder) | 奥得河畔法兰克福 | ოდერიშ ფრანკფურტი | פראנקפורט אן דער אדער | 奧德河畔法蘭克福 | 奥得河畔法兰克福 | 奧得河畔法蘭克福 | Frankfurt (Oder) | Frankfurt (Oder)
Q74924,Christian Egenolff,1502,1555,Hadamar | Hadamar | Hadamar | Хадамар | Hadamar | Hadamar | Hadamar | Hadamar | Hadamar | Hadamar | Hadamar | Hadamar | Hadamar | Hadamar | Hadamar | Hadamar | Hadamar | Hadamar | Hadamar | Hadamar | Hadamar | Hadamar | Hadamar | Hadamar | Hadamar | Hadamar | Hadamar | Hadamar | Hadamar | Hadamar | Hadamar | Hadamar | Hadamar | Hadamar | Hadamar | Hadamar | Hadamar | Hadamar | Hadamar | Hadamar | Hadamar | Hadamar | Hadamar | Hadamar | Hadamar | Hadamar | Hadamar | Hadamar | Hadamar | Hadamar | Hadamar | Hadamar | Hadamar | Hadamar | Hadamar | Hadamar | Hadamar | Hadamar | Hadamar | Hadamar | Hadamar | Hadamar | Hadamar | Hadamar | Hadamar | Hadamar | Hadamar | Hadamar | Hadamar | Hadamar | Hadamar | Hadamar | Hadamar | Hadamar | Χάνταμαρ | هادامار | هادمار | Hadamar | هادامار | Хадамар | Хадамар | Хадамар | هادامار | Hadamar | Hadamar | ハーダマル | Hadamar | Hadamar | Hadamar | Хадамар | Хадамар | Hadamar | Хадамар | Hadamar | Гадамар | Hadamar | Hadamar | 哈达马尔 | 哈达马尔 | 哈達馬爾 | 哈達馬爾
Q72347,Haldun Boysan,1958,2020,Ankara | Ankara | Ankara | Ankara | അങ്കാറ | אנקרה | Ankara | Ankara | Ankara | Ankara | Ankara | Անկարա | Ankara | Ankara | Ankara | Ancara | Ankara | Ankara | Ankara | Ankara | Ankara | Ankara | Ankara | Ankara | Ankara | Анкара | Ankara | Ankara | Анқара | Анкара | Ankara | ಅಂಕಾರಾ | 앙카라 | Анкара | انکارا | Enqere | Анкара | Анкара | Ankara | Ankara | Ancara | Ankara | Ankara | Ankara | Ankara | ອັງກາລາ | آستون آنکارا | Ankara | Ankara | अङ्कारा | Анкара | Ankara | Анкара | Anakara | Ankara | Анкара | अंकारा | Ankara | Ankara | အန်ကာရာမြို့ | Анкара ош | آنکارا | Ancara | Ankara | अंकारा | Ankara | Ankara | ߊ߲ߞߙߊ߫ | Tséłbáí Dah Yiskʼid | Ankara | Ankara | ଆଙ୍କାରା | Ankara | Ankara | Ankara | Ankara | Ankara | انقرا | انقره | Ankara | Ankara | Ankara | Ankara | Ankara | Анкара | Ancara | Ankara | Анкара | Ankara | Ankara | انقره | Ankara | Ankara | Ankara | ඇන්කාරා | Анкара | Ankara | Ankara | Ankara | Ankara | Ankara | Ankara | Ankara | Ankara | Ankara | Ankara | Анкара | Анкара | Ankara | Ancyra | Άγκυρα | 安卡拉 | أنقرة | アンカラ | Ankara | Анкара | Анкара | ܐܢܩܪܐ | Анкара | Анкара | Ankara | Ankara | Ankara | Анкара | Ankara | Anqara | Ankara | Ankara | Ankara | Անգարա | ანკარა | Анкъара | Анкара | Анкара | Ankara | Ankara | Анкара | Ancara | Ancara | Ankara | Ankara | Ankara | Ankara | Ankara | อังการา | अंकारा | ਅੰਕਾਰਾ | Анкара | Ankara | Анкара | Ankara | አንካራ | Ankara | Ancyra | أنقارا | انقره | Ankara | Анкара | Ankara | Ankara | آنکارا | Анҡара | Ankara | Ankara | Анкара | Angkarah | Angkara | ဝေင်ꩻအန်ကာရာ | Ankara | আঙ্কারা | ཨན་ཁ་ར། | Анкара | Ankara | Ankara | Ăng-kā-lá | Анкара | Ankara | ئەنقەرە | Ankara | Ankara | Ankara | Анкара | Ankara | Ankara | Ankara | Ankaro | Ankara | Ankara | آنکارا | Ankara | Ankara | Ankara | Ankara | Ankara | Ankara | Ankara | Ankara | Ankara | Ancara | Ancara | آنکارا | Ankara | અંકારા | Accra | Ankara | Ankara | Ankara | Ankara | Ankara | Ankara | An-ka-la | அங்காரா | అంకారా | Ankara | Анкара | Анкара | Ankara | Ankara | Әнкара | Әнкара | Ankara | Ankara | Анкара | Enqere | انقرہ | Anqara | Angora | Ankar | Ankara | Ankara | Ankara | 安卡拉 | ანკარა | אנקארא | Ankara | 安卡拉 | Ankara | 安卡拉 | 安卡拉 | 安卡拉 | 安卡拉 | 安卡拉 | 安卡拉 | 安卡拉 | 安卡拉 | i-Ankara
Q72626,Erwin Madelung,1881,1972,Bonn | Bonn | বন | Bonn | بون | Bonn | Bonn | Bonn | Bonn | 본 | Boni | Bona | בון | Bonn | Bona | Bonn | ボン | Bonn | Бонн | Бон | Бонн | Бонн | Бон | Бон | Бон | பான் | بون | Bonn | بون | Bonno | Bonn | Bonn | بن | Бонн | Bonna | 波恩 | Bonna | Bonn | Bonn | Bonn | Bonn | Bonn | Bonn | Bonn | Bonn | Bonn | Bonn | Bonn | Bonn | Bonn | Bonn | Bonn | Bonn | Bonn | Bonn | Bonn | Bonn | Bonn | Bonn | Bonn | Bonn | Bonn | Bonn | Bonn | Bonn | Bonn | Bonn | Bonn | Bonn | Bonn | Bonn | Bonn | Bonn | Bonn | Bonn | Bonn | Bonn | Bonn | Bonn | Bonn | Bonn | Bonn | Bonn | Bonn | Bonn | Bonn | Bonn | Bonn | Bonn | Bonn | Bonn | Bonn | Bonn | Bonn | Bonn | Bonn | Bonn | Bonn | Bonn | Bonn | Bonn | Bonn | Bonn | Bonn | Bonn | Bonn | Bonn | Bonn | Bonn | Bonn | Bonn | Bonn | Bonn | Bonn | Bonn | Bonn | Bonn | Bonn | Bonn | Bonn | Bonn | Bonn | Bonn | Bonn | Bonn | Bonn | Bonn | Bonn | Bonn | Bonn | Bonn | Bonn | Bonn | Bonn | Bonn | Bonn | 波恩 | Bonn | ബോൺ | ቦን | Bonceaster | بون (المانيا) | Бонн | བྷོ་ཨིན། | بۆن، ئەڵمانیا | Бонн | Βόννη | Bonn | بؤن | 𐌱𐌰𐌿𐌽𐌽 | બોન | बॉन | Բոնն | ბონი | Бонн | ಬಾನ್ನ್ | Бонн | Bonn | Бонн | Бон | Бонн | बॉन | बोन | Бонн | ਬੌਨ | بون | بون | Bonn | බොන | Бонн | Bonn | Bonn | Bonn | బొన్ | Бонн | บ็อน | Бонн | 波恩 | באן | 波恩 | 波恩 | 波昂
Q73172,Hans Freyer,1887,1969,Lipsia | Leipzig | Leipzig | ലീപ്സിഗ് | Leipzig | Leipzig | Lipcse | Лейпциг | Lipsko | Lipsko | Leipzig | Lipsk | Leipzig | Leipzig | Leypsiq | Лейпцыг | Ляйпцыг | Լայպցիգ | Лајпциг | Лейпциг | Leipzig | ላይፕጽግ | Leipzig | لايبزيغ | لايبتزج | Leipzig | لایپزیق | Лейпциг | Leipzig | Leipzig | Лайпциг | লাইপ্ৎসিশ | Leipzig | Leipzig | Leipzig | Лейпциг | Leipzig | لایپزیگ | Lipsia | Leyptsig | Leyptsig | Лейпциг | Leipzig | Leipzig | Leipzig | Leipzig | Leipzig | Lipsk | Λειψία | Leipzig | Leipzig | Leipzig | Leipzig | Leipzig | Leipzig | Leipzig | لایپزیگ | Leipzig | Leipzig | Leipzig | Leipzig | Leipzig | Leipzig | Leipzig | Leipzig | Leipzig | Leipzig | Leipzig | લેઇપઝિગ | Leipzig | Leipzig | Lipekika | לייפציג | लिपजिग | Leipzig | Lipsk | Լայփցիկ | Leipzig | Leipzig | Leipzig | Leipzig | Leipzig | ライプツィヒ | Leipzig | ლაიფციგი | Leipzig | Leipzig | Лейпциг | ಲೈಪ್ಜಿಗ್ | 라이프치히 | 라이프찌히 | Leipzig | Лейпциг | Lipsia | Leipzig | Leipzig | Leipzig | Leipzig | Leipzig | Lipsia | Leipcigas | Leipciga | 萊比錫 | Лэйпциг | Leipzig | Leipzig | Лайпциг | लाइपझिश | Leipzig | Leipzig | လိုက်ပဆစ်မြို့ | لایپتسیش | Leipzig | Leipzig | Lipsia | Leipzig | Leipzig | Leipzig | लेइपजिग | Leipzig | Leipzig | ߟߋߌߔߑߖ߭ߌߜ߭ | Leipzig | Leipzig | Лейпциг | ਲਾਈਪਸਿਸ਼ | Leipzig | Leipzig | Leipzig | Lipsia | لیپزش | Leipzig | Leipzig | Leipzig | Leipzig | Leipzig | Ліпско | Lipsia | Lipsia | Leipzig | ليپزگ | Leipzig | ලේයිප්සිග් | Leipzig | Lajpcigu | Лајпциг | Лајпциг | Leipzig | Leipzig | Leipzig | Lajpcik | லைப்சிக் | లేఇప్జిగ్ | Лейпзиг | ไลพ์ซิช | Leipzig | Leipzig | Лейпциг | Leipzig | Leipzig | Léypzig | لائپزش | Leipzig | Leipzig | Läipcig | Leipzig | Leipzig | Leipzig | Leipzig | Leipzig | Leipzig | 莱比锡 | ლაიფციგი | לייפציג | 萊比錫 | 莱比锡 | 莱比锡 | 莱比锡 | 萊比錫 | 萊比錫 | Leipzig
Q72683,Ernst Gaupp,1865,1916,Bytom | Bytom | بيطوم | بيتوم | Bytom | Бытaм | Бытам | Битом | বাইট্ম | Bytom | Бытом | Bytom (kapital sa munisipyo) | Bıtom | Bıtom | Bytom | Bytom | Bytom | Bytom | Μπίτομ | Bytom | Bytom | Bytom | Bytom | Bytom | Bytom | Bytom | بیتوم | Bytom | Bytom | Bytom | બાયટોમ | Bytom | ביטום | ब्यटौम | Bytom | Bytom | Bytom | Բիտոմ | Bytom | Bytom | Bytom | ビトム | Bytom | ಬೈಟಮ್ | 비톰 | Bithomia | Bytom | Bytom | Bytomas | Bitoma | Бытом | Битом | बायटोम | Bytom | Бытом | Bytom | Bytom | Bytom | Bytom | Bytom | Bytom | Bytom | Бытом | Bytom | Bytom | Bytom | Bytom | Бытом | Bytom | Bytom | Bytom | බයිටොම් | Bytom | Bytom | Битом | Битом | Bitom | Bytom | Bytom | Bytům | பயிட்டோம் | బైటోమ్ | ไบทอม | ma tomo Piton | Bytom | Бытом | Битом | بیتوم | Bitom | Bytom | Bytom | Bytom | Bytom | 比托姆 | 比唐 | 比托姆 | 比托姆 | 比托姆 | 比托姆 | 比托姆 | 比托姆 | 比托姆
Q73255,Richard Pfeiffer,1858,1945,Zduny | Zduny | Здуны | Zduny | Здуны | Zduny | Zduny | Zduny | Zduny | Zduny | Zduny | Zduny | زدونی | Zduny | Zduny | Zduny | ズドゥニ | Zduny | Zduni | Zduny | Zduny | Zduny | Zduny | Здуны | Zduny | Здуни | Zduny | Zdůny | Zduny | Здуны | Здуни | Zduny | 茲杜內
Q72572,Louis Lewin,1850,1929,Tuchola | Tuchola | Tuchola | Tuchola | Tuchola | Тухоля | Tuchola | Тухоля | Тухоля | Tuchola (kapital sa powiat) | Tuchola | Tëchòlô | Tuchola | Tuchola | Tuchola | Τουχόλα | Tuchola | Tuchola | Tuchola | توخلا | Tuchola | Tuchola | Tuchola | Tuhola | Tuchola | Tuchola | Tuchola | Tuchola | Tuchola | Тухола | Tuchola | Tuchola | ตูคอลา | Tuchola | Тухолә | Тухоля | Tuchola | Tuchola | 圖霍拉 | 图霍拉 | 图霍拉 | 圖霍拉 | 圖霍拉 | 图霍拉 | 圖霍拉 | Tuchola
Q73248,Bruno Mondi,1903,1991,Swiecé | Świecie | Świecie | Świecie | Świecie | Świecie | Świecie | Свеце | شفيجي | شفيجى | Świecie | Свецце | Швече | Свеце | Świecie | Świecie | Świecie | Świecie | Świecie | Σφιέτσιε | Świecie | Świecie | Świecie | Świecie | Świecie | شفیچه | Świecie | Świecie | Świecie | שווייצ'ה | Świecie | Świecie | シュヴェツ | Świecie | 스비에치에 | Svecis | Svece (pilsēta) | Свецэ | Швјеќе | Swiecie | Świecie | Świecie | Świecie | Świecie | Świecie | Świecie | Свјеће | Świecie | Śwjyće | Świecie | Чвече | Свеце | Świecie | Świecie | 希維切 | 希維切 | Сьвеце
Q72623,Albert Hoffa,1859,1907,"Richmond | Richmond | Richmond | Richmond | Richmond | Richmond | Richmond | ريتشموند | ריצ'מונד | Richmond | ريتشموند | Richmond | Richmond (munisipyo sa Habagatang Aprika, Province of KwaZulu-Natal, UMgungundlovu District Municipality, lat -29,89, long 30,29) | Richmond | Richmond | IRichmond | Richmond | Richmond | 瑞奇蒙"
Q71465,Clara Viebig,1860,1952,Treviri | Trier | ട്രിയർ | Trier | Trier | Трир | Trèves | Trier | Trier | Trier | Trier | Trier | Trier | Trier | Trier | Trier | Trier | Trier | Trier | Trier | Trier | Trier | Trier | Trier | Trier | Trier | Trier | Trier | Trier | Trier | Trier | Trier | Trier | Trier | Trier | Trier | Trier | Trier | Trier | Trier | Treviro | ترير | ትሪር | Treveris | ترير | ترير | Tréveris | Trir | ترییر | Trier | Трыр | Трыр | Трир | ট্রিয়ের | Trier | Trèveris | Трир | Trier (munisipyo) | تریر | Treviri | Trevír | Трир | Trier | Τριρ | Trier | Tréveris | Treveris | ترییر | Trier | Trier | Trier | Tréveris | ટ્રાયર | Trier | טריר | ट्रीअर/ ट्रीअ | Trier | Թրիեր | Treveris | トリーア | ტრირი | Трир | ಟ್ರಯರ್ | 트리어 | Trier | Трир | Augusta Treverorum | Tréier | Trier | Trevir | Tryras | Trīre | Трир | ट्रायर | Trier | Trevèri | Трир | ਟਰਾਏਰ | Trewir | ٹریر | Tréveris | Tréveris | Тревир | Treviri | Trier | ට්රයර් | Triri | Трир | Trier | Trier | டிராயர் | ట్రియెర్ | Трир | เทรียร์ | Trier | Trier | Трир | Trier | Трир | Трір | ٹرائر | Trier | Trevere | Trier | Trive | Trier | 特里尔 | טריער | 堤雅 | Trier | 特里尔 | 特里尔 | 特里尔 | 特里爾 | 特里爾 | 特里爾 | 特里尔 | 特里尔 | 特里爾
Q71476,Rudolf Mosse,1843,1920,Grodzisk Wielkopolski | Grodzisk Wielkopolski | Гродзиск-Велькопольский | Grodzisk Wielkopolski | Grodzisk Wielkopolski | Grodzisk Wielkopolski | Grodzisk Wielkopolski | Grodzisk Wielkopolski | Grodzisk Wielkopolski | Grodzisk Wielkopolski | Grodzisk Wielkopolski | Grodzisk Wielkopolski | Grodzisk Wielkopolski | Grodzisk Wielkopolski | Grodzisk Wielkopolski | Grodzisk Wielkopolski | Grodzisk Wielkopolski | Grodzisk Wielkopolski | Grodzisk Wielkopolski | Grodzisk Wielkopolski | Grodzisk Wielkopolski | Grodzisk Wielkopolski | Grodzisk Wielkopolski | Grodzisk Wielkopolski | Grodzisk Wielkopolski | Grodzisk Wielkopolski | Grodzisk Wielkopolski | Grodzisk Wielkopolski | Grodzisk Wielkopolski | Grodzisk Wielkopolski | Гродзіск Велькапольскі | Гродзіск Велькапольскі | Гроджиск Великополски | Grodzisk Wielkopolski | Гродзиск-Велькопольски | Γκρόντζισκ Βιελκοπόλσκι | גרודז'יסק ויילקופולסקי | Grodzisk Wielkopolski | グロジスク・ヴィェルコポルスキ | Grodzisk Wielkopolski | 그로지스크비엘코폴스키 | Didžiosios Lenkijos Grodziskas | Grodziska Velkopolska | Гроджиск Велькопольски | Grodzisk Wielkopolski | Грођиск Вјелкополски | Wjelgopolski Grodźisk | Grodzisk Wielkopolski | Гроҗиск-Велкопольски | Ґродзиськ-Великопольський | 大波蘭地區格羅濟斯克 | 大波蘭地區格羅濟斯克
Q77222,Julius Klengel,1859,1933,Lipsia | Leipzig | Leipzig | ലീപ്സിഗ് | Leipzig | Leipzig | Lipcse | Лейпциг | Lipsko | Lipsko | Leipzig | Lipsk | Leipzig | Leipzig | Leypsiq | Лейпцыг | Ляйпцыг | Լայպցիգ | Лајпциг | Лейпциг | Leipzig | ላይፕጽግ | Leipzig | لايبزيغ | لايبتزج | Leipzig | لایپزیق | Лейпциг | Leipzig | Leipzig | Лайпциг | লাইপ্ৎসিশ | Leipzig | Leipzig | Leipzig | Лейпциг | Leipzig | لایپزیگ | Lipsia | Leyptsig | Leyptsig | Лейпциг | Leipzig | Leipzig | Leipzig | Leipzig | Leipzig | Lipsk | Λειψία | Leipzig | Leipzig | Leipzig | Leipzig | Leipzig | Leipzig | Leipzig | لایپزیگ | Leipzig | Leipzig | Leipzig | Leipzig | Leipzig | Leipzig | Leipzig | Leipzig | Leipzig | Leipzig | Leipzig | લેઇપઝિગ | Leipzig | Leipzig | Lipekika | לייפציג | लिपजिग | Leipzig | Lipsk | Լայփցիկ | Leipzig | Leipzig | Leipzig | Leipzig | Leipzig | ライプツィヒ | Leipzig | ლაიფციგი | Leipzig | Leipzig | Лейпциг | ಲೈಪ್ಜಿಗ್ | 라이프치히 | 라이프찌히 | Leipzig | Лейпциг | Lipsia | Leipzig | Leipzig | Leipzig | Leipzig | Leipzig | Lipsia | Leipcigas | Leipciga | 萊比錫 | Лэйпциг | Leipzig | Leipzig | Лайпциг | लाइपझिश | Leipzig | Leipzig | လိုက်ပဆစ်မြို့ | لایپتسیش | Leipzig | Leipzig | Lipsia | Leipzig | Leipzig | Leipzig | लेइपजिग | Leipzig | Leipzig | ߟߋߌߔߑߖ߭ߌߜ߭ | Leipzig | Leipzig | Лейпциг | ਲਾਈਪਸਿਸ਼ | Leipzig | Leipzig | Leipzig | Lipsia | لیپزش | Leipzig | Leipzig | Leipzig | Leipzig | Leipzig | Ліпско | Lipsia | Lipsia | Leipzig | ليپزگ | Leipzig | ලේයිප්සිග් | Leipzig | Lajpcigu | Лајпциг | Лајпциг | Leipzig | Leipzig | Leipzig | Lajpcik | லைப்சிக் | లేఇప్జిగ్ | Лейпзиг | ไลพ์ซิช | Leipzig | Leipzig | Лейпциг | Leipzig | Leipzig | Léypzig | لائپزش | Leipzig | Leipzig | Läipcig | Leipzig | Leipzig | Leipzig | Leipzig | Leipzig | Leipzig | 莱比锡 | ლაიფციგი | לייפציג | 萊比錫 | 莱比锡 | 莱比锡 | 莱比锡 | 萊比錫 | 萊比錫 | Leipzig
Q77234,Michael Stifel,1487,1567,Esslingen am Neckar | Esslingen am Neckar | Esslingen am Neckar | Esslingen am Neckar | Esslingen am Neckar | Esslingen am Neckar | Esslingen am Neckar | Esslingen am Neckar | Esslingen am Neckar | Esslingen am Neckar | Esslingen am Neckar | Esslingen am Neckar | Esslingen am Neckar | Esslingen am Neckar | Esslingen am Neckar | Esslingen am Neckar | Esslingen am Neckar | Esslingen am Neckar | Esslingen am Neckar | Esslingen am Neckar | Esslingen am Neckar | Esslingen am Neckar | Esslingen am Neckar | Esslingen am Neckar | Esslingen am Neckar | Esslingen am Neckar | Esslingen am Neckar | Esslingen am Neckar | Esslingen am Neckar | Esslingen am Neckar | Esslingen am Neckar | Esslingen am Neckar | Esslingen am Neckar | Esslingen am Neckar | Esslingen am Neckar | Esslingen am Neckar | Esslingen am Neckar | Esslingen am Neckar | Esslingen am Neckar | Esslingen am Neckar | Esslingen am Neckar | Esslingen am Neckar | Esslingen am Neckar | Esslingen am Neckar | Esslingen am Neckar | Esslingen am Neckar | Esslingen am Neckar | Esslingen am Neckar | Esslingen am Neckar | Esslingen am Neckar | Esslingen am Neckar | Esslingen am Neckar | Esslingen am Neckar | Esslingen am Neckar | Esslingen am Neckar | Esslingen am Neckar | Esslingen am Neckar | Esslingen am Neckar | Esslingen am Neckar | Esslingen am Neckar | Esslingen am Neckar | Esslingen am Neckar | Esslingen am Neckar | Esslingen am Neckar | Esslingen am Neckar | Esslingen am Neckar | إسلينغن آم نيكار | اسلينجن آم نيكار | Esslinqen-na-Nekkare | Esslingen am Neckar | Эслінген-на-Некары | Еслинген | Esslingen am Neckar | Неккар-тӀера-Эслинген | Esslingen | Эслинген-ам-Неккар | Έσλινγκεν | Esslingen | اسلینگن آم نکا | Esslingen am Neckar | Esslenga am Neckor | אסלינגן אם נקר | Esslingen | Esslingen am Neckar | Նեքարի Էսլինգեն | Esslingen | エスリンゲン・アム・ネッカー | Неккардағы Эслинген | 에슬링겐암네카어 | Esslingen am Neckar | Неккардагы Эслинген | Eslinga | Esslingen am Neckar | Esslingen am Neckar | Eslingenas | Eslingene | Эсслингэн ам Нэккар | Еслинген на Некар | Esslingen | Esslingen am Neckar | Эслинген-ам-Неккар | Esslingen | Эсслинген-на-Неккаре | Esslingen am Neckar | Еслинген ам Некар | எஸ்லிங்கன் | เอ็สลิงเงินอัมเน็คคาร์ | Esslingen am Neckar | Эсслинген-ам-Неккар | Esslingen am Neckar | Есслінген-ам-Неккар | Esslingen am Neckar | Esslingen am Neckar | 埃斯林根 | 埃斯林根 | Esslingen am Neckar | 内卡河畔埃斯林根
Q77208,Horst Bienek,1930,1990,Gliwice | Gliwice | Gliwice | Gleiwitz | Gliwice | Gliwice | Γκλιβίτσε | Gliwice | Gliwice | Gliwice | Gliwice | Gliwice | Gliwice | Gliwice | گلیویتسه | Gliwice | Gliwice | Gliwice | Gliwice | ગ્લિવાઇસ | Gliwice | גליביצה | ग्लिवीस | Gliwice | Gliwice | Gliwice | Գլիվիցե | Gliwice | Gliwice | Gliwice | グリヴィツェ | Gliwice | Гливице | ಗ್ಲಿವಿಸ್ | 글리비체 | Gliwice | Glivicės | Glivice | Гливицэ | Гливице | ग्लिवाईस | Gliwice | Gliwice | Gliwice | Gliwice | Gleiwitz | ग्लिविस | Gliwice | Gliwice | Gliwice | Gliwice | Гливице | Gliwice | Gliwice | Gliwice | Gliwice | Gliwice | Гливице | Gliwice | Gliwice | Gliwice | ග්ලිවිස් | Gliwice | Gliwice | Гљивице | Gliwice | Gliwice | Glywicy | க்ளெவிஸ் | గ్లివీస్ | กลิวิซ | ma tomo Kiwise | Gliwice | Гливитсе | Гливице | Гливиці | گلیویتسہ | Glivitse | Gliwice | Glivice | Gliwice | Gliwice | Gliwice | 格利维采 | გლივიცე | 格利維采 | 格利维采 | 格利维采 | 格利维采 | 格利維采 | 格利維采 | 格利维采 | 格利維采 | غليفيتسه | جليفيتسه | Gliwice | Qliviçe | Глівіцы | Глівіцы | Гливице | গ্লিউইচ | Gliwice | Gliwice | Гливице | Gliwice | Glivitse | Glivitse | Gliwice
Q75376,Karl Philipp Conz,1762,1827,"Lorch | Lorch | Lorch | Lorch | Lorch | Лорх | Lorch | Lorch | Lorch | Lorch | Lorch | Lorch | Lorch | Lorch | Lorch | Lorch | Lorch | Lorch | Lorch | Lorch | Lorch | Lorch | Lorch | Lorch | Lorch | لرش | Lorch | Lorch | Lorch | Lorch | Lorch | Lorch | Lorch | Lorch | Lorch | Lorch | Lorch | Lorch | Lorch | Lorch | ロルヒ | Lorch | Lorch | Lorch | Lorch | Lorch | Lorch | Lorch | Lorch | Lorch | Lorch | Lorch | Lorch | Lorch | Lorch | Lorch | Lorch | Lorch | Lorch | Lorch | Lorch | Lorch | Lorch | Lorch | Lorch | Lorch | Lorch | Lorch | Lorch | Lorch | Лорх | Lorch | Lorch | Lorch | Lorch | Lorch | Lorch | Lorch | Lorch | Lorch | Lorch | Lorch | Lorch | Lorch | لورش | لورش | Лорх (Вюртэмберг) | Лорх | ლორხი | Lorch | Лорх | Лорх | Lorh | Lorch, Baden-Württemberg | Лорх (Вюртемберг) | 洛爾希 | 洛尔希"
Q77165,Ademola Okulaja,1975,2022,"拉哥斯 | 拉哥斯 | Лагос | לאגוס | لاگوس | Lagosas | Lagos | Legọs | Лагас | Лагас | Лагос | লেগোস | Լագոս | Lagosa | Лагос | Èkó | ሌጎስ | لاڭوص | লাগ'চ | Laqos | لاقوس | Лагос | Лагос | Лагос | Lagos (kapital sa distrito) | لاگۆس | Lagos | Лагос | Lagos | लागोस | Lagoso | Lagos, Nixeria | Lagos | લાગોસ | Lagos, | लागोस | Лагос | ლაგოსი | Legɔsɩ | Legwot | Лагос | Лагос | ಲಾಗೊಸ್ | 라고스 | Лагос шаары | Lacupolis | Лагос | Лагос | Лагос | Лагос | ꯂꯥꯒꯣꯁ | लागोस | လေးဂို့စ်မြို့ | لاگوس | Tótaʼ Yadaazʼáhí | ଲାଗୋସ | Лагос | ਲਾਗੋਸ | لاگوس | لاګوس | Лаґос | Лагос | ᱞᱟᱜᱚᱥ | لاگوس | Laguosos | ලාගොස් | Lagos | Lagos | லாகோஸ் | లాగోస్ | Лагос | Лагос | เลกอส | Lungsod ng Lagos | Лагос | لاگوس | 拉各斯 | ლაგოსი | לאגאס | 拉哥斯 | 拉各斯 | 拉各斯 | 拉各斯 | 拉哥斯 | Lagos | Lagos | ലാഗോസ് | Lagos | Λάγος | Lagos | Лагос | Lagos | Лагос | Lagos | Lagos | Lagos | Lagos | Lagos | Lagos | Lagos | Lagos | Lagos | ラゴス | Lagos | Lagos | Lagos | Lagos | Lagos | لاغوس | لاجوس | Lagos | Lagos | Lagos | Lagos | Lagos | Lagos | Lagos | Lagos | Lagos | Lagos | Lagos | Lagos | Lagos | Lagos | Lagos | Lagos | Lagos | Lagos | Lagos | Lagos | Lagos | Lagos | Lagos | Lagos | Lagos | Lagos | Lagos | Lagos | Lagos | Lagos | Lagos | Lagos | Lagos | Lagos | Lagos | Lagos | Lagos | Lagos | Lagos | Lagos | Lagos | Lagos | Lagos | Lagos | Lagos | Lagos | Lagos | Lagos | Lagos | Lagos | Lagos | Lagos | Lagos | Lagos | Lagos | Lagos | Lagos | Lagos | Lagos | Lagos | Lagos | Lagos | Lagos | Lagos | Lagos | Lagos | Lagos | Lagos | Lagos | Lagos | Lagos | Lagos | Lagos"
Q76972,Sophie Scholl,1921,1943,Forhtenberg | Forchtenberg | Форхтенберг | Forchtenberg | Форхтенберг | Forchtenberg | Forchtenberg | 福希滕贝格 | 福希滕贝格 | 福希滕貝格 | 福希滕貝格 | Forchtenberg | Forchtenberg | Forchtenberg | Forchtenberg | Forchtenberg | Forchtenberg | Forchtenberg | Forchtenberg | Forchtenberg | Forchtenberg | Forchtenberg | Forchtenberg | Forchtenberg | Forchtenberg | Forchtenberg | Forchtenberg | Forchtenberg | Forchtenberg | Forchtenberg | Forchtenberg | Forchtenberg | Forchtenberg | Forchtenberg | Forchtenberg | Forchtenberg | Forchtenberg | Forchtenberg | Forchtenberg | Forchtenberg | Forchtenberg | Forchtenberg | Forchtenberg | Forchtenberg | Forchtenberg | Forchtenberg | Forchtenberg | Forchtenberg | Forchtenberg | Forchtenberg | Forchtenberg | Forchtenberg | Forchtenberg | Forchtenberg | Forchtenberg | Forchtenberg | Forchtenberg | Forchtenberg | Forchtenberg | Forchtenberg | Forchtenberg | Forchtenberg | Forchtenberg | Forchtenberg | Forchtenberg | Forchtenberg | Forchtenberg | Forchtenberg | Forchtenberg | Forchtenberg | Forchtenberg | Forchtenberg | Forchtenberg | Forchtenberg | Forchtenberg | Forchtenberg | Forchtenberg | Forchtenberg | Forchtenberg | Forchtenberg | Forchtenberg | Forchtenberg | Forchtenberg | فورشتنبرغ | فورشتنبرج | فورشتنبورق | Форхтенберг | فورشتنبورگ | פורכטנברג | Forchtenberg | フォルヒテンベルク | Форхтенберг | فورحتەنبەرگ | Форхтенберг | Forxtenberg | Forchtenberg | Форхтенберг | Forchtenberg | Forchtenberg | Forchtenberg | Форхтенберг | Forchtenberg | Форхтенберг | Форхтенберг
Q77809,Margarete Mitscherlich-Nielsen,1917,2012,Gråsten | Gråsten | Gråsten | Gråsten | Gråsten | Gråsten | Gråsten | Gråsten | Gråsten | Gråsten | Gråsten | Gråsten | Gråsten | Gråsten | Gråsten | Gråsten | گروستن | Gråsten | Gråsten | 그로스텐 | Gråsten | Gråsten
Q76915,Hans Werner Henze,1926,2012,Gütersloh (kapital sa distrito) | Gütersloh | Gütersloh | Gütersloh | Гютерсло | Gütersloh | Gütersloh | Gütersloh | غوترسلوه | جوترسلوه | Gütersloh | Gütersloh | Gütersloh | Гютэрсла | Гютерсло | Gütersloh | Gütersloh | Гуьтерсло | گوترسلو | Gütersloh | Gütersloh | Gütersloh | Gütersloh | Gütersloh | Gütersloh | Γκύτερσλο | Gütersloh | Gütersloh | Gütersloh | Gütersloh | Gütersloh | گوترسلوه | Gütersloh | Gütersloh | Gütersloh | Gütersloh | Gütersloh | Gütersloh | Gütersloh | גיטרסלו | Gütersloh | Gütersloh | Գյութերսլո | Gütersloh | Gütersloh | Gütersloh | Gütersloh | Gütersloh | Gütersloh | ギュータースロー | Gütersloh | Гютерсло | Gütersloh | 귀터슬로 | Gütersloh | Гютерсло | Gutersloha | Gütersloh | Gütersloh | Gütersloh | Gütersloh | Giuterslas | Gütersloh | Gütersloh | Gütersloh | Gütersloh | Gütersloh | Gütersloh | Gütsel | Gütersloh | Gütersloh | Gütersloh | Gütersloh | Gütersloh | Gütersloh | Gütersloh | Gütersloh | Gütersloh | Gütersloh | Gütersloh | Gütersloh | Gütersloh | Gütersloh | Gütersloh | Gütersloh | Gütersloh | Gütersloh | Гитерслох | Gütersloh | Gütersloh | Gütersloh | กือเทิร์สโล | Gütersloh | Гүтерсло | Gütersloh | Гютерсло | Gütersloh | Gütersloh | Gütersloh | Gütersloh | Gütersloh | Gütersloh | Gütersloh | Gütersloh | 居特斯洛 | 居特斯洛 | Gütersloh
Q78897,Selma Kurz,1874,1933,Bielsko-Biala | Bielsko-Biała | Bielsko-Biała | Bielsko-Biała | Bielsko-Biała | Bielsko-Biała | Bielsko-Biała | Бельско-Бялæ | Bielsko-Biała | Bielsko-Biała | Bielsko-Biała | Bielsko-Biała | Бельско-Бяла | Bielsko-Biała | Bielsko-Biała | බයල්ස්කෝ බයලා | Bielsko-Biela | Bielsko-Biała | Bielsko-Biała | Бјелско-Бјала | Бјелско-Бјала | Bjelsko-Bjala | Bielsko-Biała | Bielsko-Biała | Biylsko-Biŏłŏ | பிஎல்ஸ்க்கோ-பியாலா | బీఎల్స్కో-బీఆలా | บีลสโค-เบียลา | ma tomo Peko-Pawa | Bielsko-Biała | Белско-Бәла | Бельсько-Бяла | بییلسکو-بیالا | Bielsko-Biała | Bielsko-Biała | Bielsko-Biała | Bielsko-Biała | 别尔斯科-比亚瓦 | 別耶斯高－比亞華 | 别尔斯科-比亚瓦 | 别尔斯科-比亚瓦 | 别尔斯科-比亚瓦 | 別爾斯科-比亞瓦 | 別爾斯科-比亞瓦 | 别尔斯科-比亚瓦 | 別爾斯科-比亞瓦 | بييلسكو-بياوا | بييلسكو فيالا | Bielsko-Biała | Belsko-Byala | بیلسکو بیاوا | Бельско-Бяла | Бельска-Бяла | Бельска-Бяла | Белско Бяла | বিয়েলস্ক-বিয়ালা | Bielsko-Biała | Бельско-Бяла | Bielsko-Biala | Bílsko-Bělá | Bielsko-Biała | Bielsko-Biała | Bielsko-Biała | Bielitz-Biala | Μπιέλσκο-Μπιάουα | Bielsko-Biała | Bielsko-Biała | Bielsko-Biała | Bielsko-Biała | Bielsko-Biała | Bielsko-Biala | بیلسکو بیاوا | Bielsko-Biała | Bielsko-Biała | Bielsko-Biała | Bielsko-Biała | બીએલ્સ્કો-બિઆલા | Bielsko-Biała | ביילסקו-ביאלה | बीएलस्को-बीआला | Bielsko-Biała | Bielsko-Biała | Բելսկո Բլայա | Bielsko-Biała | Bielsko-Biała | ビェルスコ＝ビャワ | Bielsko-Biała | ბელსკო-ბიალა | ಬೈಲ್ಸ್ಕೊ-ಬಿಯಾಲಾ | 비엘스코비아와 | Bielsko-Biała | Bielsko-Biała | Belsko-Biala | Belsko-Bjala | Бјелско-Бјала | बिअल्स्को -बिअला | Bielsko-Biala | Bielsko-Biała
Q78930,Erich Wasmann,1859,1931,Merano | מראנו | Meran | Мерано | 梅拉诺 | 梅拉諾 | 梅拉諾 | Merano | メラーノ | Merano | ميرانو | Merano | مرانو | Meran | Мерана | Мэрана | Мерано | Merano | Meran | Мерано | Merano | مێرانۆ | Merano | Merano | Meran | Meran | Μεράνο | Merano | Merano | Meran | Merano | Merano vald | Meran | مرانو | Meran | Meran | Mérano | Merano | Merano | Meran | Merano | Մերանո | Մերանօ | Merano | Meran | Мерано | مەرانو | مەرانو | Мерано | Мерано | Merano | Merano | Meran | 메라노 | Merano | Meranum | Merano | Merano | Meranas | Мерано | Merano | Merano | Merano | Merano | Meran | Meran | Meran | Мерано | Meran | Meran | Merano | Merano | Merano | Merano | Мерано | Merano | Merano | Merano | Merano | Merano | Мерано | Мерано | Merano | Merano | Merano | Merano | Merano | Мерано | Meran | Merano | Meran | Merano | 梅拉诺 | מעראן | 梅拉诺 | 梅拉诺 | 梅拉諾 | 梅拉诺 | Merano
Q78885,Ettore Sottsass,1917,2007,Innsbruck | Innsbruck | インスブルック | Innsbruck | እንስብሩክ | Innsbruck | إنسبروك | انسبروك | Innsbruck | İnsbruk | اینسبروک | Инсбрук | Innsbruck | Innschbruck | Інсбрук | Інсбрук | Инсбрук | ইন্সব্রুক | Innsbruck | Innsbruck | Innsbruck | Инсбрук | Innsbruck | Innsbruck | Innsbruck | Инсбрук | Innsbruck | Innsbruck | Innsbruck | Innsbruck | Ίνσμπρουκ | Innsbruck | Innsbruck | Innsbruck | Innsbruck | Innsbruck | اینسبروک | Innsbruck | Innsbruck | Innsbruck | Innsbruck | Innsbruck | Innsbruck | Innsbruck | Innsbruck | Innsbruck | Innsbruck | ઈન્સબ્રુક | אינסברוק | इंसब्रुक | Innsbruck | Innsbruck | Ինսբրուք | Ինսպրուք | Innsbruck | Innsbruck | Innsbruck | Innsbruck | Innsbruck | Innsbruck | Innsbruck | Innsbruck | ინსბრუკი | Инсбрук | ಇನ್ನ್ಸ್ಬ್ರುಕ್ | 인스브루크 | Innsbruck | Инсбурк | Pons Aeni | Innsbruck | Инсбрук | Innsbruck | Dispruch | Innsbruck | Insbrukas | Insbruka | Инсбрук | Инсбрук | Инсбрук | Инсбрук | इन्सब्रुक | Innsbruck | Innsbruck | Innsbruck | Innsbruck | Innsbruck | Innsbruck | Innsbruck | Innsbruck | Innsbruck | Innsbruck | Innsbruck | Инсбрук | Innsbruck | Innsbruck | Innsbruck | Innsbruck | انزبرک | اینسبروک | Innsbruck | Innsbruck | Puntina | Innsbruck | Инсбрук | Иннсбрук | Innsbruck | Innsbruck | Innsbruck | انسبروڪ | Innsbruck | Innsbruck | ඉන්ස්බ්රක් | Innsbruck | Innsbruck | Innsbruck | Инзбрук | Innsbruck | Innsbruck | Innsbruck | இன்ஸ்ப்ருக் | ఇన్స్ బృక్ | อินส์บรุค | Innsbruck | Иннсбрук | Інсбрук | انسبروک | Insbruk | Insbruc | Insbruk | Innsbruck | Innsbruck | Innsbruck | Innsbruck | Innsbruck | 因斯孛鲁克 | ინსბრუკი | אינסברוק | 燕斯布陸 | 因斯布鲁克 | 因斯布鲁克 | 因斯布鲁克 | 因斯布魯克 | 茵斯布魯克 | 茵斯布魯克 | 因斯布鲁克 | 因斯布鲁克 | 茵斯布魯克
Q78924,Bernhard Wicki,1919,2000,Санкт-Пёльтен | 장크트푈텐 | Cetium | Sankt Pölten | Sankt Pölten | Sankt Peltenas | Sanktpeltene | Санкт-Пёльтэн | Санкт Пелтен | Санкт-Пёльтен | जांक्ट प्योल्टन | St. Pölten | Sankt Pölten | Sankt Pölten | Sankt Pölten | Sankt Pölten | Sankt Pölten | Санкт-Пёльтен | St. Pölten | سینکت پولٹن | Sankt Pölten | Sankt Pölten | Sankt Pölten | Sankt Pölten | سنڪٽ پولٽن | Sankt Pölten | Sankt Pölten | St. Pölten | Sankt Pölten | Санкт Пелтен | Sankt Pölten | Sankt Pölten | ซังคท์เพิลเทิน | St. Pölten | Санкт-Пөлтен | سانکت پولٹن | Sankt Pölten | Sankt Pöl'ten | St. Pölten | Sankt Pölten | Sankt Pölten | 圣珀尔滕 | სანქტ-პელტენი | סאנקט פעלטן | 聖帕爾滕 | 圣珀尔滕 | 圣珀尔滕 | 聖珀爾滕 | St. Pölten | St. Pölten | St. Pölten | St. Pölten | Санкт-Пёльтэн | Санкт-Пёльтэн | Санкт-Пёльтен | Санкт-Пельтен | Sankt Pölten | Sankt Pölten | Sankt Pölten | Sankt Pölten | Sankt Pölten | סנקט פלטן | St. Pölten | Sankt Pölten | سانت بولتن | سانت بولتن | Sankt-Pyolten | زانکت پولتن | Sankt Pölten | St. Pötn | Санкт Пьолтен | Sankt Pölten | Sankt Pölten | Sankt Pölten | Санкт-Пёльтен | Sankt Pölten Stadt | Sankt Pölten | Sankt Pölten | Σανκτ Πέλτεν | Sankt Pölten | Sankt Pölten | St. Pölten | Sankt Pölten | Sankt Pölten | Sankt Pölten | زانکت پولتن | Sankt Pölten | Sankt Pölten | Sankt Pölten | Sankt Pölten | Sankt Pölten | St. Pölten | Sveti Hipolit | Sankt Pölten | Սանկտ Պյոլտեն | St. Pölten | Sankt Pölten | Sankt Pölten | Sankt Pölten | ザンクト・ペルテン | სანქტ-პელტენი
Q73868,August Howaldt,1809,1883,Brunsvigo | 不伦瑞克 | Brunswick | 不伦瑞克 | Brunswyk | Braunschweig | براونشفايغ | براونشفايج | Braunschweig | Braunşveyq | براونشوایق | Braunschweig | Браўншвайг | Браўншвайг | Брауншвайг | ব্রঞ্চউইগ | Brunsvic | Брауншвейг | Braunschweig (kapital sa distrito) | براونشڤایگ | Braunschweig | Braunschweig | Braunschweig | Braunschweig | Braunschweig | Μπράουνσβαϊγκ | Braunschweig | Brunswick | Braunschweig | Braunschweig | Braunschweig | Brunswyk | Braunschweig | Braunschweig | બ્રૌન્ચવેગ | Braunschweig | Braunschweig | בראונשווייג | ब्रंजविक | Braunschweig | Brunšwik | Braunschweig | Բրաունշվայգ | Braunschweig | Braunschweig | Braunschweig | Braunschweig | Brúnsvík | ブラウンシュヴァイク | Braunschweig | ბრაუნშვაიგი | Брауншвейг | ಬ್ರಾನ್ಜ್ವಿಕ್ | 브라운슈바이크 | Braunschweig | Брауншвейг | Braunschweig | Braunšveiga | Брауншвэйг | Braunschweig | Брауншвајг | Брауншвайг | ब्राउनश्वाइग | Braunschweig | Brunswick | Braunschweig | Bronswiek | Braunschweig | Brunswick | Брауншвейг | Brunsvique | Brunsvique | Braunschweig | Braunschweig | Braunschweig | බ්රෝන්ෂ්විග් | Braunschweig | Braunschweig | Braunshvajgi | Брауншвајг | Braunschweig | Braunschweig | Braunschweig | பிரான்ஷ்விக் | బ్రౌన్ స్వైగ్ | Брауншвейг | เบราน์ชไวค์ | Брауншвейг | Braunschweig | Braunshwéyg | Брауншвейг | برانشویگ | Braunschweig | Braunschweig | Braunschweig | Braunschweig | Braunschweig | 不伦瑞克 | ברוינשווייג | 布倫瑞克 | 不伦瑞克 | 不倫瑞克 | 賓士域 | 布倫瑞克 | Brunswick | Braunschweig | Brunswick | Brunswick | Brunswick | Braunschweig | Braunschweig | Брауншвейг | Braunschweig | Braunschweig | Broenswiek | Braunschweig | براونشوایگ | Braunšveigas | Brunszwik | Brunswick | Brunswick | Brunsvicum | Brunswick
Q73680,Sigmund Neumann,1904,1962,Lipsia | Leipzig | Leipzig | ലീപ്സിഗ് | Leipzig | Leipzig | Lipcse | Лейпциг | Lipsko | Lipsko | Leipzig | Lipsk | Leipzig | Leipzig | Leypsiq | Лейпцыг | Ляйпцыг | Լայպցիգ | Лајпциг | Лейпциг | Leipzig | ላይፕጽግ | Leipzig | لايبزيغ | لايبتزج | Leipzig | لایپزیق | Лейпциг | Leipzig | Leipzig | Лайпциг | লাইপ্ৎসিশ | Leipzig | Leipzig | Leipzig | Лейпциг | Leipzig | لایپزیگ | Lipsia | Leyptsig | Leyptsig | Лейпциг | Leipzig | Leipzig | Leipzig | Leipzig | Leipzig | Lipsk | Λειψία | Leipzig | Leipzig | Leipzig | Leipzig | Leipzig | Leipzig | Leipzig | لایپزیگ | Leipzig | Leipzig | Leipzig | Leipzig | Leipzig | Leipzig | Leipzig | Leipzig | Leipzig | Leipzig | Leipzig | લેઇપઝિગ | Leipzig | Leipzig | Lipekika | לייפציג | लिपजिग | Leipzig | Lipsk | Լայփցիկ | Leipzig | Leipzig | Leipzig | Leipzig | Leipzig | ライプツィヒ | Leipzig | ლაიფციგი | Leipzig | Leipzig | Лейпциг | ಲೈಪ್ಜಿಗ್ | 라이프치히 | 라이프찌히 | Leipzig | Лейпциг | Lipsia | Leipzig | Leipzig | Leipzig | Leipzig | Leipzig | Lipsia | Leipcigas | Leipciga | 萊比錫 | Лэйпциг | Leipzig | Leipzig | Лайпциг | लाइपझिश | Leipzig | Leipzig | လိုက်ပဆစ်မြို့ | لایپتسیش | Leipzig | Leipzig | Lipsia | Leipzig | Leipzig | Leipzig | लेइपजिग | Leipzig | Leipzig | ߟߋߌߔߑߖ߭ߌߜ߭ | Leipzig | Leipzig | Лейпциг | ਲਾਈਪਸਿਸ਼ | Leipzig | Leipzig | Leipzig | Lipsia | لیپزش | Leipzig | Leipzig | Leipzig | Leipzig | Leipzig | Ліпско | Lipsia | Lipsia | Leipzig | ليپزگ | Leipzig | ලේයිප්සිග් | Leipzig | Lajpcigu | Лајпциг | Лајпциг | Leipzig | Leipzig | Leipzig | Lajpcik | லைப்சிக் | లేఇప్జిగ్ | Лейпзиг | ไลพ์ซิช | Leipzig | Leipzig | Лейпциг | Leipzig | Leipzig | Léypzig | لائپزش | Leipzig | Leipzig | Läipcig | Leipzig | Leipzig | Leipzig | Leipzig | Leipzig | Leipzig | 莱比锡 | ლაიფციგი | לייפציג | 萊比錫 | 莱比锡 | 莱比锡 | 莱比锡 | 萊比錫 | 萊比錫 | Leipzig
Q73667,Lothar Heffter,1862,1962,Koszalin | Koszalin | Koszalin | Koszalin | Koszalin | كشالين | كشالين | Koszalin | Koşalin | کشالین | Кашалін | Кашалін | Кошалин | খুজালিন | Koszalin | Кошалин | Koszalin | Kòszalëno | Koszalin | Koszalin | Koszalin | Koszalin | Koszalin | Koszalin | Κοσάλιν | Koszalin | Koszalin | Koszalin | Koszalin | Koszalin | Koszalin | کشالین | Koszalin | Koszalin | કોઝાલિન | קושאלין | कोस्ज़ालीन | Koszalin | Կոշալին | Koszalin | Koszalin | Koszalin | コシャリン | Koszalin | კოშალინი | ಕೋಸ್ಜಲಿನ್ | 코샬린 | Coslinum | Košalinas | Košalina | Кошалин | कौझालीन | Koszalin | Koszalin | Koszalin | Koszalin | Koszalin | Köslin | Koszalin | Koszalin | Koszalin | Кошалин | Koszalin | Koszalin | Koszalin | Кошалин | Koszalin | Koszalin | කෝසලින් | Koszalin | Koszalin | Koszalin | Кошалин | Koszalin | Koszalin | காஷாளின் | కోస్జాలిన్ | กอชาลิน | ma tomo Kosalin | Koszalin | Кошалин | Кошалин | Кошалін | کوسزالین | Koshalin | Koszalin | Koszalin | 科沙林 | 科沙林 | 科沙林 | 科沙林
Q73609,Ludwig Rehn,1849,1930,Bad Sooden-Allendorf | Bad Sooden-Allendorf | Bad Sooden-Allendorf | Bad Sooden-Allendorf | Bad Sooden-Allendorf | Bad Sooden-Allendorf | Bad Sooden-Allendorf | Bad Sooden-Allendorf | باد زودن-آلندورف | باد زودن آلندورف | Bad Sooden-Allendorf | باد زوندن-الندورف | Bad Sooden-Allendorf | Bad Sooden-Allendorf | Bad Sooden-Allendorf | Бад-Зоден-Аллендорф | Bad Sooden-Allendorf | Bad Sooden-Allendorf | Bad Sooden-Allendorf | Bad Sooden-Allendorf | Bad Sooden-Allendorf | Bad Sooden-Allendorf | Bad Sooden-Allendorf | Bad Sooden-Allendorf | Bad Sooden-Allendorf | Bad Sooden-Allendorf | Bad Sooden-Allendorf | باد زوندن-الندورف | Bad Sooden-Allendorf | Bad Sooden-Allendorf | Bad Sooden-Allendorf | Bad Sooden-Allendorf | Bad Sooden-Allendorf | Bad Sooden-Allendorf | Bad Sooden-Allendorf | באד זודן-אלנדורף | Bad Sooden-Allendorf | Bad Sooden-Allendorf | Bad Sooden-Allendorf | Bad Sooden-Allendorf | Bad Sooden-Allendorf | Bad Sooden-Allendorf | Bad Sooden-Allendorf | Bad Sooden-Allendorf | バート・ゾーデン＝アレンドルフ | Bad Sooden-Allendorf | Бад-Зоден-Аллендорф | باد-زودەن-اللەندورف | Бад-Зоден-Аллендорф | Bad-Zoden-Allendorf | Bad Sooden-Allendorf | Бад-Зоден-Аллендорф | Bad Sooden-Allendorf | Bad Sooden-Allendorf | Bad Sooden-Allendorf | Bad Sooden-Allendorf | Bad Sooden-Allendorf | Bad Sooden-Allendorf | Bad Sooden-Allendorf | Bad Sooden-Allendorf | Bad Sooden-Allendorf | Bad Sooden-Allendorf | Bad Sooden-Allendorf | Bad Sooden-Allendorf | Bad Sooden-Allendorf | Bad Sooden-Allendorf | Bad Sooden-Allendorf | Bad Sooden-Allendorf | Bad Sooden-Allendorf | Bad Sooden-Allendorf | Bad Sooden-Allendorf | Bad Sooden-Allendorf | Bad Sooden-Allendorf | Bad Sooden-Allendorf | Бад-Зоден-Аллендорф | Bad Sooden-Allendorf | Bad Sooden-Allendorf | Bad Sooden-Allendorf | Bad Sooden-Allendorf | Bad Sooden-Allendorf | Bad Sooden-Allendorf | Бад Зоден-Алендорф | Бад Зоден-Алендорф | Bad Zoden-Alendorf | Bad Sooden-Allendorf | Bad Sooden-Allendorf | Bad Sooden-Allendorf | Бад-Зоден-Аллендорф | Bad Sooden-Allendorf | Бад-Зоден-Аллендорф | Bad Sooden-Allendorf | Bad Sooden-Allendorf | Bad Sooden-Allendorf | Bad Sooden-Allendorf | Bad Sooden-Allendorf | Bad Sooden-Allendorf | Bad Sooden-Allendorf | Bad Sooden-Allendorf | 巴特索登-阿伦多夫 | 巴特索登-阿伦多夫 | 巴特索登-阿倫多夫 | 巴特索登-阿倫多夫 | Bad Sooden-Allendorf
Q73702,Gustav Sorge,1911,1978,Rydzyna | Rydzyna | 雷濟納 | 雷济纳 | 雷濟納 | 雷濟納 | Rydzyna | Rydzyna | Рыдзына | Rydzyna | Rydzyna | Rydzyna | Rydzyna | Rydzyna | Rydzyna | Rydzyna | Rydzyna | Rydzyna | Rydzyna | Rydzyna | Rydzyna | Rydzyna | Rydzyna | Ридзина | Рыдзына | Рыдзына | Ριντζίνα | ریدیزنا | Rydzyna | Ridzina | Ридзина | Rydzyna | Рыдзына
Q73593,Johann Joachim Kändler,1706,1775,Fischbach | Fischbach | Fischbach | Fischbach | Fischbach | Fischbach | Fischbach | Fischbach | Fischbach | Fischbach
Q73353,Robert Sommer,1864,1937,Grodkōw | กรอตกุฟ | Grodków | Гродкув | Гродкув | Grodków | 格羅德庫夫 | 格罗德库夫 | Grotcovia | Гродков | Гродкув | Grodków | Grodków | Grodków | Grodków | Grodków | Grodków | Grodków | Grodków | جرودكو | Grodków | Гродкаў | Grodków | Гродкув | Grodków | Grodków | Grodków | Grodków | Grodków | Grodków | グロトクフ | Grodków | Grodków | Grodkova | Grodków | Grodków | Grodków | Grodków | Grodków | Гродков | Grodków
Q73467,Gerd Michael Henneberg,1922,2011,Magdeburgo | Magdeburg | മാഗ്ഡെബുർഗ് | Magdeburg | Магдебург | Dźěwin | Магдэбург | Magdeburk | دورتموند | Magdeburg | Magdeburg | Magdeburg | Магдебург | Магдебург | Магдебург | Մագդեբուրգ | Magdebuag | Магдебург | Magdeburg | Maagdenburg | ማክደቡርክ | Magdeburgo | Mihtiġburg | مغدبورغ | ماجدبورج | Magdeburgu | Maqdeburq | Магдебург | Magdeburg | Магдэбург | ম্যাগডেবার্গ | Magdeburg | Magdeburg | Магдебург | Landeshauptstadt Magdeburg | ماگدێبورگ | Магдебург | Magdeburg | Magdeburg | Magdeburg | Magdeburg | Μαγδεμβούργο | Magdeburgo | Magdeburgo | Magdeburg | Magdeburg | ماگدبورگ | Magdeburg | Magdeburg | Magdeburg | Magdebourg | Magdebörj | Magdeburg | Magdeburg | Magdeburgo | 𐌼𐌰𐌲𐌰𐌸𐍃𐌱𐌰𐌿𐍂𐌲𐍃 | મેગડેબર્ગ | Magdeburg | Magdeburg | Makekepuka | מגדבורג | मागदेबुर्ग | Magdeburg | Magdeburg | Magdeburg | Magdeburg | Magdeburg | Magdeburg | Magdeburg | マクデブルク | Kebon Raja Magdeburg | მაგდებურგი | Магдебург | ಮ್ಯಾಗ್ದೆಬರ್ಗ್ | 마그데부르크 | Magdeburg | Магдебург | Magdeburg | Магдебeрг | Magdeburgum | Magdeburg | Magdebürgu | Magdeburg | Magdeburgh | Magdeburgas | Magdeburga | Магдэбург | Magdeburg | Магдебург | माक्देबुर्ग | Magdeburg | Magdeburg | Magdeburg | Magdeburg | Magdeburg | Meideborg | मेगडेबर्ग | Magdeburg | Magdeburg | Magdeborg | Магдебург | Magdeborgh | مگڈیبرگ | Magdeburgo | Magdeburgo | Magdeburg | Magdeburg | Маґдебурґ | Magdeburg | Magdeburg | Magdeburg | මැඩබර්ග් | Magdeburg | Magdeburg | Magdeburgu | Магдебург | Magdeburg | Magdeburg | Magdeburg | Magdeburg | மாக்டெபர்க் | మగ్డెబర్గ్ | มัคเดอบวร์ค | Magdeburg | Magdeburg | Magdeburg | ماجدیبورج | Magdeburg | Magdeburgo | Magdeburg | Magdeburg | Magdeburg | Magdeburg | 马格德堡 | მაგდებურგი | מאגדעבורג | Magdeburg | 麥德堡 | Magdeburg | 马格德堡 | 马格德堡 | 马格德堡 | 馬格德堡 | 馬德堡 | 馬德堡 | 马格德堡 | 马格德堡 | 馬德堡
Q73423,Oswald Lohse,1845,1915,Leipzig | Leipzig | Leipzig | Leipzig | لایپزیگ | Leipzig | Leipzig | Leipzig | Leipzig | Leipzig | Leipzig | Leipzig | Leipzig | Leipzig | Leipzig | Leipzig | લેઇપઝિગ | Leipzig | Leipzig | Lipekika | לייפציג | लिपजिग | Leipzig | Lipsk | Լայփցիկ | Leipzig | Leipzig | Leipzig | Leipzig | Leipzig | ライプツィヒ | Leipzig | ლაიფციგი | Leipzig | Leipzig | Лейпциг | ಲೈಪ್ಜಿಗ್ | 라이프치히 | 라이프찌히 | Leipzig | Лейпциг | Lipsia | Leipzig | Leipzig | Leipzig | Leipzig | Leipzig | Lipsia | Leipcigas | Leipciga | 萊比錫 | Лэйпциг | Leipzig | Leipzig | Лайпциг | लाइपझिश | Leipzig | Leipzig | လိုက်ပဆစ်မြို့ | لایپتسیش | Leipzig | Leipzig | Lipsia | Leipzig | Leipzig | Leipzig | लेइपजिग | Leipzig | Leipzig | ߟߋߌߔߑߖ߭ߌߜ߭ | Leipzig | Leipzig | Лейпциг | ਲਾਈਪਸਿਸ਼ | Leipzig | Leipzig | Leipzig | Lipsia | لیپزش | Leipzig | Leipzig | Leipzig | Leipzig | Leipzig | Ліпско | Lipsia | Lipsia | Leipzig | ليپزگ | Leipzig | ලේයිප්සිග් | Leipzig | Lajpcigu | Лајпциг | Лајпциг | Leipzig | Leipzig | Leipzig | Lajpcik | லைப்சிக் | Lipsia | Leipzig | Leipzig | ലീപ്സിഗ് | Leipzig | Leipzig | Lipcse | Лейпциг | Lipsko | Lipsko | Leipzig | Lipsk | Leipzig | Leipzig | Leypsiq | Лейпцыг | Ляйпцыг | Լայպցիգ | Лајпциг | Лейпциг | Leipzig | ላይፕጽግ | Leipzig | لايبزيغ | لايبتزج | Leipzig | لایپزیق | Лейпциг | Leipzig | Leipzig | Лайпциг | লাইপ্ৎসিশ | Leipzig | Leipzig | Leipzig | Лейпциг | Leipzig | لایپزیگ | Lipsia | Leyptsig | Leyptsig | Лейпциг | Leipzig | Leipzig | Leipzig | Leipzig | Leipzig | Lipsk | Λειψία | Leipzig | Leipzig | Leipzig | లేఇప్జిగ్ | Лейпзиг | ไลพ์ซิช | Leipzig | Leipzig | Лейпциг | Leipzig | Leipzig | Léypzig | لائپزش | Leipzig | Leipzig | Läipcig | Leipzig | Leipzig | Leipzig | Leipzig | Leipzig | Leipzig | 莱比锡 | ლაიფციგი | לייפציג | 萊比錫 | 莱比锡 | 莱比锡 | 莱比锡 | 萊比錫 | 萊比錫 | Leipzig
Q73058,Willard Boyle,1924,2011,"Amherst | Amherst | Amherst | Amherst | Емгерст | Amherst | Amherst | Amherst | Amherst | אמהרסט | Amherst | Amherst | Amherst | Amherst | Amherst | Амхерст | Amherst | アマースト | Амхерст | 阿默斯特 | أمهرست | امهرست | Amherst | Amherst | Amherst | Amherst | Amherst | Amherst | Amxerst | Амхёрст | Амгерст | Amherst | Amherst (Nova Scotia) | امهرست، نوا اسکاتیا | Amherst | Ամհերստ | Amherst, Nova Scotia | Amherst, Nova Scotia | Амһерст"
Q80365,Maria Angela Ardinghelli,1728,1825,Napoli | Napoli | Neapel | Neapel | Neapol | Naples | നാപ്പൊളി | Nápoles | Naples | Неаполь | Neapelj | Nápoly | Neapolis | Nápoles | Napoli | Napoli | ナポリ | Неапаль | Нэапаль | Неапол | Napoles | Νεάπολις | נאפולי | Նեապոլ | Неапол | Napels | Неаполь | Nápoles | Napulj | Напуљ | เนเปิลส์ | Napoli | Neapol | Napoles | Napoli | Napoli | Napoli | Napoli | Napoli | Napoli | Napoli | Napoli | Napoli | Napoli | Napoli | Napoli | Napoli | Napoli | Napoli | Napoli | Napoli | Napoli | Napoli | Napoli | Napoli | Napoli | Napoli | Napoli | Napoli | Napoli | Napoli | Napoli | Napoli | Napoli | Napoli | Napoli | Napoli | Napoli | Napoli | Napoli | Neapol | Неаполь | Neapol | Naples | Napels | 那不勒斯 | Napolo | નેપલ્સ | ನೇಪಲ್ಸ್ | नेपल्स | నేపుల్స్ | Неаполь | Napels | ናፖሊ | Nápols | نابولي | نابولى | Neapol | ناپول | Napoles | নাপোলি | Napulj | Nàpols | Неаполь | ناپۆلی | Napuli | Neapol | Неаполь | Νάπολη | Nâpol | Nápoli | ناپل | Naple | Neapel | Nápoles | Neapel | Nâ-put-le̍t-sṳ̂ | नापोलि | Napulj | Neapel | Նէափոլ | Neapole | Napólí | ნეაპოლი | Neapol | Napuli | Неаполь | Неаполь | 나폴리 | Napolî | Napolî | Неаполь | Neapel | Неаполь | Napels | Napoli | Nápoli | Neapolis | Neapole | 那不勒斯 | Наполи | Неаполь | Nāpori | Неаполь | नापोली | Napli | ناپولی | Napule | Neapel | Napels | नेपल्स | Napoules | Nàpols | Naples | Napoule | Napols | Nàpoli | نیپلز | ناپل | Naples | Napule | Неаполь | नापोली | Неаполь | Nàpoli | Nàpuli | Naples | Neapuolės | නේපල්ස් | نیپلس | Napoli | Na-pu-li 拿波里 | நாபொலி | Неапол | Неапол | Neapol | Neapol | ma tomo Napoli | Наполи | Неаполь | Naplés | ناپولی | Nàpułi | Napol' | Noapels | 那不勒斯 | Naples | ნეაპოლი | נאפאלי | Naples | 拿坡利 | Napels | 那不勒斯 | 那不勒斯 | 拿坡里 | 拿坡里 | 拿坡里 | 那不勒斯 | 那不勒斯 | 拿坡里
Q78955,Johannes von Gmunden,1380,1442,Gmunden | Gmunden | Gmunden | Гмунден | Гмундэн | Gmunden | גמונדן | Gmunden | Գմունդեն | Гмунден | Gmunden | Gmunden | Gmunden | Gmunden | Гмунден | Gmunden | Gmunden | Gmunden | غموندن | Gmunden | جموندن | Gmunden | Gmundn | Гмунден | Gmunden | Гмунден | Gmunden | Gmunden | Γκμούντεν | Gmunden | Gmunden | Gmunden | Gmunden | گمودن | Gmunden | Gmunden | Gmunden | Gmunden | Gmunden | Gmunden | グムンデン | გმუნდენი | Гмунден | 그문덴 | Gmunden | Gmunden | Gmunden | Gmundenas | Gmunden | Gmunden | Gmunden | Гмунден | Gmunden | Gmunden | Gmunden | Gmunden | Gmunden | Гмунден | Gmunden | Gmunden | Gmunden | กมุนเดิน | Gmunden | Гмунден | Gmunden | Gmunden | גמונדן | 格蒙登 | 格蒙登 | Gmunden | Gmunden | Gmunden
Q80256,Lajos Alföldi,1927,2021,מישקאלץ | 米什科爾茨 | 米什科尔茨 | 米什科尔茨 | 米什科尔茨 | 米什科爾茨 | 米什科爾茨 | 密什科茲 | Miskolc | Miskolc | ميشكولتس | ميشكولتس | Miskolc | Mişkolç | Miskolc | Miskolc | Мішкальц | Мішкальц | Мишколц | মিসকস | Miskolc | Miskolc | Мишкольц | Miskolc | Miskolc | Miskolc | Miskolc | Miskolc | Miskolc | Miskolc | Μίσκολτς | Miskolc | Miskolc | Miskolc | Miskolc | Miskolc | Miskolc | Miskolc | میشکولتس | Miskolc | Miskolc | Miskolc | Miskolc | Miskolc | મિસ્કોલ્ક | מישקולץ | मिस्कोल्स | Miškolc | Miskolc | Միշկոլց | Miskolc | Miskolc | Miskolc | Miskolc | ミシュコルツ | მიშკოლცი | Мишкольц | ಮಿಸ್ಕೋಲ್ಕ್ | 미슈콜츠 | Мишкольц | Miskolc | Miskolc | Miškolcas | Miškolca | Мишкольц | Мишколц | Мишкольц | मिस्कोल्क | Мишкольц | Miskolc | Мишкольц | Miskolc | Miskolc | Miskolc | Miskolc | Miskolc | Мишкольц | Miszkolc | Miskolc | مسکولس | میشکولتس | Miskolc | Miskolc | Miskolc | Miskolc | Miskolc | Мишкольц | Miskolc | Miskolc | Miskolc | මිස්කොල්ක් | Miškovec | Miskolc | Miskolc | Miskolc | Мишколц | Miskolc | Miskolc | Miskolc | மிஸ்க்கோல்க் | మిస్కోల్చ్ | มิชโกลส์ | Miskolc | Miskolc | Мишкольц | Мишкольц | Мішкольц | مسکولک | Mishkols | Miskolc | Miškol'c | Miskolc | Miskolc | Miskolc | Miskolc | 米什科尔茨 | მიშკოლცი
Q82409,Samuel Taylor Coleridge,1772,1834,Ottery St Mary | أوتري سانت ماري | اوترى سانت مارى | Ottery St Mary | اوتری سنت ماری | Ottery St Mary | Отэры-Сент-Мэры | Отэры Сэнт-Мэры | ওট্যারি সেন্ট ম্যারি | Ottery St Mary | Ottery St Mary | Ottery St Mary | Ottery St Mary | Ότερι Σεντ Μαίρυ | Ottery St. Mary | Ottery St. Mary | اوتری سنت ماری | Ottery St Mary | Ottery St Mary | ઓટરી સેન્ટ મેરી | אוטרי סנט מרי | Օտերի Սենտ Մերի | Ottery St Mary | オッテリー・セイント・メリー | ಓಟರಿ ಸೇಂಟ್ ಮೇರಿ | 오터리 세인트 메리 | Ottery St Mary | Ottery St Mary | Oteri Sant Meri | Ottery St Mary | Ottery St Mary | Ottery St. Mary | Ottery St Mary | Ottery St Mary | Ottery St Mary | Оттери-Сент-Мэри | Ottery St Mary | Ottery St Mary | Ottery St Mary | ஓட்டேரி ஸ்ட மேரி | ఓట్టేరీ సెయింట్ మేరీ | Ottery St Mary | وتتیری سینٹ ماری | 奧特里聖瑪麗 | 奥特利圣玛丽 | 奧特利聖瑪麗
Q80288,Martin Frobisher,1535,1594,ألتوفتس | Altofts | آلتفتس | Altofts | Altofts | Altofts | Altofts | Altofts | Альтофтс | Altofts | Альтофтс
Q78968,August Sicard von Sicardsburg,1813,1868,"Budín | בודה | Buda | Буда | Budín | Buda | Pest | Буда | Buda | Буда | Buda | Buda | Buda | بودا | Буда | Buda | Buda | Buda | Buda | Buda | Buda | Budin | ブダ | Buda | Budim | Buda | Buda | Buda | Buda | Buda | Boeda | بودا | Buda | Буда | Buda | Βούδα | Buda | Buda | بودا | Buda | Բուդա | Պուտա | Buda, Hungaria | Buda | ბუდა | Буда | بۋدا | بۋدا | Буда | Буда | Bwda | Bwda | 부더 | Buda | بودا | Buda | Aquincum | Buda (Vengrija) | Будим | Buda | Boeda | Будæ | Будин | Buda | Budim | Budim | Будим | Будим | Budim | บูดอ | Buda | Buda | 布达 | 布达 | 布达 | 布達 | 布達 | 布达 | 布達"
Q78589,Emil Jellinek,1853,1918,Leipcigas | Leipciga | 萊比錫 | Лэйпциг | Leipzig | Leipzig | Лайпциг | लाइपझिश | Leipzig | Leipzig | လိုက်ပဆစ်မြို့ | لایپتسیش | Leipzig | Leipzig | Lipsia | Leipzig | Leipzig | Leipzig | लेइपजिग | Leipzig | Leipzig | ߟߋߌߔߑߖ߭ߌߜ߭ | Leipzig | Leipzig | Лейпциг | ਲਾਈਪਸਿਸ਼ | Leipzig | Leipzig | Leipzig | Lipsia | لیپزش | Leipzig | Leipzig | Leipzig | Leipzig | Leipzig | Ліпско | Lipsia | Lipsia | Leipzig | ليپزگ | Leipzig | ලේයිප්සිග් | Leipzig | Lajpcigu | Лајпциг | Лајпциг | Leipzig | Leipzig | Leipzig | Lajpcik | லைப்சிக் | లేఇప్జిగ్ | Лейпзиг | ไลพ์ซิช | Leipzig | Leipzig | Лейпциг | Leipzig | Leipzig | Léypzig | لائپزش | Leipzig | Leipzig | Läipcig | Leipzig | Leipzig | Leipzig | Leipzig | Leipzig | Leipzig | 莱比锡 | ლაიფციგი | לייפציג | 萊比錫 | 莱比锡 | 莱比锡 | 莱比锡 | 萊比錫 | 萊比錫 | Leipzig | Lipsia | Leipzig | Leipzig | ലീപ്സിഗ് | Leipzig | Leipzig | Lipcse | Лейпциг | Lipsko | Lipsko | Leipzig | Lipsk | Leipzig | Leipzig | Leypsiq | Лейпцыг | Ляйпцыг | Լայպցիգ | Лајпциг | Лейпциг | Leipzig | ላይፕጽግ | Leipzig | لايبزيغ | لايبتزج | Leipzig | لایپزیق | Лейпциг | Leipzig | Leipzig | Лайпциг | লাইপ্ৎসিশ | Leipzig | Leipzig | Leipzig | Лейпциг | Leipzig | لایپزیگ | Lipsia | Leyptsig | Leyptsig | Лейпциг | Leipzig | Leipzig | Leipzig | Leipzig | Leipzig | Lipsk | Λειψία | Leipzig | Leipzig | Leipzig | Leipzig | Leipzig | Leipzig | Leipzig | لایپزیگ | Leipzig | Leipzig | Leipzig | Leipzig | Leipzig | Leipzig | Leipzig | Leipzig | Leipzig | Leipzig | Leipzig | લેઇપઝિગ | Leipzig | Leipzig | Lipekika | לייפציג | लिपजिग | Leipzig | Lipsk | Լայփցիկ | Leipzig | Leipzig | Leipzig | Leipzig | Leipzig | ライプツィヒ | Leipzig | ლაიფციგი | Leipzig | Leipzig | Лейпциг | ಲೈಪ್ಜಿಗ್ | 라이프치히 | 라이프찌히 | Leipzig | Лейпциг | Lipsia | Leipzig | Leipzig | Leipzig | Leipzig | Leipzig | Lipsia
Q78580,Johann Radon,1887,1956,Дечин | Дєчін | دیچین | Děčín | Děčín | 傑欽 | 杰钦 | 杰钦 | 杰钦 | 傑欽 | 傑欽 | 杰钦 | 傑欽 | Děčín | Děčín | ديتشين | ديتشين | Děčín | Deçin | Дзечын | Дзечын | Дечин | Děčín | Děčín | Děčín | Děčín | Děčín | Τζέτσιν | Děčín | Děčín | Děčín | Děčín | Děčín | دییچین | Děčín | Děčín | Děčín | Děčín | דייצ'ין | Děčín | Děčín | Děčín | Děčín | ジェチーン | დეჩინი | Дечин | دەتشىين | دەتشىين | Дечин | Дечин | Deçïn | Deçïn | 데친 | Děčín | Dečynas | Dečīna | Дечин | Дјечин | Děčín | Děčín | Děčín | Děčín | Дечин | Děčín | دیچین | ديچين | Děčín | Děčín | Дечин | Děčín | Děčín | Děčín | Děčín | Дјечин | Дјечин | Dječin | Děčín | Děčín | Děčín | Дечин | Decin | Děčín
Q78585,Leo Fall,1873,1925,Olmütz | Olomouc | Olomouc | Ołomuniec | Olomouc | Olomouc | Оломоуц | Olomouc | Olomouc | Olomouc | Olomouc | Olomouc | Olomouc | Olomouc | Olomouc | Olomouc | Olomouc | Olomouc | Olomouc | Olomouc | Olomouc | Olomouc | Olomouc | Olomouc | Olomouc | Olomouc | Olomouc | Olomouc | Olomouc | Olomouc | Olomouc | Olomouc | Olomouc | Olomouc | Olomouc | Olomouc | Olomouc | Olomouc | Olomouc | Olomouc | Olomouc | Olomouc | אולומואוץ | Olomouc | オロモウツ | Оламаўц | Оломоуц | Оломоуць | أولوموتس | اولوموتس | Olomouç | Оламаўц | ওলোমোস | Оломоуц | Olomouc (kapital sa lalawigan sa Tsekya) | Olomouc | Όλομουτς | اولوموتس | Olomouc (Steed) | Olomouc | cementerio de Viena | ઑલોમોક | ओलोमौक | Wołomuc | Olomouc | Օլոմոուց | ოლომოუცი | Оломоуц | ಒಲೊಮೊಕ್ | 올로모우츠 | Olomucium | Olomouc | Olomoucas | Olomouca | Оломоуц | Оломоуц | ऑलोमोक | Olomouc | Olomouc | Оломоуц | اولوموتس | اولوموڅ | Olomouts | Olomouc | ඔලෝමෞක්' | Оломоуц | Olmic | ஓலோமோவுக் | ఓలామక్ | Оломоутс | โอโลโมตส์ | ma tomo Olomo | Olomouc | Оломоутс | اولوموتس | Olomouts | Olomouc | 奥洛穆茨 | ოლომოუცი | 奧洛穆克 | 奥洛莫乌茨 | 奥洛穆茨 | 奥洛穆茨 | 奧洛穆茨
Q78604,Fritz Machlup,1902,1983,Винер-Нойштадт | Wiener Neustadt | Wiener Neustadt | وینر نیوشٹڈ | Wiener Neustadt | Wiener Neustadt | Винер-Нойштадт | Bečko Novo Mjesto | Viedenské Nové Mesto | Dunajsko Novo mesto | Винер Нојштат | Винер Нојштат | Viner Nojštat | Wiener Neustadt | Wiener Neustadt | Wiener Neustadt | Винер-Нойштадт | Вінер-Нойштадт | وینر نیوشٹڈ | Wiener Neustadt | Wiener Neustadt | Wiener Neustadt | Wiener Neustadt | 维也纳新城 | ווינער ניישטאט | 維也納新城 | 维也纳新城 | 维也纳新城 | 維也納新城 | 維也納新城 | 维也纳新城 | 維也納新城 | Wiener Neustadt | Wiener Neustadt | Wiener Neustadt | Wiener Neustadt | Wiener Neustadt | فينر نويشتات | فينر نويشتات | Wiener Neustadt | Viner-Noyştadt | وینر نویشتات | Wiener Neustadt | Weana Neistod | Вінер-Нойштат | Вінэр-Нойштат | Винер Нойщат | Wiener Neustadt | Bečko Novo Mjesto | Wiener Neustadt | Винер-Нойштадт | Wiener Neustadt Stadt | Vídeňské Nové Město | Wiener Neustadt | Wiener Neustadt | Wiener Neustadt | Βίνερ Νόιστατ | Wiener Neustadt | Wiener Neustadt | Wiener Neustadt | Wiener Neustadt | وینر نویشتات | Wiener Neustadt | Wiener Neustadt | Wiener Neustadt | Wiener Neustadt | Wiener Neustadt | Wiener Neustadt | וינר נוישטאדט | Bečko Novo Mjesto | Bécsújhely | Վիներ-Նոյշտադտ | Wiener Neustadt | Wiener Neustadt | Wiener Neustadt | ウィーナー・ノイシュタット | ვინერ-ნოიშტადტი | Винер-Нойштадт | ۆىينەر-نويشتادت | ۆىينەر-نويشتادت | Винер-Нойштадт | Винер-Нойштадт | Vïner-Noýştadt | Vïner-Noýştadt | 비너노이슈타트 | Nova civitas Vindobonensis | Wiener Neustadt | Wiener Neustadt | Wiener Neustadt | Vyner Noištatas | Vīnerneištate | Винэр Нойштадт | Винер Нојштат | Wiener Neustadt | Wiener Neustadt | Wiener Neustadt | Wiener Neustadt | Wiener Neustadt | Wiener Neustadt
Q78304,Wolfgang Wegener,1875,1956,Stettino | Szczecin | Stettin | Szczecin | Štětín | Szczecin | Szczecin | Szczecin | Szczecin | Szczecin | Szczecin | Szczecin | シュチェチン | 什切青 | Szczecin | Szczecin | Stettin | Stettin | Stettin | Stettin | Stettin | Stettin | Stettin | Stettin | Stettin | Stettin | Stettin | Szczecin | ሽጨቺን | شتشيتشين | شتتين | Szczecin | Szczecin | Şetsin | شچچین | Szczecin | Шчэцін | Шчэцін | Шчечин | স্টাজিন | Szczecin | Szczecin | Щецин | شچێچین | Şçetsin | Şçetsin | Szczecëno | Szczecin | Szczecin | Szczecin | Στσέτσιν | Szczecin | Szczecin | Szczecin | Szczecin | Szczecin | شچچین | Szczecin | Szczecin | શ્ટેચિન | Szczecin | Sṳ̍p-chhiet-chhiâng | שצ'צ'ין | श्टेटीन | Szczecin | Šćećin | Շչեցին | Szczecin | Szczecin | Szczecin | Szczecin | Szczecin | შჩეცინი | Щецин | Szczecin | ಸ್ಟೆಟ್ಟಿನ್ | 슈체친 | Stettinum | Szczecin | Stetin | Ščecinas | Ščecina | Щечин | Щецин | Szczecin | Шчеќин | Шчецин | Шчецин | श्टेचिन | Szczecin | Szczecin | Щецин ош | Szczecin | Szczecin | Szczecin | Szczecin | Szczecin | Estettin | Szczecin | Щецин | ششیچن | شچېچېن | Estetino | Estetino | Szczecin | Szczecin | Щецин | Щецин | Szczecin | Szczecin | Szczecin | Шчећин | සෙසින් | Štetín | Szczecin | Szczecin | Шчећин | Szczecin | Szczecin | Sztetin | ஸ்செசின் | స్జేచిన్ | Szczecin | Штеттин | ชแชตชิน | Szczecin | ma tomo Sesin | Szczecin | Щецин | Шӵечин | Shchétsin | Щецин | شٹیچین | Shchetsin | Stetin | Ščecin | Szczecin | Szczecin | Szczecin | 什切青 | შჩეცინი | שטעטין | 舒車前 | 什切青 | 什切青 | 什切青
Q78162,Ernst Moro,1874,1951,Liubliana | Lubiana | Ljubljana | ലുബ്ലിയാന | Ljubljana | Lublana | Любляна | Любляна | Liubliana | Ljubljana | Lublaň | Любляна | Ljubljana | Ljubljana | Λιουμπλιάνα | Ljubljana | Ljubljana | Ljubljana | Laibach | Любляна | Любляна | Ljubljano | ליובליאנה | Լյուբլյանա | Ľubľana | Ljubljana | Любляна | Lubiana | Ljubljana | Ljubljana | ልዩብልያና | Ljubljana | Labaceaster | لبلانة | ليوبليانا | ليوبليانا | Liubliana | Любляна | Ljubljana | Lyüblyana | Любляна | Ljubljana | Laiboch | Ljubljana | Lublianah | লিউব্লিয়ানা | ལི་པོ་ཡ་ན། | Ljubljana | Ljubljana | Любляна | Ljubljana | لیوبلیانا | Lüblâna | Lüblâna | Люблꙗна | Любляна | Ljubljana | Ljubljana | Ljubljana | Ljubljana | Ljubljana | Ljubljana | Ljubljana | Ljubljana | Liubliana | لیوبلیانا | Ljubljana | Ljubljana | Ljubljana | Ljubljana | Lubiane | Ljubljana | Liúibleána | L'yublyana | Ljubljana | Liubliana | Ljubljana | લ્યુબ્લિયના | Ljubljana | Ljubljana | Ljubljana | लुब्लियाना | Ljubljana | Ljubljana | Ljubljana | Lyoubyana | Ljubljana | Լիւպլիանա | Ljubljana | Ljubljana | Ljubljana | Ljubljana | Ljubljana | Ljubljana | リュブリャナ | Ljubljana | ლიუბლიანა | Lyublyana | Lyubyana | Любляна | ಲುಬ್ಲಿಯಾನಾ | 류블랴나 | Любляна | Labacum | Ljubljana | Ljubljana | Ljubljana | Lubiann-a | Lübiana | Lyublyana | Liubliana | Ļubļana | Любляна | Ljubljana | Ljubljana | Ljubljana | Љубљана | Люблян | लियुब्लियाना | Ljubljana | Ljubljana | Любляна ош | لیوبلیانا | Liubliana | Liû-bu̍t-liá-ná | Ljubljana | Ljubljana | Ljubljana | Liublianne | Ljubljana | L’ubl’ana | Люблянæ | ਲਿਊਬਲਿਆਨਾ | Ljubljana | Lubian-a | لیوبلیانا | لیوبلیانا | Liubliana | Ljubljana | Ljubljana | Ljubljana | Ljubljana | Любляна | Ljubljana | Любляна | Ljubljana | ليوبليانا | Ljubljana | Liublijana | ලුබ්ලියානා | Ljubljana | Ljubljana | Ljubljana | Ljubljana | Ljubljana | Ljubljana | Ljubljana | Ljubljana | Lubjana | Љубљана | Ljubljana | Ljubljana | Lyublyana | Lublana | லியுப்லியானா | ల్యుబ్లియానా | Любляна | Любляна | ลูบลิยานา | Lýublýana | Ljubljana | Lyublyana | Любляна | Ljubljana | Любляна | ليۇبليانا | لیوبلیانا | Lyublyana | Łubiana | Lüblän | Ljubljana | Ljubljana | Ljubljana | Ljubljana | Ljubljana | Ljubljana | Jubaljana | 卢布尔雅那 | ლიუბლიანა | ליובליאנא | Ljubljana | 盧布爾雅那 | 卢布尔雅那 | 卢布尔雅那 | 卢布尔雅那 | 盧比安納 | 盧布爾雅那 | 盧布爾雅那 | 卢布尔雅那 | 卢布尔雅那 | 盧比安納 | i-Ljubljana | لیٛوبلیانا
Q78307,Peter Stuhlmacher,1932,2025,Leipzig | Leipzig | Leipzig | Leipzig | Leipzig | لایپزیگ | Leipzig | Leipzig | Leipzig | Leipzig | Leipzig | Leipzig | Leipzig | Leipzig | Leipzig | Leipzig | Leipzig | લેઇપઝિગ | Leipzig | Leipzig | Lipekika | לייפציג | लिपजिग | Leipzig | Lipsk | Լայփցիկ | Leipzig | Leipzig | Leipzig | Leipzig | Leipzig | ライプツィヒ | Leipzig | ლაიფციგი | Leipzig | Leipzig | Лейпциг | ಲೈಪ್ಜಿಗ್ | 라이프치히 | 라이프찌히 | Leipzig | Лейпциг | Lipsia | Leipzig | Leipzig | Leipzig | Leipzig | Leipzig | Lipsia | Leipcigas | Leipciga | 萊比錫 | Лэйпциг | Leipzig | Leipzig | Лайпциг | लाइपझिश | Leipzig | Leipzig | လိုက်ပဆစ်မြို့ | لایپتسیش | Leipzig | Leipzig | Lipsia | Leipzig | Leipzig | Leipzig | लेइपजिग | Leipzig | Leipzig | ߟߋߌߔߑߖ߭ߌߜ߭ | Leipzig | Leipzig | Лейпциг | ਲਾਈਪਸਿਸ਼ | Leipzig | Leipzig | Leipzig | Lipsia | لیپزش | Leipzig | Leipzig | Leipzig | Leipzig | Leipzig | Ліпско | Lipsia | Lipsia | Leipzig | ليپزگ | Leipzig | ලේයිප්සිග් | Leipzig | Lajpcigu | Лајпциг | Лајпциг | Leipzig | Leipzig | Leipzig | Lajpcik | Lipsia | Leipzig | Leipzig | ലീപ്സിഗ് | Leipzig | Leipzig | Lipcse | Лейпциг | Lipsko | Lipsko | Leipzig | Lipsk | Leipzig | Leipzig | Leypsiq | Лейпцыг | Ляйпцыг | Լայպցիգ | Лајпциг | Лейпциг | Leipzig | ላይፕጽግ | Leipzig | لايبزيغ | لايبتزج | Leipzig | لایپزیق | Лейпциг | Leipzig | Leipzig | Лайпциг | লাইপ্ৎসিশ | Leipzig | Leipzig | Leipzig | Лейпциг | Leipzig | لایپزیگ | Lipsia | Leyptsig | Leyptsig | Лейпциг | Leipzig | Leipzig | Leipzig | Leipzig | Leipzig | Lipsk | Λειψία | Leipzig | Leipzig | லைப்சிக் | లేఇప్జిగ్ | Лейпзиг | ไลพ์ซิช | Leipzig | Leipzig | Лейпциг | Leipzig | Leipzig | Léypzig | لائپزش | Leipzig | Leipzig | Läipcig | Leipzig | Leipzig | Leipzig | Leipzig | Leipzig | Leipzig | 莱比锡 | ლაიფციგი | לייפציג | 萊比錫 | 莱比锡 | 莱比锡 | 莱比锡 | 萊比錫 | 萊比錫 | Leipzig
Q78148,Dietrich Barfurth,1849,1927,Dinslaken | Dinslaken | Dinslaken | Dinslaken | Dinslaken | Dinslaken | Dinslaken | Dinslaken | Dinslaken | Dinslaken | Dinslaken | Dinslaken | Dinslaken | Dinslaken | Dinslaken | Dinslaken | Dinslaken | Dinslaken | Dinslaken | Dinslaken | Dinslaken | Dinslaken | Dinslaken | Dinslaken | Dinslaken | Dinslaken | Dinslaken | Dinslaken | Dinslaken | Dinslaken | Dinslaken | Dinslaken | Dinslaken | Dinslaken | Dinslaken | Dinslaken | Dinslaken | Dinslaken | Dinslaken | Dinslaken | Dinslaken | Dinslaken | Dinslaken | Dinslaken | Dinslaken | Dinslaken | Dinslaken | Dinslaken | Dinslaken | Dinslaken | Dinslaken | Dinslaken | Dinslaken | Dinslaken | Dinslaken | Dinslaken | Dinslaken | Dinslaken | Dinslaken | Dinslaken | Dinslaken | Dinslaken | Dinslaken | Dinslaken | Dinslaken | Dinslaken | Dinslaken | Dinslaken | Dinslaken | Dinslaken | Dinslaken | Dinslaken | Dinslaken | Динслакен | دينسلاكن | دينسلاكن | Dinslaken | دینزلاکن | Дынслакен | Динслакен | Динслакен | Ντίνσλακεν | دینزلاکن | דינסלאקן | Dinslaken | ディンスラーケン | Динслакен | Dinslaken | Динслакен | Dinslaken | Dinslakenas | Dinslaken | Dinslaken | Динслакен | Dinslaken | Дінслакен | Dinslaken | Dinslaken | 丁斯拉肯 | 丁斯拉肯
Q78255,Oskar Höcker,1840,1894,Eilenburg | Eilenburg | Eilenburg | Eilenburg | Eilenburg | Eilenburg | Eilenburg | Eilenburg | Eilenburg | Eilenburg | Айленбург | Eilenburg | Eilenburg | Eilenburg | Eilenburg | Eilenburg | Eilenburg | Ајленбург | Eilenburg | Eilenburg | Eilenburg | Eilenburg | Айленбург | Eilenburg | Айленбург | Eilenburg | Eilenburg | Eilenburg | Eilenburg | Eilenburg | Eilenburg | Eilenburg | Eilenburg | 艾伦堡 | 艾倫堡 | Eilenburg | Eilenburg | Jiłow | Eilenburg | Eilenburg | آيلنبورغ | آيلنبورج | Eilenburg | آیلنبورق | Айленбург | Eilenburg | Айленбург | Eilenburg | Eilenburg | Eilenburg | Айленбург | Eilenburg | Eilenburg | Eilenburg | Eilenburg | Eilenburg | Eilenburg | Eilenburg | Άιλενμπουργκ | Eilenburg | Eilenburg | Eilenburg | Eilenburg | Eilenburg | Eilenburg | Eilenburg | آیلنبورگ | Eilenburg | Eilenbourg | Eilenburg | Eilenburg | Eilenburg | Eilenburg | Eilenburg | Eilenburg | Eilenburg | איילנבורג | Eilenburg | Eilenburg | Այլենբուրգ | Eilenburg | Eilenburg | Eilenburg | Eilenburg | Eilenburg | Eilenburg | アイレンブルク | Eilenburg | Айленбург | Eilenburg | Айленбург | Eilenburgum | Eilenburg | Eilenburg | Eilenburg | Eilenburg | Eilenburga | Eilenburg | Eilenburg | Ајленбург | Eilenburg | Eilenburg | Eilenburg | Eilenburg | Eilenburg | Eilenburg
Q78271,Otto Zöckler,1833,1906,Grünberg | Grünberg | Grünberg | Grünberg | Grünberg | Grünberg | Grünberg | Grünberg | Grünberg | גרינברג | Grünberg | Grünberg | Grünberg | Grünberg | Grünberg | 格林贝格 | Grünberg | Grünberg | Grünberg | Grünberg | Grünberg | Grünberg | Grünberg | Grünberg | Grünberg | Grünberg | Grünberg | Grünberg | Grünberg | Grünberg | Grünberg | Grünberg | Grünberg | Grünberg | Grünberg | Grünberg | Grünberg | Grünberg | Grünberg | Grünberg | Grünberg | Grünberg | Grünberg | Grünberg | グリューンベルク | Grünberg | Grünberg | Grünberg | Grünberg | Grünberg | Grünberg | Grünberg | Grünberg | Grünberg | Grünberg | Grünberg | Grünberg | Grünberg | Grünberg | Grünberg | Grünberg | Grünberg | Grünberg | Grünberg | Грюнберг | Grünberg | Grünberg | Grünberg | Grünberg | Grünberg | Grünberg | Grünberg | Grünberg | Grünberg | Grünberg | Grünberg | Grünberg | Grünberg | Grünberg | Grünberg | Grünberg | Grünberg | Grünberg | Grünberg | Grünberg | قرونبرق | گرونبرگ | Грюнберг | غرونبرغ هسن | جرونبرج هسن | Груьнберг | Grünberg (munisipyo) | Γκρύνμπεργκ | Гринберг | Грюнберг
Q78288,Angelo Neumann,1838,1910,"Stupava | Stupava | Stupava | Stupava | Stupava | Stupava | Stupava | Stupava | Stupava | Stupava | Stupava | Stupava | Stupava | Stupava | Stupava | Stupava | Ступава | Stupava | Ступава | Stupava | Stupava | Stupava | Stupava | Stupava | Stupava | Stupava | Ступава | ستوبافا | ستوبافا | Stupava (okres Malacky) | ستوپاوا، ناحیه مالاتسکی | סטופבה | Stomfa | スツパバ | Stupava (Slovachia) | Stupava | Ступава | Ступава | Stupava, Daerah Malacky | Ступава | Stupava | Stupava | Stupava | Stupava, Distrito han Malacky | 斯圖帕瓦 | 斯图帕瓦"
Q78244,Alfred Wilm,1869,1937,Wleń | Улень | Влень | Wleń | Wleń | Wleń | Βλεν | Wleń | Wleń | Wleń | Wleń | Wleń | Wleń | Vleņa | Wleń | Wleń | Wleń | Wleń | Wleń | Влень | Wleń | Wleń | Влењ | Wleń | Wlyń | วแลญ | Wleń | Влен | Влень | Wleń | Lehnum
Q76155,Wilhelm Dunker,1809,1885,Eschwege | Eschwege | Eschwege | Eschwege | إشفيغه | اشفيجه | Eschwege | Eschwege | Ешвеге | Eschwege | Eschwege | Эшвеге (гӀала) | Eschwege | Eschwege | Eschwege | Eschwege | Eschwege | Eschwege | Eschwege | Έσβεγκε | Eschwege | Eschwege | Eschwege | Eschwege | Eschwege | Eschwege | اشوگه | Eschwege | Eschwege | Eschwege | Eschwege | Eschwege | Eschwege | Eschwege | Eschwege | אשווגה | Eschwege | Eschwege | Eschwege | Eschwege | Eschwege | Eschwege | Eschwege | Eschwege | エシュヴェーゲ | ეშვეგე | Eschwege | Buenos Aires | Eschwege | Escevegia | Eschwege | Eschwege | Eschwege | Eschwege | Eschwege | Eschwege | Eschwege | Eschwege | Eschwege | Eschwege | Eschwege | Eschwege | Eschwege | Eschwege | Eschwege | Eschwege | Eschwege | Eschwege | Eschwege | Eschwege | Eschwege | Eschwege | Эшвеге | Eschwege | Eschwege | Eschwege | Eschwege | Eschwege | Eschwege | Ешвеге | Eschwege | Eschwege | Eschwege | Eschwege | స్చ్వెజ్ | Eschwege | Эшвеге (шәһәр) | Eschwege | Ешвеге | Eschwege | Eschwege | Eschwege | Eschwege | Eschwege | Eschwege | Eschwege | Eschwege | 埃施韦格 | 埃施韦格 | 埃施韦格 | 埃施韦格 | 埃施韦格 | 埃施韦格 | 埃施韦格 | 埃施韦格 | 埃施韦格 | Eschwege
Q76112,René König,1906,1992,Magdeburg | Magdeburg | Meideborg | मेगडेबर्ग | Magdeburg | Magdeburg | Magdeborg | Магдебург | Magdeborgh | مگڈیبرگ | Magdeburgo | Magdeburgo | Magdeburg | Magdeburg | Маґдебурґ | Magdeburg | Magdeburg | Magdeburg | මැඩබර්ග් | Magdeburg | Magdeburg | Magdeburgu | Магдебург | Magdeburg | Magdeburg | Magdeburg | Magdeburg | மாக்டெபர்க் | మగ్డెబర్గ్ | มัคเดอบวร์ค | Magdeburg | Magdeburg | Magdeburg | ماجدیبورج | Magdeburg | Magdeburgo | Magdeburg | Magdeburg | Magdeburg | Magdeburg | 马格德堡 | მაგდებურგი | מאגדעבורג | Magdeburg | 麥德堡 | Magdeburg | 马格德堡 | 马格德堡 | 马格德堡 | 馬格德堡 | 馬德堡 | 馬德堡 | 马格德堡 | 马格德堡 | 馬德堡 | Magdeburgo | Magdeburg | മാഗ്ഡെബുർഗ് | Magdeburg | Магдебург | Dźěwin | Магдэбург | Magdeburk | دورتموند | Magdeburg | Magdeburg | Magdeburg | Магдебург | Магдебург | Магдебург | Մագդեբուրգ | Magdebuag | Магдебург | Magdeburg | Maagdenburg | ማክደቡርክ | Magdeburgo | Mihtiġburg | مغدبورغ | ماجدبورج | Magdeburgu | Maqdeburq | Магдебург | Magdeburg | Магдэбург | ম্যাগডেবার্গ | Magdeburg | Magdeburg | Магдебург | Landeshauptstadt Magdeburg | ماگدێبورگ | Магдебург | Magdeburg | Magdeburg | Magdeburg | Magdeburg | Μαγδεμβούργο | Magdeburgo | Magdeburgo | Magdeburg | Magdeburg | ماگدبورگ | Magdeburg | Magdeburg | Magdeburg | Magdebourg | Magdebörj | Magdeburg | Magdeburg | Magdeburgo | 𐌼𐌰𐌲𐌰𐌸𐍃𐌱𐌰𐌿𐍂𐌲𐍃 | મેગડેબર્ગ | Magdeburg | Magdeburg | Makekepuka | מגדבורג | मागदेबुर्ग | Magdeburg | Magdeburg | Magdeburg | Magdeburg | Magdeburg | Magdeburg | Magdeburg | マクデブルク | Kebon Raja Magdeburg | მაგდებურგი | Магдебург | ಮ್ಯಾಗ್ದೆಬರ್ಗ್ | 마그데부르크 | Magdeburg | Магдебург | Magdeburg | Магдебeрг | Magdeburgum | Magdeburg | Magdebürgu | Magdeburg | Magdeburgh | Magdeburgas | Magdeburga | Магдэбург | Magdeburg | Магдебург | माक्देबुर्ग | Magdeburg | Magdeburg | Magdeburg
Q77069,Leonhard Frank,1882,1961,Würzburg | Würzburg | Вюрцбург | Würzburg | Würzburg | Würzburg | Wurzburgo | Würzburg | Würzburg | Վյուրցբուրգ | Würzburg | Вюрцбург | Würzburg | Вирцбург | Würzburg | Würzburg | Würzburg | Вюрцбург | Würzburg | Вюрцбург | Würzburg | Würzburg | Würzburg | Würzburg | Würzburg | Würzburg | Würzburg | Würzburg | Würzburg | Würzburg | Würzburg | Würzburg | Würzburg | Würzburg | Würzburg | Würzburg | Würzburg | Würzburg | Würzburg | Würzburg | Würzburg | Würzburg | Würzburg | Würzburg | Würzburg | Würzburg | Würzburg | Würzburg | Würzburg | Würzburg | Würzburg | Würzburg | Würzburg | Würzburg | Würzburg | Würzburg | Würzburg | Würzburg | Würzburg | Würzburg | Würzburg | Würzburg | Würzburg | Würzburg | Würzburg | Würzburg | Würzburg | Würzburg | Würzburg | Wurtzbourg | Würzburg (kapital sa distrito nga gobyerno) | וירצבורג | فورتسبورغ | فورتسبورج | Wurzburgu | Vürtsburq | وورتسبورق | Wiazburg | Вюрцбург | Вюрцбург | উর্জবুর্গ | Вуьрцбург | ورزبورگ | Вюрцбург | Βύρτσμπουργκ | Vircburgo | وورتسبورگ | Würzbörj | વુર્ઝબર્ગ | वुर्जबर्ग | ヴュルツブルク | ვიურცბურგი | ವುರ್ಜ್ ಬರ್ಗ್ | 뷔르츠부르크 | Wûrzburg | Вюрцбург | Herbipolis | Würzburg | Viurcburgas | Vircburga | व्युर्झबुर्ग | Wurzburg | Wurzburg | Würzborg | Вюрцбург | ورزبرگ | Wurtzburgo | Wurtzburgo | Вӯрцбурґ | වර්ස්බර්ග් | Вирцбург | வர்ஸ்பர்க் | ఉర్జ్బర్గ్ | เวือทซ์บวร์ค | Вүрцбург | وزبرگ | 维尔茨堡 | 烏茲堡 | 维尔茨堡 | 维尔茨堡 | 维尔茨堡 | 符茲堡 | 維爾茨堡 | 維爾茨堡 | 维尔茨堡 | 维尔茨堡 | 符茲堡
Q79025,Walter Scott,1771,1832,Edimburgo | Edimburgo | Edinburgh | Edinburg | ኤዲንቦሮ | Edimburgo | Edinburg | إدنبرة | إدينبرا | ادنبره | Edimburgu | Edinburq | ادینبورق | Эдинбург | Edinburgh | Edinburg | Эдынбург | Эдынбург | Èdinbereh | Единбург | एडिनबर्ग | এডিনবরা | Dinedin | Edinburgh | Edimburg | Edinburgh (kapital sa apil sa nasod) | ئێدینبەرە | Edimburgu | Edinburg | Edinburg | Эдинбург | Caeredin | Edinburgh | Edinburgh | Edinburgh | Εδιμβούργο | Edinbûrg | Edinburgh | Edinburgo | Edinburgh | Edinburgo | Edimburgu | ادینبرو | Edinburgh | Edinburgh | Edinburgh | Edinburgh | Édimbourg | Edinburgh | Edinburc | Edinboarch | Dùn Èideann | Edimburgo | Endimbugo | એડિનબર્ગ | Doon Edin | Edinburgh | Oi-tên-páu | Ekinipāla | एडिनबरा | Edinburgh | Edinburgh | Edinbo | Edinburgh | Էդինբուրգ | Էտինպրա | Edimburgo | Edinburgh | Edinburgh | Edinburgh | Edinburgh | Edinborg | Edinburgh | ედინბურგი | Edinburg | Idinburg | Edinburgh | Эдинбург | Эдинбург | ಎಡಿನ್ಬರ್ಗ್ | 에든버러 | Эдинбург | ایڈِنبرگ | Edinburgh | Karedin | Эдинбург | Edimburgo | Edinburgh | Edinburgh | Edimburgo | Edimbùrgh | ເອແດມບວກ | Edinburgas | Edinburga | Эдинбург | Edinburgh | Эдинбург | Ētinipara | Единбург | Эдинбург | ꯏꯗꯤꯟꯕꯔꯒ | एडिनबरा | Edinburgh | Edinburgu | အက်ဒင်ဗာရာမြို့ | ادینبورگ | Edinburgh | Edinburgh | Edinburgh | Edinburgh | एदिनबरा | Edinburgh | Edimborg | Эдинбург | ਐਡਿਨਬਰਾ | Edimborgh | ایڈنبرا | ایدینبرګ | Edimburgo | Edinburgh | Edinburgh | Единбург | Edinburgh | Edinburgh | Edimburgu | Edinburgh | ايڊنبرا | Edinburgh | Edėnborgs | Edinburgh | එඩින්බරෝ | Edinburgh | Edinburg | Edinburgh | Edinburgh | Edinburgh | Edinburg | Edinburgh | Edinburgh | எடின்பரோ | ఎడిన్బర్గ్ | Эдинбург | เอดินบะระ | Edinburg | Edinburgh | Edinburq | ma tomo Esin | Edinburgh | Эдинбург | Edinburgh | Эдинбург | Idinburg | Единбург | ایڈنبرا | Ebora | Edinburg | Edinburgh | Edinburgh | Edinburgh | Edinburgh | 爱丁堡 | ედინბურგი | עדינבורג | 愛丁堡 | ⵉⴷⵉⵏⴱⵓⵔⴳ | 爱丁堡 | 爱丁堡 | 愛丁堡 | 愛丁堡 | 愛丁堡 | Edinburgh | Edimburgo | Edinburgh | എഡിൻബറോ | אדינבורו | Edynburg | Edinburgh | Эдинбург | Edinburgh | Dún Éideann | Edimburgum | Эдинбург | Единбург | Эдинбург | Edinburg | Edinburgh | 愛丁堡 | エディンバラ
Q76130,Reiner Goldberg,1939,2023,Crostau | Crostau | Crostau | Crostau | Crostau | Кростау | Crostau | Crostau | Crostau | Кростау | Crostau | Crostau | Crostau | Crostau | Crostau | Crostau | Crostau | Chróstawa | Crostau | Crostau | Crostau | Crostau | Crostau vald | Crostau | کروشتاو | Crostau | Crostau | Crostau | Crostau | Crostau | Crostau | Crostau | Crostau | Crostau | Chróstawa | Crostau | Crostau | Crostau | Crostau | Crostau | Crostau | Crostau | Crostau | Кростау | كروستاۋ | Кростау | Krostaw | Кростау | Crostau | Crostau | Crostau | Crostau | Crostau | Кростау | Crostau | Crostau | Crostau | Crostau | Crostau | Crostau | Crostau | Crostau | Crostau | Crostau | Crostau | Crostau | Crostau | Crostau | Crostau | Crostau | Кростау | Crostau | Crostau | Crostau | Crostau | Crostau | Crostau | Кростау | Кростау | Krostau | Crostau | Crostau | Кростау | Кростау | Crostau | Crostau | Crostau | Crostau | Crostau | Crostau | Crostau | Crostau | Crostau | 克罗斯陶
Q67174,Werner Tübke,1929,2004,Schönebeck | Schönebeck | Schönebeck | Schönebeck | Schönebeck | Шёнебек | Шенебек | Schönebeck | Schönebeck | Schönebeck | Шёнебек | Schönebeck | Schönebeck | Schönebeck | شونهبك | شونهبك | Schönebeck (Elbe) | شونبک | Шёнебек | Шэнебек | Шэнэбэк | Шоьнебек | Schönebeck | Schönebeck | Schönebeck | Schönebeck | Schönebeck | Schönebeck | Schönebeck | شونبک | Schönebeck (Elbe) | Schönebeck | Schönebeck | シェーネベック | 쇠네베크 | Schönebeck | Schönebeck | Шэнэбэк | Schönebeck | Schönebeck | Schönebeck | Schönebeck | Schönebeck | Schönebeck | Schönebeck | Schönebeck | Шенебек | Schönebeck | Schönebeck | Schönebeck | Шёнебек (Эльба) | Шенебек | Schönebeck | Schönebeck | Schönebeck | Schönebeck | 易北河畔舍讷贝克 | 舍納貝克
Q72005,Gustav Casmir,1872,1910,Mikołajki | Mikołajki | Mikołajki | Mikołajki | Mikolaikos | Mikołajki | Mikołajki | Mikołajki | Mikołajki | Mikołajki | Mikołajki | Міколайкі | Mikołajki | Миколайки | Миколайки | 미콜라이키 | Мікалайкі | Mikołajki | Μικοουάικι | Mikołajki | Mikołajki | Mikołajki | Mikołajki | میکووایکی | מיקולאיקי | Mikołajki | ミコワイキ | Mikołajki | Mikolajki | Mikołajki | Mikołajki | Mikołajki | Mikołajki | Mikołajki | Mikołajki | Миколајки | Mikołajki | Миколайки | Mikołajki | 米科瓦伊基 | 米科瓦伊基 | 米科瓦伊基 | 米科瓦伊基
Q75489,Emil Fuchs,1874,1971,Beerfelden | Beerfelden | Beerfelden | Beerfelden | Beerfelden | Beerfelden | Beerfelden | Beerfelden | Beerfelden | Beerfelden | Beerfelden | Beerfelden | Beerfelden | Beerfelden | Beerfelden | Beerfelden | Beerfelden | Beerfelden | Beerfelden | Beerfelden | Beerfelden | Beerfelden | Beerfelden | Beerfelden | Beerfelden | Beerfelden | Beerfelden | Beerfelden | Beerfelden | Beerfelden | Beerfelden | Beerfelden | Beerfelden | Beerfelden | Beerfelden | Beerfelden | Beerfelden | Beerfelden | Beerfelden | Beerfelden | Beerfelden | Beerfelden | Beerfelden | Beerfelden | Beerfelden | Beerfelden | Beerfelden | Beerfelden | Beerfelden | Beerfelden | Beerfelden | Beerfelden | Beerfelden | Beerfelden | Beerfelden | Beerfelden | Beerfelden | Beerfelden | Beerfelden | Beerfelden | Beerfelden | Beerfelden | Beerfelden | Beerfelden | Beerfelden | Beerfelden | Beerfelden | Beerfelden | Beerfelden | Beerfelden | Beerfelden | Beerfelden | Берфельден | بيرفلدن | بيرفلدن | بیرفلدن | Берфельден | بیرفلدن | Beerfelden | ベーアフェルデン | Берфельден | بەرفەلدەن | Берфельден | Berfelʹden | Beerfelden | Берфельден | Beerfelden | Beerfelden | Берфелден | Берфелден | Berfelden | Beerfelden | Берфельден | Берфельден | Beerfelden | Beerfelden | 贝尔费尔登 | 贝尔费尔登 | 貝爾費爾登 | 貝爾費爾登
Q75263,Oswald Kaduk,1906,1997,Chorzów | Chorzów | خوجوف | خورجوف | Chorzów | Xojuv | Хожув | Хожаў | Хожаў | Хожов | কোরজো | Chorzów | Хожув | Chorzów | Chořov | Chorzów | Chorzów | Chorzów | Chorzów | Χόζουφ | Chorzów | Chorzów | Chorzów | Chorzów | Chorzów | Chorzów | خوژوف | Chorzów | Chorzów | Chorzów | Chorzów | Chorzów | ચોર્ઝોવ | Chorzów | חוז'וב | चोरज़ोव | Chorzów | Chorzów | Խոժուվ | Chorzów | Chorzów | Chorzów | ホジュフ | Chorzów | ಚೋರ್ಝೋವ್ | 호주프 | Chorzów | Chožuvas | Hožova | Хожув | चोरझोव | Chorzow | خورجوو | Chorzów | Chorzów | Chorzów | Chorzów | Chorzów | Chorzów | Chorzów | Хожув | Chorzów | Chorzów | Chorzów | Chorzów | Chorzów | Хожув | Chorzów | Chorzów | කොර්සොව් | Chorzów | Chorzów | Хожов | Хожов | Chorzów | Chorzów | Chorzůw | சொற்சொ | హోర్జోవ్ | คอร์ซอว์ | ma tomo Kosu | Chorzów | Хожув | Хожув | چورزو | Chorzów | Chorzów | Chorzów | 霍茹夫 | 荷祖夫 | 霍茹夫 | 霍茹夫 | 霍茹夫 | 霍茹夫 | 霍茹夫 | 霍茹夫 | 霍茹夫
Q74426,Heinrich Triepel,1868,1946,Lipsko | Leipzig | Lipsk | Leipzig | Leipzig | Leypsiq | Лейпцыг | Ляйпцыг | Լայպցիգ | Лајпциг | Лейпциг | Leipzig | ላይፕጽግ | Leipzig | لايبزيغ | لايبتزج | Leipzig | لایپزیق | Лейпциг | Leipzig | Leipzig | Лайпциг | লাইপ্ৎসিশ | Leipzig | Leipzig | Leipzig | Лейпциг | Leipzig | لایپزیگ | Lipsia | Leyptsig | Leyptsig | Лейпциг | Leipzig | Leipzig | Leipzig | Leipzig | Leipzig | Lipsk | Λειψία | Leipzig | Leipzig | Leipzig | Leipzig | Leipzig | Leipzig | Leipzig | لایپزیگ | Leipzig | Leipzig | Lipsia | Leipzig | Leipzig | ലീപ്സിഗ് | Leipzig | Leipzig | Lipcse | Лейпциг | Lipsko | Leipzig | လိုက်ပဆစ်မြို့ | لایپتسیش | Leipzig | Leipzig | Lipsia | Leipzig | Leipzig | Leipzig | लेइपजिग | Leipzig | Leipzig | ߟߋߌߔߑߖ߭ߌߜ߭ | Leipzig | Leipzig | Лейпциг | ਲਾਈਪਸਿਸ਼ | Leipzig | Leipzig | Leipzig | Lipsia | لیپزش | Leipzig | Leipzig | Leipzig | Leipzig | Leipzig | Ліпско | Lipsia | Lipsia | Leipzig | ليپزگ | Leipzig | ලේයිප්සිග් | Leipzig | Lajpcigu | Лајпциг | Лајпциг | Leipzig | Leipzig | Leipzig | Lajpcik | லைப்சிக் | లేఇప్జిగ్ | Лейпзиг | ไลพ์ซิช | Leipzig | Leipzig | Лейпциг | Leipzig | Leipzig | Leipzig | Leipzig | Leipzig | Leipzig | Leipzig | Leipzig | Leipzig | Leipzig | લેઇપઝિગ | Leipzig | Leipzig | Lipekika | לייפציג | लिपजिग | Leipzig | Lipsk | Լայփցիկ | Leipzig | Leipzig | Leipzig | Leipzig | Leipzig | ライプツィヒ | Leipzig | ლაიფციგი | Leipzig | Leipzig | Лейпциг | ಲೈಪ್ಜಿಗ್ | 라이프치히 | 라이프찌히 | Leipzig | Лейпциг | Lipsia | Leipzig | Leipzig | Leipzig | Leipzig | Leipzig | Lipsia | Leipcigas | Leipciga | 萊比錫 | Лэйпциг | Leipzig | Leipzig | Лайпциг | लाइपझिश | Leipzig | Leipzig | Léypzig | لائپزش | Leipzig | Leipzig | Läipcig | Leipzig | Leipzig | Leipzig | Leipzig | Leipzig | Leipzig | 莱比锡 | ლაიფციგი | לייפציג | 萊比錫 | 莱比锡 | 莱比锡 | 莱比锡 | 萊比錫 | 萊比錫 | Leipzig
Q74441,Helmut de Boor,1891,1976,Bonn | Bonn | Bonn | Bonn | Bonn | Bonn | Bonn | Bonn | Bonn | Bonn | Bonn | Bonn | Bonn | Bonn | Bonn | Bonn | Bonn | Bonn | Bonn | Bonn | Bonn | Bonn | Bonn | Bonn | Bonn | Bonn | Bonn | Bonn | Bonn | Bonn | Bonn | Bonn | Bonn | Bonn | Bonn | Bonn | 波恩 | Bonn | ബോൺ | ቦን | Bonceaster | بون (المانيا) | Бонн | བྷོ་ཨིན། | بۆن، ئەڵمانیا | Бонн | Βόννη | Bonn | بؤن | 𐌱𐌰𐌿𐌽𐌽 | બોન | बॉन | Բոնն | ბონი | Бонн | ಬಾನ್ನ್ | Бонн | Bonn | Бонн | Бон | Бонн | बॉन | बोन | Бонн | ਬੌਨ | بون | بون | Bonn | බොන | Бонн | Bonn | Bonn | Bonn | బొన్ | Бонн | บ็อน | Бонн | 波恩 | באן | 波恩 | 波恩 | 波昂 | Bonn | Bonn | বন | Bonn | بون | Bonn | Bonn | Bonn | Bonn | 본 | Boni | Bona | בון | Bonn | Bona | Bonn | ボン | Bonn | Бонн | Бон | Бонн | Бонн | Бон | Бон | Бон | பான் | بون | Bonn | بون | Bonno | Bonn | Bonn | بن | Бонн | Bonna | 波恩 | Bonna | Bonn | Bonn | Bonn | Bonn | Bonn | Bonn | Bonn | Bonn | Bonn | Bonn | Bonn | Bonn | Bonn | Bonn | Bonn | Bonn | Bonn | Bonn | Bonn | Bonn | Bonn | Bonn | Bonn | Bonn | Bonn | Bonn | Bonn | Bonn | Bonn | Bonn | Bonn | Bonn | Bonn | Bonn | Bonn | Bonn | Bonn | Bonn | Bonn | Bonn | Bonn | Bonn | Bonn | Bonn | Bonn | Bonn | Bonn | Bonn | Bonn | Bonn | Bonn | Bonn | Bonn | Bonn | Bonn | Bonn | Bonn | Bonn | Bonn | Bonn | Bonn | Bonn | Bonn
Q74493,Rudolf Marggraff,1805,1880,Sulechów | Сулехув | Сулехаў | Sulechów | Sulechów | Sulechów | Sulechów | Sulechów | Sulechów | Sulechów | Sulechów | Sulexuv | Сулехаў | Сулехов | Sulechów | Сулехув | Sulechów | Sulechów | Sulechów | Sulechów | Čelichow | Σουλέχουφ | Sulechów | Sulechów | Sulechów | שולצ'וב | Sulechów | Čelichow | Sulechów | Sulechów | スレフフ | Sulechów | 술레후프 | Sulechuvas | Sulehova | Sulechów | Sulechów | Sulechów | Sulechów | Sulechów | Sulechów | Сулехов | Sulechów | Sulechůw | Sulechów | Сулехув | Сулехув | Sulechów | Sulechów | 苏莱胡夫 | 苏莱胡夫 | 苏莱胡夫 | 蘇萊胡夫 | 蘇萊胡夫 | 苏莱胡夫 | 蘇萊胡夫
Q85370,Carl von Noorden,1858,1944,Bonn | Bonn | Bonn | Bonn | Bonn | Bonn | Bonn | Bonn | Bonn | Bonn | Bonn | Bonn | Bonn | Bonn | Bonn | Bonn | Bonn | Bonn | Bonn | Bonn | Bonn | Bonn | Bonn | Bonn | Bonn | Bonn | Bonn | Bonn | Bonn | Bonn | Bonn | Bonn | Bonn | Bonn | Bonn | Bonn | 波恩 | Bonn | ബോൺ | ቦን | Bonceaster | بون (المانيا) | Бонн | བྷོ་ཨིན། | بۆن، ئەڵمانیا | Бонн | Βόννη | Bonn | بؤن | 𐌱𐌰𐌿𐌽𐌽 | બોન | बॉन | Բոնն | ბონი | Бонн | ಬಾನ್ನ್ | Бонн | Bonn | Бонн | Бон | Бонн | बॉन | बोन | Бонн | ਬੌਨ | بون | بون | Bonn | බොන | Бонн | Bonn | Bonn | Bonn | బొన్ | Бонн | บ็อน | Бонн | 波恩 | באן | 波恩 | 波恩 | 波昂 | Bonn | Bonn | বন | Bonn | بون | Bonn | Bonn | Bonn | Bonn | 본 | Boni | Bona | בון | Bonn | Bona | Bonn | ボン | Bonn | Бонн | Бон | Бонн | Бонн | Бон | Бон | Бон | பான் | بون | Bonn | بون | Bonno | Bonn | Bonn | بن | Бонн | Bonna | 波恩 | Bonna | Bonn | Bonn | Bonn | Bonn | Bonn | Bonn | Bonn | Bonn | Bonn | Bonn | Bonn | Bonn | Bonn | Bonn | Bonn | Bonn | Bonn | Bonn | Bonn | Bonn | Bonn | Bonn | Bonn | Bonn | Bonn | Bonn | Bonn | Bonn | Bonn | Bonn | Bonn | Bonn | Bonn | Bonn | Bonn | Bonn | Bonn | Bonn | Bonn | Bonn | Bonn | Bonn | Bonn | Bonn | Bonn | Bonn | Bonn | Bonn | Bonn | Bonn | Bonn | Bonn | Bonn | Bonn | Bonn | Bonn | Bonn | Bonn | Bonn | Bonn | Bonn | Bonn | Bonn
Q85345,Georg Feuerstein,1947,2012,Würzburg | Würzburg | Вюрцбург | Würzburg | Würzburg | Würzburg | Wurzburgo | Würzburg | Würzburg | Վյուրցբուրգ | Würzburg | Вюрцбург | Würzburg | Вирцбург | Würzburg | Würzburg | Würzburg | Вюрцбург | Würzburg | Вюрцбург | Würzburg | Würzburg | Würzburg | Würzburg | Würzburg | Würzburg | Würzburg | Würzburg | Würzburg | Würzburg | Würzburg | Würzburg | Würzburg | Würzburg | Würzburg | Würzburg | Würzburg | Würzburg | Würzburg | Würzburg | Würzburg | Würzburg | Würzburg | Würzburg | Würzburg | Würzburg | Würzburg | Würzburg | Würzburg | Würzburg | Würzburg | Würzburg | Würzburg | Würzburg | Würzburg | Würzburg | Würzburg | Würzburg | Würzburg | Würzburg | Würzburg | Würzburg | Würzburg | Würzburg | Würzburg | Würzburg | Würzburg | Würzburg | Würzburg | Wurtzbourg | Würzburg (kapital sa distrito nga gobyerno) | וירצבורג | فورتسبورغ | فورتسبورج | Wurzburgu | Vürtsburq | وورتسبورق | Wiazburg | Вюрцбург | Вюрцбург | উর্জবুর্গ | Вуьрцбург | ورزبورگ | Вюрцбург | Βύρτσμπουργκ | Vircburgo | وورتسبورگ | Würzbörj | વુર્ઝબર્ગ | वुर्जबर्ग | ヴュルツブルク | ვიურცბურგი | ವುರ್ಜ್ ಬರ್ಗ್ | 뷔르츠부르크 | Wûrzburg | Вюрцбург | Herbipolis | Würzburg | Viurcburgas | Vircburga | व्युर्झबुर्ग | Wurzburg | Wurzburg | Würzborg | Вюрцбург | ورزبرگ | Wurtzburgo | Wurtzburgo | Вӯрцбурґ | වර්ස්බර්ග් | Вирцбург | வர்ஸ்பர்க் | ఉర్జ్బర్గ్ | เวือทซ์บวร์ค | Вүрцбург | وزبرگ | 维尔茨堡 | 烏茲堡 | 维尔茨堡 | 维尔茨堡 | 维尔茨堡 | 符茲堡 | 維爾茨堡 | 維爾茨堡 | 维尔茨堡 | 维尔茨堡 | 符茲堡
Q79165,Joseph Škoda,1805,1881,Plzeň | Plzeň | Pilsen | Pilsen | Plzeň | Pilzno | Пльзень | Plzeň | Plzeň | Plzeň | プルゼニ | Пльзень | Пльзень | Pilzenas | 皮爾森 | 皮爾森 | Pilsen | Pilsen | Pilsen | Pilsen | Pilzen | Pilsen | 比尔森 | Pilsen | Plzeň | بلزن | بلزن | Plzen | Пльзень | Пилзен | পজেন | Plzeň | Plzeň | Пльзень | Pilsen | Plzeň | Plzeň | Plzeň | Plzeň | Πίλζεν | Plzeň | Plzeň | پلزن | Plzeň | Plzeň (Steed) | Pilsen | Plzeň | Plzeň | Plzeň | 𐍀𐌻𐌶𐌰𐌹𐌽𐌾𐍃𐌺𐌴𐌹 | પ્લિસેન | פלזן | प्लज़ेन | Plzeň | Pilzeń | Plzeň | Պլզեն | Plzeň | Plzeň | Plzeň | Plzeň | Plzeň | Pilzno | პლზენი | Пльзень | ಪಿಲ್ಸೆನ್ | 플젠 | Plzeň | Plzeň | Пльзень | Pilsna | Plzeň | Plzeň | Plzeņa | Плзэнь | П’лзењ | पेलजाईन | Plzeň | Plzeň | Plzeň | Plzeň | Plzeň | Plzeň | Пльзень | Plzeň | Plzeň | Plzeň | پلزین | پلزېن | Plzeň | Plzeň | Plzeň | Плзень | Pãlzenj | Plzeň | Plzeň | ප්ල්සෙන් | Plzeň | Плзењ | Плзењ | Plzeň | Plzeň | Plzeň | பலஜன் | ప్లెజెన్ | Плзен | เปิลแซ็ญ | Plzeň | Плзен | Пльзень | پلزین | Plzeň | Plzeň | Pl'zen' | Plzeň | Plzeň | 比尔森 | პლზენი | פילזען | 皮爾森 | 比尔森 | 比尔森
Q85393,Friedrich Wilhelm Riemer,1774,1845,Kłodzko | Glocium | Kladsko | Клодзка | Kłodzko | Kłodzko | کووزکو | Kłodzko | Kłodzko | Kłodzko | Kłodzko | Клодзко | كلودزكو | كلودزكو | Kłodzko | Клодзка | Клодзко | Kłodzko | Клодзко | Kłodzko | Kłodzko | Κουότσκο | Kłodzko | Kłodzko | Kłodzko | Kłodzko | Kłodzko | Kłodzko | קלודצקו | Kłodzko | Kłodzko | Kłodzko | クウォツコ | Kłodzko | 크워츠코 | Klodzkas | Klodzko | Клоѕко | Kłodzko | Kłodzko | Kłodzko | Kłodzko | Kłodzko | Kłodzko | Kłodzko | Glootz | Клодско | Kłodzko | Kłodzko | Kłodzko | Клодзко | Клодзко | Kłodzko | Kłodzko | 克沃茲科 | 克沃兹科 | 克沃茲
Q85398,Wilhelm von Christ,1831,1906,Geisenheim | Geisenheim | Geisenheim | Geisenheim | Geisenheim | Geisenheim | Geisenheim | Geisenheim | Geisenheim | Geisenheim | Geisenheim | Geisenheim | Geisenheim | Geisenheim | Geisenheim | Geisenheim | Geisenheim | Geisenheim | Geisenheim | Geisenheim | Geisenheim | Geisenheim | Geisenheim | Geisenheim | Geisenheim | Geisenheim | Geisenheim | Geisenheim | Geisenheim | Geisenheim | Geisenheim | Geisenheim | Geisenheim | Geisenheim | Geisenheim | Geisenheim | Geisenheim | Geisenheim | Geisenheim | Geisenheim | Geisenheim | Geisenheim | Geisenheim | Geisenheim | Geisenheim | Geisenheim | Geisenheim | Geisenheim | Geisenheim | Geisenheim | Geisenheim | Geisenheim | Geisenheim | Geisenheim | Geisenheim | Geisenheim | Geisenheim | Geisenheim | Geisenheim | Geisenheim | Geisenheim | Geisenheim | Geisenheim | Geisenheim | Geisenheim | Geisenheim | Geisenheim | Geisenheim | Geisenheim | Geisenheim | Geisenheim | Geisenheim | قایزنهایم | Гайзенгайм | Гайзенхайм | گایزنهایم | Geisenheim | Geisenheim | ガイゼンハイム | 가이젠하임 | Geisenheim | Geisenheim | Гайзенхайм | Geisenheim | Гајзенхајм | Гајзенхајм | Gajzenhajm | Geisenheim | Гайзенхайм | Geisenheim | Гайзенгайм | Geisenheim | Geisenheim | 盖森海姆 | 盖森海姆 | 蓋森海姆 | 蓋森海姆
Q81447,Aldous Huxley,1894,1963,Godalming | Godalming | Godalming | Godalming | Godalming | قودالمینق | Годалмінг | Годалмінг | Годалминг | গোডালমিং | Godalming | Godalming | Godalming | Godalming | Γκοντάλμινγκ | Godalming | Godalming | Godalming | گودالمینگ | ગોડલમિંગ | גודאלמינג | Գոդալմինգ | Godalming | Godalming | ゴダルマイング | გოდელმინგი | Годалминг | گودالمىينگ | Годалминг | Godalmïng | ಗೋಡಾಲ್ಮಿಂಗ್ | 고덜밍 | Годалминг | Godalming | Godalming | Godlmingas | Godalminga | Godalming | Godalming | Godalming | Godalming | Godalming | Godalming | Godalming | Годалминг | Godalming | Godalming | Godalming | Godalming | கோட்அல்மிங் | గోడల్మింగ్ | Godalming | Годалмінг | جودالمینج | Godalming | 戈德尔明 | 戈德尔明 | 戈德尔明 | 戈德爾明
